date,item_id,store_id,current_price,recommended_price,price_change_pct,current_predicted_units,recommended_predicted_units,current_predicted_revenue,recommended_predicted_revenue,predicted_revenue_gain,predicted_revenue_gain_pct,recommended_price_support_weeks,recommendation,dept_id,state_id,price_direction,absolute_price_change_pct,large_price_change_flag,high_revenue_gain_flag,low_support_flag,recommendation_reliability
2016-05-21,FOODS_1_012,CA_1,5.64,5.64,0.0,20.302457809448242,20.302457809448242,114.50586204528808,114.50586204528808,0.0,0.0,25,HOLD,FOODS_1,CA,HOLD,0.0,False,False,False,HIGH
2016-05-21,FOODS_1_012,CA_2,5.64,5.56,-1.4184397163120581,51.34199142456055,52.43699645996094,289.5688316345215,291.5497003173828,1.9808686828613418,0.6840752409988274,26,CHANGE,FOODS_1,CA,DECREASE,1.4184397163120581,False,False,False,HIGH
2016-05-21,FOODS_1_012,CA_3,5.64,5.56,-1.4184397163120581,1.1984459161758423,11.254175186157227,6.75923496723175,62.57321403503418,55.81397906780243,825.7440278135662,26,CHANGE,FOODS_1,CA,DECREASE,1.4184397163120581,False,True,False,HIGH
2016-05-21,FOODS_1_012,CA_4,5.64,5.64,0.0,35.687713623046875,35.687713623046875,201.27870483398436,201.27870483398436,0.0,0.0,26,HOLD,FOODS_1,CA,HOLD,0.0,False,False,False,HIGH
2016-05-21,FOODS_1_012,TX_1,6.27,6.27,0.0,49.05143737792969,49.05143737792969,307.55251235961913,307.55251235961913,0.0,0.0,26,HOLD,FOODS_1,TX,HOLD,0.0,False,False,False,HIGH
2016-05-21,FOODS_1_012,TX_2,6.27,6.27,0.0,60.339908599853516,60.339908599853516,378.3312269210815,378.3312269210815,0.0,0.0,25,HOLD,FOODS_1,TX,HOLD,0.0,False,False,False,HIGH
2016-05-21,FOODS_1_012,TX_3,6.27,6.27,0.0,48.80193328857422,48.80193328857422,305.9881217193603,305.9881217193603,0.0,0.0,24,HOLD,FOODS_1,TX,HOLD,0.0,False,False,False,HIGH
2016-05-21,FOODS_1_012,WI_1,7.27,7.27,0.0,28.81414222717285,28.81414222717285,209.47881399154662,209.47881399154662,0.0,0.0,26,HOLD,FOODS_1,WI,HOLD,0.0,False,False,False,HIGH
2016-05-21,FOODS_1_012,WI_2,7.27,7.27,0.0,11.960244178771973,11.960244178771973,86.95097517967224,86.95097517967224,0.0,0.0,25,HOLD,FOODS_1,WI,HOLD,0.0,False,False,False,HIGH
2016-05-21,FOODS_1_012,WI_3,7.27,7.27,0.0,13.072759628295898,13.072759628295898,95.03896249771118,95.03896249771118,0.0,0.0,25,HOLD,FOODS_1,WI,HOLD,0.0,False,False,False,HIGH
2016-05-21,FOODS_1_019,CA_1,0.98,0.98,0.0,54.386356353759766,54.386356353759766,53.29862922668457,53.29862922668457,0.0,0.0,34,HOLD,FOODS_1,CA,HOLD,0.0,False,False,False,HIGH
2016-05-21,FOODS_1_019,CA_2,0.98,0.98,0.0,66.74150848388672,66.74150848388672,65.40667831420899,65.40667831420899,0.0,0.0,34,HOLD,FOODS_1,CA,HOLD,0.0,False,False,False,HIGH
2016-05-21,FOODS_1_019,CA_3,0.98,0.98,0.0,40.279754638671875,40.279754638671875,39.47415954589844,39.47415954589844,0.0,0.0,53,HOLD,FOODS_1,CA,HOLD,0.0,False,False,False,HIGH
2016-05-21,FOODS_1_019,CA_4,0.98,0.98,0.0,37.73937225341797,37.73937225341797,36.98458480834961,36.98458480834961,0.0,0.0,34,HOLD,FOODS_1,CA,HOLD,0.0,False,False,False,HIGH
2016-05-21,FOODS_1_019,TX_1,0.98,1.08,10.204081632653072,19.600128173828125,18.45459747314453,19.208125610351562,19.930965270996094,0.7228396606445315,3.763197280712189,19,CHANGE,FOODS_1,TX,INCREASE,10.204081632653072,False,False,False,MEDIUM
2016-05-21,FOODS_1_019,TX_2,0.98,0.98,0.0,39.57332229614258,39.57332229614258,38.78185585021973,38.78185585021973,0.0,0.0,34,HOLD,FOODS_1,TX,HOLD,0.0,False,False,False,HIGH
2016-05-21,FOODS_1_019,TX_3,0.98,0.98,0.0,27.64298439025879,27.64298439025879,27.09012470245361,27.09012470245361,0.0,0.0,34,HOLD,FOODS_1,TX,HOLD,0.0,False,False,False,HIGH
2016-05-21,FOODS_1_019,WI_1,0.88,0.88,0.0,35.363956451416016,35.363956451416016,31.120281677246094,31.120281677246094,0.0,0.0,53,HOLD,FOODS_1,WI,HOLD,0.0,False,False,False,HIGH
2016-05-21,FOODS_1_019,WI_2,0.88,0.88,0.0,46.62290954589844,46.62290954589844,41.028160400390625,41.028160400390625,0.0,0.0,53,HOLD,FOODS_1,WI,HOLD,0.0,False,False,False,HIGH
2016-05-21,FOODS_1_019,WI_3,0.88,0.88,0.0,31.28122901916504,31.28122901916504,27.527481536865235,27.527481536865235,0.0,0.0,53,HOLD,FOODS_1,WI,HOLD,0.0,False,False,False,HIGH
2016-05-21,FOODS_1_023,CA_1,5.64,5.64,0.0,15.8245210647583,15.8245210647583,89.25029880523681,89.25029880523681,0.0,0.0,25,HOLD,FOODS_1,CA,HOLD,0.0,False,False,False,HIGH
2016-05-21,FOODS_1_023,CA_2,5.64,5.64,0.0,15.64173698425293,15.64173698425293,88.21939659118652,88.21939659118652,0.0,0.0,26,HOLD,FOODS_1,CA,HOLD,0.0,False,False,False,HIGH
2016-05-21,FOODS_1_023,CA_3,5.64,5.64,0.0,36.78508758544922,36.78508758544922,207.46789398193357,207.46789398193357,0.0,0.0,26,HOLD,FOODS_1,CA,HOLD,0.0,False,False,False,HIGH
2016-05-21,FOODS_1_023,CA_4,5.64,5.64,0.0,26.603893280029297,26.603893280029297,150.04595809936524,150.04595809936524,0.0,0.0,25,HOLD,FOODS_1,CA,HOLD,0.0,False,False,False,HIGH
2016-05-21,FOODS_1_023,TX_1,6.27,6.27,0.0,14.423901557922363,14.423901557922363,90.43786276817322,90.43786276817322,0.0,0.0,26,HOLD,FOODS_1,TX,HOLD,0.0,False,False,False,HIGH
2016-05-21,FOODS_1_023,TX_2,6.27,6.27,0.0,20.958477020263672,20.958477020263672,131.40965091705323,131.40965091705323,0.0,0.0,26,HOLD,FOODS_1,TX,HOLD,0.0,False,False,False,HIGH
2016-05-21,FOODS_1_023,TX_3,6.27,6.27,0.0,21.456470489501953,21.456470489501953,134.53206996917723,134.53206996917723,0.0,0.0,24,HOLD,FOODS_1,TX,HOLD,0.0,False,False,False,HIGH
2016-05-21,FOODS_1_023,WI_1,7.27,7.27,0.0,8.226371765136719,8.226371765136719,59.80572273254394,59.80572273254394,0.0,0.0,26,HOLD,FOODS_1,WI,HOLD,0.0,False,False,False,HIGH
2016-05-21,FOODS_1_023,WI_2,7.27,7.27,0.0,7.392300128936768,7.392300128936768,53.742021937370296,53.742021937370296,0.0,0.0,26,HOLD,FOODS_1,WI,HOLD,0.0,False,False,False,HIGH
2016-05-21,FOODS_1_023,WI_3,7.27,7.19,-1.1004126547455184,5.57737398147583,5.690507411956787,40.54750884532928,40.9147482919693,0.3672394466400206,0.9057016253227193,19,CHANGE,FOODS_1,WI,DECREASE,1.1004126547455184,False,False,False,HIGH
2016-05-21,FOODS_1_037,CA_1,3.48,3.48,0.0,9.549715995788574,9.549715995788574,33.233011665344236,33.233011665344236,0.0,0.0,53,HOLD,FOODS_1,CA,HOLD,0.0,False,False,False,HIGH
2016-05-21,FOODS_1_037,CA_2,3.48,3.48,0.0,11.27871322631836,11.27871322631836,39.24992202758789,39.24992202758789,0.0,0.0,53,HOLD,FOODS_1,CA,HOLD,0.0,False,False,False,HIGH
2016-05-21,FOODS_1_037,CA_3,3.48,3.48,0.0,15.575607299804688,15.575607299804688,54.20311340332031,54.20311340332031,0.0,0.0,46,HOLD,FOODS_1,CA,HOLD,0.0,False,False,False,HIGH
2016-05-21,FOODS_1_037,CA_4,3.48,3.48,0.0,4.21266508102417,4.21266508102417,14.660074481964111,14.660074481964111,0.0,0.0,53,HOLD,FOODS_1,CA,HOLD,0.0,False,False,False,HIGH
2016-05-21,FOODS_1_037,TX_1,3.48,3.48,0.0,3.8415474891662598,3.8415474891662598,13.368585262298584,13.368585262298584,0.0,0.0,53,HOLD,FOODS_1,TX,HOLD,0.0,False,False,False,HIGH
2016-05-21,FOODS_1_037,TX_2,3.48,3.48,0.0,4.037656307220459,4.037656307220459,14.051043949127196,14.051043949127196,0.0,0.0,52,HOLD,FOODS_1,TX,HOLD,0.0,False,False,False,HIGH
2016-05-21,FOODS_1_037,TX_3,3.48,3.48,0.0,5.162917137145996,5.162917137145996,17.966951637268068,17.966951637268068,0.0,0.0,53,HOLD,FOODS_1,TX,HOLD,0.0,False,False,False,HIGH
2016-05-21,FOODS_1_037,WI_1,3.48,3.48,0.0,12.419724464416504,12.419724464416504,43.220641136169434,43.220641136169434,0.0,0.0,53,HOLD,FOODS_1,WI,HOLD,0.0,False,False,False,HIGH
2016-05-21,FOODS_1_037,WI_2,3.48,3.48,0.0,6.338424205780029,6.338424205780029,22.0577162361145,22.0577162361145,0.0,0.0,53,HOLD,FOODS_1,WI,HOLD,0.0,False,False,False,HIGH
2016-05-21,FOODS_1_037,WI_3,3.48,3.48,0.0,6.136786460876465,6.136786460876465,21.3560168838501,21.3560168838501,0.0,0.0,53,HOLD,FOODS_1,WI,HOLD,0.0,False,False,False,HIGH
2016-05-21,FOODS_1_055,CA_1,4.38,4.38,0.0,20.549869537353516,20.549869537353516,90.0084285736084,90.0084285736084,0.0,0.0,50,HOLD,FOODS_1,CA,HOLD,0.0,False,False,False,HIGH
2016-05-21,FOODS_1_055,CA_2,4.38,4.38,0.0,34.15054702758789,34.15054702758789,149.57939598083496,149.57939598083496,0.0,0.0,50,HOLD,FOODS_1,CA,HOLD,0.0,False,False,False,HIGH
2016-05-21,FOODS_1_055,CA_3,4.38,4.38,0.0,51.92110824584961,51.92110824584961,227.41445411682128,227.41445411682128,0.0,0.0,39,HOLD,FOODS_1,CA,HOLD,0.0,False,False,False,HIGH
2016-05-21,FOODS_1_055,CA_4,4.38,4.38,0.0,7.958398818969727,7.958398818969727,34.8577868270874,34.8577868270874,0.0,0.0,50,HOLD,FOODS_1,CA,HOLD,0.0,False,False,False,HIGH
2016-05-21,FOODS_1_055,TX_1,4.38,4.38,0.0,14.302389144897461,14.302389144897461,62.64446445465088,62.64446445465088,0.0,0.0,50,HOLD,FOODS_1,TX,HOLD,0.0,False,False,False,HIGH
2016-05-21,FOODS_1_055,TX_2,4.38,4.38,0.0,11.550397872924805,11.550397872924805,50.590742683410646,50.590742683410646,0.0,0.0,50,HOLD,FOODS_1,TX,HOLD,0.0,False,False,False,HIGH
2016-05-21,FOODS_1_055,TX_3,4.38,4.38,0.0,22.026426315307617,22.026426315307617,96.47574726104736,96.47574726104736,0.0,0.0,49,HOLD,FOODS_1,TX,HOLD,0.0,False,False,False,HIGH
2016-05-21,FOODS_1_055,WI_1,3.78,3.78,0.0,12.109541893005371,12.109541893005371,45.7740683555603,45.7740683555603,0.0,0.0,53,HOLD,FOODS_1,WI,HOLD,0.0,False,False,False,HIGH
2016-05-21,FOODS_1_055,WI_2,3.78,3.78,0.0,7.282532215118408,7.282532215118408,27.52797177314758,27.52797177314758,0.0,0.0,53,HOLD,FOODS_1,WI,HOLD,0.0,False,False,False,HIGH
2016-05-21,FOODS_1_055,WI_3,3.78,3.78,0.0,25.04264259338379,25.04264259338379,94.66118900299072,94.66118900299072,0.0,0.0,53,HOLD,FOODS_1,WI,HOLD,0.0,False,False,False,HIGH
2016-05-21,FOODS_1_061,CA_1,2.24,2.24,0.0,11.330604553222656,11.330604553222656,25.380554199218754,25.380554199218754,0.0,0.0,53,HOLD,FOODS_1,CA,HOLD,0.0,False,False,False,HIGH
2016-05-21,FOODS_1_061,CA_2,2.24,2.24,0.0,17.04643440246582,17.04643440246582,38.184013061523444,38.184013061523444,0.0,0.0,53,HOLD,FOODS_1,CA,HOLD,0.0,False,False,False,HIGH
2016-05-21,FOODS_1_061,CA_3,2.24,2.24,0.0,22.974653244018555,22.974653244018555,51.46322326660157,51.46322326660157,0.0,0.0,53,HOLD,FOODS_1,CA,HOLD,0.0,False,False,False,HIGH
2016-05-21,FOODS_1_061,CA_4,2.24,2.24,0.0,8.150678634643555,8.150678634643555,18.257520141601564,18.257520141601564,0.0,0.0,53,HOLD,FOODS_1,CA,HOLD,0.0,False,False,False,HIGH
2016-05-21,FOODS_1_061,TX_1,2.24,2.24,0.0,13.809126853942871,13.809126853942871,30.932444152832034,30.932444152832034,0.0,0.0,53,HOLD,FOODS_1,TX,HOLD,0.0,False,False,False,HIGH
2016-05-21,FOODS_1_061,TX_2,2.24,2.24,0.0,15.893343925476074,15.893343925476074,35.60109039306641,35.60109039306641,0.0,0.0,53,HOLD,FOODS_1,TX,HOLD,0.0,False,False,False,HIGH
2016-05-21,FOODS_1_061,TX_3,2.24,2.24,0.0,8.370610237121582,8.370610237121582,18.750166931152346,18.750166931152346,0.0,0.0,53,HOLD,FOODS_1,TX,HOLD,0.0,False,False,False,HIGH
2016-05-21,FOODS_1_061,WI_1,2.24,2.24,0.0,8.688590049743652,8.688590049743652,19.462441711425782,19.462441711425782,0.0,0.0,53,HOLD,FOODS_1,WI,HOLD,0.0,False,False,False,HIGH
2016-05-21,FOODS_1_061,WI_2,2.24,2.24,0.0,16.405105590820312,16.405105590820312,36.7474365234375,36.7474365234375,0.0,0.0,53,HOLD,FOODS_1,WI,HOLD,0.0,False,False,False,HIGH
2016-05-21,FOODS_1_061,WI_3,2.24,2.24,0.0,8.187232971191406,8.187232971191406,18.33940185546875,18.33940185546875,0.0,0.0,53,HOLD,FOODS_1,WI,HOLD,0.0,False,False,False,HIGH
2016-05-21,FOODS_1_074,CA_1,2.24,2.24,0.0,12.31491756439209,12.31491756439209,27.585415344238285,27.585415344238285,0.0,0.0,53,HOLD,FOODS_1,CA,HOLD,0.0,False,False,False,HIGH
2016-05-21,FOODS_1_074,CA_2,2.24,2.24,0.0,10.25216007232666,10.25216007232666,22.96483856201172,22.96483856201172,0.0,0.0,53,HOLD,FOODS_1,CA,HOLD,0.0,False,False,False,HIGH
2016-05-21,FOODS_1_074,CA_3,2.24,2.24,0.0,13.459355354309082,13.459355354309082,30.148955993652347,30.148955993652347,0.0,0.0,48,HOLD,FOODS_1,CA,HOLD,0.0,False,False,False,HIGH
2016-05-21,FOODS_1_074,CA_4,2.24,2.24,0.0,8.180841445922852,8.180841445922852,18.325084838867188,18.325084838867188,0.0,0.0,53,HOLD,FOODS_1,CA,HOLD,0.0,False,False,False,HIGH
2016-05-21,FOODS_1_074,TX_1,2.24,2.24,0.0,4.613178253173828,4.613178253173828,10.333519287109375,10.333519287109375,0.0,0.0,53,HOLD,FOODS_1,TX,HOLD,0.0,False,False,False,HIGH
2016-05-21,FOODS_1_074,TX_2,2.24,2.24,0.0,4.240757942199707,4.240757942199707,9.499297790527345,9.499297790527345,0.0,0.0,53,HOLD,FOODS_1,TX,HOLD,0.0,False,False,False,HIGH
2016-05-21,FOODS_1_074,TX_3,2.24,2.24,0.0,2.6182522773742676,2.6182522773742676,5.86488510131836,5.86488510131836,0.0,0.0,52,HOLD,FOODS_1,TX,HOLD,0.0,False,False,False,HIGH
2016-05-21,FOODS_1_074,WI_1,2.24,2.24,0.0,9.242364883422852,9.242364883422852,20.70289733886719,20.70289733886719,0.0,0.0,53,HOLD,FOODS_1,WI,HOLD,0.0,False,False,False,HIGH
2016-05-21,FOODS_1_074,WI_2,2.24,2.24,0.0,6.817404270172119,6.817404270172119,15.270985565185548,15.270985565185548,0.0,0.0,53,HOLD,FOODS_1,WI,HOLD,0.0,False,False,False,HIGH
2016-05-21,FOODS_1_074,WI_3,2.24,2.24,0.0,6.854112148284912,6.854112148284912,15.353211212158204,15.353211212158204,0.0,0.0,53,HOLD,FOODS_1,WI,HOLD,0.0,False,False,False,HIGH
2016-05-21,FOODS_1_076,CA_1,5.14,5.47,6.4202334630350215,7.470081806182861,7.321681022644043,38.396220483779906,40.04959519386291,1.653374710083007,4.306087133710096,5,CHANGE,FOODS_1,CA,INCREASE,6.4202334630350215,False,False,True,REVIEW
2016-05-21,FOODS_1_076,CA_2,5.14,5.14,0.0,11.087821006774902,11.087821006774902,56.991399974823,56.991399974823,0.0,0.0,25,HOLD,FOODS_1,CA,HOLD,0.0,False,False,False,HIGH
2016-05-21,FOODS_1_076,CA_3,5.14,5.14,0.0,11.651904106140137,11.651904106140137,59.8907871055603,59.8907871055603,0.0,0.0,26,HOLD,FOODS_1,CA,HOLD,0.0,False,False,False,HIGH
2016-05-21,FOODS_1_076,CA_4,5.14,5.14,0.0,9.851814270019531,9.851814270019531,50.638325347900384,50.638325347900384,0.0,0.0,25,HOLD,FOODS_1,CA,HOLD,0.0,False,False,False,HIGH
2016-05-21,FOODS_1_076,TX_1,6.17,6.17,0.0,8.883889198303223,8.883889198303223,54.81359635353088,54.81359635353088,0.0,0.0,19,HOLD,FOODS_1,TX,HOLD,0.0,False,False,False,HIGH
2016-05-21,FOODS_1_076,TX_2,6.17,6.17,0.0,9.391060829162598,9.391060829162598,57.942845315933226,57.942845315933226,0.0,0.0,18,HOLD,FOODS_1,TX,HOLD,0.0,False,False,False,HIGH
2016-05-21,FOODS_1_076,TX_3,6.17,6.27,1.6207455429497513,8.341922760009766,8.221805572509766,51.46966342926025,51.55072093963623,0.08105751037597742,0.1574859926709694,6,CHANGE,FOODS_1,TX,INCREASE,1.6207455429497513,False,False,True,REVIEW
2016-05-21,FOODS_1_076,WI_1,6.72,8.81,31.10119047619049,4.962727069854736,4.2273736000061035,33.349525909423825,37.24316141605377,3.8936355066299484,11.675234955977874,5,CHANGE,FOODS_1,WI,INCREASE,31.10119047619049,True,False,True,REVIEW
2016-05-21,FOODS_1_076,WI_2,6.72,8.72,29.761904761904777,1.588940143585205,4.142077922821045,10.677677764892577,36.118919486999516,25.441241722106938,238.26568175484636,10,CHANGE,FOODS_1,WI,INCREASE,29.761904761904777,True,True,False,REVIEW
2016-05-21,FOODS_1_076,WI_3,6.72,6.64,-1.1904761904761916,3.0905561447143555,4.846462726593018,20.768537292480467,32.180512504577635,11.411975212097168,54.94838202317228,15,CHANGE,FOODS_1,WI,DECREASE,1.1904761904761916,False,True,False,HIGH
2016-05-21,FOODS_1_081,CA_1,5.64,5.64,0.0,9.059370994567871,9.059370994567871,51.09485240936279,51.09485240936279,0.0,0.0,25,HOLD,FOODS_1,CA,HOLD,0.0,False,False,False,HIGH
2016-05-21,FOODS_1_081,CA_2,5.64,5.64,0.0,23.09744644165039,23.09744644165039,130.2695979309082,130.2695979309082,0.0,0.0,25,HOLD,FOODS_1,CA,HOLD,0.0,False,False,False,HIGH
2016-05-21,FOODS_1_081,CA_3,5.64,5.64,0.0,5.484309196472168,5.484309196472168,30.931503868103025,30.931503868103025,0.0,0.0,25,HOLD,FOODS_1,CA,HOLD,0.0,False,False,False,HIGH
2016-05-21,FOODS_1_081,CA_4,5.64,5.56,-1.4184397163120581,7.543876647949219,7.669677734375,42.54746429443359,42.643408203125,0.09594390869141023,0.22549853506537262,27,CHANGE,FOODS_1,CA,DECREASE,1.4184397163120581,False,False,False,HIGH
2016-05-21,FOODS_1_081,TX_1,6.27,6.19,-1.2759170653907366,2.892803430557251,3.713463068008423,18.137877509593963,22.986336390972138,4.848458881378175,26.731125947970487,31,CHANGE,FOODS_1,TX,DECREASE,1.2759170653907366,False,True,False,HIGH
2016-05-21,FOODS_1_081,TX_2,6.27,6.27,0.0,6.595438003540039,6.595438003540039,41.353396282196044,41.353396282196044,0.0,0.0,25,HOLD,FOODS_1,TX,HOLD,0.0,False,False,False,HIGH
2016-05-21,FOODS_1_081,TX_3,6.27,6.27,0.0,6.429726600646973,6.429726600646973,40.31438578605652,40.31438578605652,0.0,0.0,24,HOLD,FOODS_1,TX,HOLD,0.0,False,False,False,HIGH
2016-05-21,FOODS_1_081,WI_1,7.27,7.19,-1.1004126547455184,5.240139484405518,5.366756916046143,38.09581405162811,38.58698222637177,0.49116817474365604,1.2892969660079094,19,CHANGE,FOODS_1,WI,DECREASE,1.1004126547455184,False,False,False,HIGH
2016-05-21,FOODS_1_081,WI_2,7.27,7.19,-1.1004126547455184,3.1811890602111816,3.546865940093994,23.127244467735288,25.50196610927582,2.374721641540532,10.268069959019524,20,CHANGE,FOODS_1,WI,DECREASE,1.1004126547455184,False,False,False,HIGH
2016-05-21,FOODS_1_081,WI_3,7.27,7.19,-1.1004126547455184,4.064816474914551,4.398527145385742,29.551215772628783,31.625410175323488,2.0741944026947046,7.018981617046989,14,CHANGE,FOODS_1,WI,DECREASE,1.1004126547455184,False,False,False,HIGH
2016-05-21,FOODS_1_087,CA_1,5.64,5.64,0.0,19.78284454345703,19.78284454345703,111.57524322509765,111.57524322509765,0.0,0.0,25,HOLD,FOODS_1,CA,HOLD,0.0,False,False,False,HIGH
2016-05-21,FOODS_1_087,CA_2,5.64,5.64,0.0,37.127254486083984,37.127254486083984,209.39771530151367,209.39771530151367,0.0,0.0,26,HOLD,FOODS_1,CA,HOLD,0.0,False,False,False,HIGH
2016-05-21,FOODS_1_087,CA_3,5.64,5.64,0.0,32.29948043823242,32.29948043823242,182.16906967163084,182.16906967163084,0.0,0.0,26,HOLD,FOODS_1,CA,HOLD,0.0,False,False,False,HIGH
2016-05-21,FOODS_1_087,CA_4,5.64,5.64,0.0,21.1418399810791,21.1418399810791,119.23997749328612,119.23997749328612,0.0,0.0,26,HOLD,FOODS_1,CA,HOLD,0.0,False,False,False,HIGH
2016-05-21,FOODS_1_087,TX_1,6.27,6.27,0.0,13.98555850982666,13.98555850982666,87.68945185661315,87.68945185661315,0.0,0.0,26,HOLD,FOODS_1,TX,HOLD,0.0,False,False,False,HIGH
2016-05-21,FOODS_1_087,TX_2,6.27,6.27,0.0,21.351285934448242,21.351285934448242,133.87256280899047,133.87256280899047,0.0,0.0,26,HOLD,FOODS_1,TX,HOLD,0.0,False,False,False,HIGH
2016-05-21,FOODS_1_087,TX_3,6.27,6.27,0.0,21.04126739501953,21.04126739501953,131.92874656677245,131.92874656677245,0.0,0.0,24,HOLD,FOODS_1,TX,HOLD,0.0,False,False,False,HIGH
2016-05-21,FOODS_1_087,WI_1,7.27,7.27,0.0,16.28428840637207,16.28428840637207,118.38677671432494,118.38677671432494,0.0,0.0,26,HOLD,FOODS_1,WI,HOLD,0.0,False,False,False,HIGH
2016-05-21,FOODS_1_087,WI_2,7.27,7.19,-1.1004126547455184,4.332183837890625,4.630097389221191,31.49497650146484,33.29040022850037,1.7954237270355264,5.700666983993529,21,CHANGE,FOODS_1,WI,DECREASE,1.1004126547455184,False,False,False,HIGH
2016-05-21,FOODS_1_087,WI_3,7.27,7.27,0.0,6.9142374992370605,6.9142374992370605,50.26650661945343,50.26650661945343,0.0,0.0,26,HOLD,FOODS_1,WI,HOLD,0.0,False,False,False,HIGH
2016-05-21,FOODS_1_096,CA_1,5.74,5.66,-1.3937282229965169,4.576321601867676,5.060848236083984,26.26808599472046,28.644401016235353,2.376315021514891,9.046395774676919,28,CHANGE,FOODS_1,CA,DECREASE,1.3937282229965169,False,False,False,HIGH
2016-05-21,FOODS_1_096,CA_2,5.74,5.74,0.0,15.10401439666748,15.10401439666748,86.69704263687134,86.69704263687134,0.0,0.0,26,HOLD,FOODS_1,CA,HOLD,0.0,False,False,False,HIGH
2016-05-21,FOODS_1_096,CA_3,5.74,5.74,0.0,19.266040802001953,19.266040802001953,110.58707420349121,110.58707420349121,0.0,0.0,25,HOLD,FOODS_1,CA,HOLD,0.0,False,False,False,HIGH
2016-05-21,FOODS_1_096,CA_4,5.74,5.66,-1.3937282229965169,4.520265579223633,4.640505790710449,25.946324424743654,26.265262775421142,0.3189383506774881,1.2292236289673972,27,CHANGE,FOODS_1,CA,DECREASE,1.3937282229965169,False,False,False,HIGH
2016-05-21,FOODS_1_096,TX_1,6.38,6.38,0.0,40.869598388671875,40.869598388671875,260.74803771972654,260.74803771972654,0.0,0.0,14,HOLD,FOODS_1,TX,HOLD,0.0,False,False,False,HIGH
2016-05-21,FOODS_1_096,TX_2,6.38,6.38,0.0,34.08979797363281,34.08979797363281,217.49291107177734,217.49291107177734,0.0,0.0,16,HOLD,FOODS_1,TX,HOLD,0.0,False,False,False,HIGH
2016-05-21,FOODS_1_096,TX_3,6.38,6.38,0.0,183.44808959960938,183.44808959960938,1170.3988116455077,1170.3988116455077,0.0,0.0,16,HOLD,FOODS_1,TX,HOLD,0.0,False,False,False,HIGH
2016-05-21,FOODS_1_096,WI_1,7.23,7.23,0.0,103.80867004394531,103.80867004394531,750.5366844177247,750.5366844177247,0.0,0.0,16,HOLD,FOODS_1,WI,HOLD,0.0,False,False,False,HIGH
2016-05-21,FOODS_1_096,WI_2,7.23,7.23,0.0,273.673583984375,273.673583984375,1978.6600122070313,1978.6600122070313,0.0,0.0,16,HOLD,FOODS_1,WI,HOLD,0.0,False,False,False,HIGH
2016-05-21,FOODS_1_096,WI_3,7.23,7.23,0.0,158.9976806640625,158.9976806640625,1149.553231201172,1149.553231201172,0.0,0.0,16,HOLD,FOODS_1,WI,HOLD,0.0,False,False,False,HIGH
2016-05-21,FOODS_1_129,CA_1,5.74,5.66,-1.3937282229965169,4.649754524230957,4.943943500518799,26.689590969085696,27.982720212936403,1.2931292438507072,4.845069545458852,28,CHANGE,FOODS_1,CA,DECREASE,1.3937282229965169,False,False,False,HIGH
2016-05-21,FOODS_1_129,CA_2,5.74,5.66,-1.3937282229965169,9.053498268127441,9.31954288482666,51.96708005905152,52.7486127281189,0.7815326690673814,1.503899522888925,28,CHANGE,FOODS_1,CA,DECREASE,1.3937282229965169,False,False,False,HIGH
2016-05-21,FOODS_1_129,CA_3,5.74,5.74,0.0,15.371341705322266,15.371341705322266,88.2315013885498,88.2315013885498,0.0,0.0,26,HOLD,FOODS_1,CA,HOLD,0.0,False,False,False,HIGH
2016-05-21,FOODS_1_129,CA_4,5.74,5.74,0.0,7.5560994148254395,7.5560994148254395,43.37201064109802,43.37201064109802,0.0,0.0,25,HOLD,FOODS_1,CA,HOLD,0.0,False,False,False,HIGH
2016-05-21,FOODS_1_129,TX_1,6.38,6.38,0.0,46.51581954956055,46.51581954956055,296.7709287261963,296.7709287261963,0.0,0.0,16,HOLD,FOODS_1,TX,HOLD,0.0,False,False,False,HIGH
2016-05-21,FOODS_1_129,TX_2,6.38,6.38,0.0,30.678104400634766,30.678104400634766,195.7263060760498,195.7263060760498,0.0,0.0,16,HOLD,FOODS_1,TX,HOLD,0.0,False,False,False,HIGH
2016-05-21,FOODS_1_129,TX_3,6.38,6.38,0.0,75.33308410644531,75.33308410644531,480.6250765991211,480.6250765991211,0.0,0.0,16,HOLD,FOODS_1,TX,HOLD,0.0,False,False,False,HIGH
2016-05-21,FOODS_1_129,WI_1,7.23,7.23,0.0,13.958891868591309,13.958891868591309,100.92278820991517,100.92278820991517,0.0,0.0,16,HOLD,FOODS_1,WI,HOLD,0.0,False,False,False,HIGH
2016-05-21,FOODS_1_129,WI_2,7.23,7.23,0.0,29.417448043823242,29.417448043823242,212.68814935684205,212.68814935684205,0.0,0.0,16,HOLD,FOODS_1,WI,HOLD,0.0,False,False,False,HIGH
2016-05-21,FOODS_1_129,WI_3,7.23,7.23,0.0,14.780233383178711,14.780233383178711,106.86108736038209,106.86108736038209,0.0,0.0,16,HOLD,FOODS_1,WI,HOLD,0.0,False,False,False,HIGH
2016-05-21,FOODS_1_150,CA_1,5.28,5.28,0.0,6.848783493041992,6.848783493041992,36.16157684326172,36.16157684326172,0.0,0.0,53,HOLD,FOODS_1,CA,HOLD,0.0,False,False,False,HIGH
2016-05-21,FOODS_1_150,CA_2,5.28,5.28,0.0,28.151044845581055,28.151044845581055,148.63751678466798,148.63751678466798,0.0,0.0,53,HOLD,FOODS_1,CA,HOLD,0.0,False,False,False,HIGH
2016-05-21,FOODS_1_150,CA_3,5.28,5.28,0.0,21.598255157470703,21.598255157470703,114.03878723144531,114.03878723144531,0.0,0.0,36,HOLD,FOODS_1,CA,HOLD,0.0,False,False,False,HIGH
2016-05-21,FOODS_1_150,CA_4,5.28,5.28,0.0,4.142888069152832,4.142888069152832,21.874449005126955,21.874449005126955,0.0,0.0,53,HOLD,FOODS_1,CA,HOLD,0.0,False,False,False,HIGH
2016-05-21,FOODS_1_150,TX_1,5.28,5.28,0.0,9.918230056762695,9.918230056762695,52.36825469970703,52.36825469970703,0.0,0.0,53,HOLD,FOODS_1,TX,HOLD,0.0,False,False,False,HIGH
2016-05-21,FOODS_1_150,TX_2,5.28,5.28,0.0,10.160967826843262,10.160967826843262,53.649910125732426,53.649910125732426,0.0,0.0,53,HOLD,FOODS_1,TX,HOLD,0.0,False,False,False,HIGH
2016-05-21,FOODS_1_150,TX_3,5.28,5.28,0.0,5.682382106781006,5.682382106781006,30.00297752380371,30.00297752380371,0.0,0.0,53,HOLD,FOODS_1,TX,HOLD,0.0,False,False,False,HIGH
2016-05-21,FOODS_1_150,WI_1,5.28,5.28,0.0,4.010446548461914,4.010446548461914,21.17515777587891,21.17515777587891,0.0,0.0,53,HOLD,FOODS_1,WI,HOLD,0.0,False,False,False,HIGH
2016-05-21,FOODS_1_150,WI_2,5.28,5.28,0.0,3.20843505859375,3.20843505859375,16.940537109375,16.940537109375,0.0,0.0,53,HOLD,FOODS_1,WI,HOLD,0.0,False,False,False,HIGH
2016-05-21,FOODS_1_150,WI_3,5.28,5.28,0.0,3.6828129291534424,3.6828129291534424,19.445252265930176,19.445252265930176,0.0,0.0,53,HOLD,FOODS_1,WI,HOLD,0.0,False,False,False,HIGH
2016-05-21,FOODS_1_166,CA_1,2.24,2.24,0.0,15.791742324829102,15.791742324829102,35.37350280761719,35.37350280761719,0.0,0.0,53,HOLD,FOODS_1,CA,HOLD,0.0,False,False,False,HIGH
2016-05-21,FOODS_1_166,CA_2,2.24,2.24,0.0,12.655442237854004,12.655442237854004,28.348190612792973,28.348190612792973,0.0,0.0,53,HOLD,FOODS_1,CA,HOLD,0.0,False,False,False,HIGH
2016-05-21,FOODS_1_166,CA_3,2.24,2.24,0.0,19.29142189025879,19.29142189025879,43.21278503417969,43.21278503417969,0.0,0.0,41,HOLD,FOODS_1,CA,HOLD,0.0,False,False,False,HIGH
2016-05-21,FOODS_1_166,CA_4,2.24,2.24,0.0,7.387100696563721,7.387100696563721,16.547105560302736,16.547105560302736,0.0,0.0,53,HOLD,FOODS_1,CA,HOLD,0.0,False,False,False,HIGH
2016-05-21,FOODS_1_166,TX_1,2.24,2.24,0.0,9.829410552978516,9.829410552978516,22.01787963867188,22.01787963867188,0.0,0.0,53,HOLD,FOODS_1,TX,HOLD,0.0,False,False,False,HIGH
2016-05-21,FOODS_1_166,TX_2,2.24,2.24,0.0,9.743386268615723,9.743386268615723,21.82518524169922,21.82518524169922,0.0,0.0,53,HOLD,FOODS_1,TX,HOLD,0.0,False,False,False,HIGH
2016-05-21,FOODS_1_166,TX_3,2.24,2.24,0.0,4.425663948059082,4.425663948059082,9.913487243652344,9.913487243652344,0.0,0.0,53,HOLD,FOODS_1,TX,HOLD,0.0,False,False,False,HIGH
2016-05-21,FOODS_1_166,WI_1,2.24,2.24,0.0,16.847749710083008,16.847749710083008,37.738959350585944,37.738959350585944,0.0,0.0,53,HOLD,FOODS_1,WI,HOLD,0.0,False,False,False,HIGH
2016-05-21,FOODS_1_166,WI_2,2.24,2.24,0.0,16.066402435302734,16.066402435302734,35.98874145507813,35.98874145507813,0.0,0.0,53,HOLD,FOODS_1,WI,HOLD,0.0,False,False,False,HIGH
2016-05-21,FOODS_1_166,WI_3,2.24,2.24,0.0,10.796455383300781,10.796455383300781,24.18406005859375,24.18406005859375,0.0,0.0,53,HOLD,FOODS_1,WI,HOLD,0.0,False,False,False,HIGH
2016-05-21,FOODS_1_170,CA_1,5.64,5.64,0.0,19.137502670288086,19.137502670288086,107.9355150604248,107.9355150604248,0.0,0.0,26,HOLD,FOODS_1,CA,HOLD,0.0,False,False,False,HIGH
2016-05-21,FOODS_1_170,CA_2,5.64,5.56,-1.4184397163120581,44.02252197265625,45.580955505371094,248.28702392578123,253.43011260986327,5.143088684082045,2.0714287048764315,27,CHANGE,FOODS_1,CA,DECREASE,1.4184397163120581,False,False,False,HIGH
2016-05-21,FOODS_1_170,CA_3,5.64,5.64,0.0,76.80329895019531,76.80329895019531,433.17060607910156,433.17060607910156,0.0,0.0,26,HOLD,FOODS_1,CA,HOLD,0.0,False,False,False,HIGH
2016-05-21,FOODS_1_170,CA_4,5.64,5.64,0.0,47.80727005004883,47.80727005004883,269.63300308227537,269.63300308227537,0.0,0.0,26,HOLD,FOODS_1,CA,HOLD,0.0,False,False,False,HIGH
2016-05-21,FOODS_1_170,TX_1,6.27,6.27,0.0,22.8397216796875,22.8397216796875,143.2050549316406,143.2050549316406,0.0,0.0,26,HOLD,FOODS_1,TX,HOLD,0.0,False,False,False,HIGH
2016-05-21,FOODS_1_170,TX_2,6.27,6.27,0.0,22.604549407958984,22.604549407958984,141.73052478790282,141.73052478790282,0.0,0.0,26,HOLD,FOODS_1,TX,HOLD,0.0,False,False,False,HIGH
2016-05-21,FOODS_1_170,TX_3,6.27,6.27,0.0,33.743431091308594,33.743431091308594,211.57131294250487,211.57131294250487,0.0,0.0,24,HOLD,FOODS_1,TX,HOLD,0.0,False,False,False,HIGH
2016-05-21,FOODS_1_170,WI_1,7.27,7.27,0.0,14.685572624206543,14.685572624206543,106.76411297798155,106.76411297798155,0.0,0.0,26,HOLD,FOODS_1,WI,HOLD,0.0,False,False,False,HIGH
2016-05-21,FOODS_1_170,WI_2,7.27,7.27,0.0,9.426287651062012,9.426287651062012,68.52911122322082,68.52911122322082,0.0,0.0,25,HOLD,FOODS_1,WI,HOLD,0.0,False,False,False,HIGH
2016-05-21,FOODS_1_170,WI_3,7.27,7.27,0.0,10.053385734558105,10.053385734558105,73.08811429023743,73.08811429023743,0.0,0.0,25,HOLD,FOODS_1,WI,HOLD,0.0,False,False,False,HIGH
2016-05-21,FOODS_1_187,CA_1,9.98,9.94,-0.40080160320642205,7.907138347625732,8.030771255493164,78.91324070930482,79.82586627960205,0.9126255702972372,1.1564923225737296,44,CHANGE,FOODS_1,CA,DECREASE,0.40080160320642205,False,False,False,HIGH
2016-05-21,FOODS_1_187,CA_2,9.98,9.98,0.0,15.948854446411133,15.948854446411133,159.1695673751831,159.1695673751831,0.0,0.0,10,HOLD,FOODS_1,CA,HOLD,0.0,False,False,False,MEDIUM
2016-05-21,FOODS_1_187,CA_3,9.98,9.98,0.0,11.126815795898438,11.126815795898438,111.04562164306641,111.04562164306641,0.0,0.0,2,HOLD,FOODS_1,CA,HOLD,0.0,False,False,True,REVIEW
2016-05-21,FOODS_1_187,CA_4,9.98,9.94,-0.40080160320642205,3.569157838821411,4.255012512207031,35.620195231437684,42.29482437133789,6.674629139900205,18.738328345851706,43,CHANGE,FOODS_1,CA,DECREASE,0.40080160320642205,False,False,False,HIGH
2016-05-21,FOODS_1_187,TX_1,9.98,9.94,-0.40080160320642205,8.248866081237793,8.352060317993164,82.32368349075318,83.01947956085205,0.695796070098865,0.845195502187434,44,CHANGE,FOODS_1,TX,DECREASE,0.40080160320642205,False,False,False,HIGH
2016-05-21,FOODS_1_187,TX_2,9.98,9.94,-0.40080160320642205,8.248403549194336,8.539911270141602,82.31906742095947,84.88671802520751,2.567650604248044,3.119144427520917,44,CHANGE,FOODS_1,TX,DECREASE,0.40080160320642205,False,False,False,HIGH
2016-05-21,FOODS_1_187,TX_3,9.98,9.98,0.0,7.056063652038574,7.056063652038574,70.41951524734498,70.41951524734498,0.0,0.0,11,HOLD,FOODS_1,TX,HOLD,0.0,False,False,False,MEDIUM
2016-05-21,FOODS_1_187,WI_1,9.98,9.98,0.0,6.334228515625,6.334228515625,63.2156005859375,63.2156005859375,0.0,0.0,10,HOLD,FOODS_1,WI,HOLD,0.0,False,False,False,MEDIUM
2016-05-21,FOODS_1_187,WI_2,9.98,9.98,0.0,7.993430137634277,7.993430137634277,79.77443277359009,79.77443277359009,0.0,0.0,11,HOLD,FOODS_1,WI,HOLD,0.0,False,False,False,MEDIUM
2016-05-21,FOODS_1_187,WI_3,9.98,9.98,0.0,5.056963920593262,5.056963920593262,50.46849992752075,50.46849992752075,0.0,0.0,10,HOLD,FOODS_1,WI,HOLD,0.0,False,False,False,MEDIUM
2016-05-21,FOODS_1_192,CA_1,2.24,2.24,0.0,12.711567878723145,12.711567878723145,28.473912048339848,28.473912048339848,0.0,0.0,53,HOLD,FOODS_1,CA,HOLD,0.0,False,False,False,HIGH
2016-05-21,FOODS_1_192,CA_2,2.24,2.24,0.0,16.03310775756836,16.03310775756836,35.91416137695313,35.91416137695313,0.0,0.0,50,HOLD,FOODS_1,CA,HOLD,0.0,False,False,False,HIGH
2016-05-21,FOODS_1_192,CA_3,2.24,2.24,0.0,8.966930389404297,8.966930389404297,20.085924072265627,20.085924072265627,0.0,0.0,39,HOLD,FOODS_1,CA,HOLD,0.0,False,False,False,HIGH
2016-05-21,FOODS_1_192,CA_4,2.24,2.24,0.0,6.149356842041016,6.149356842041016,13.774559326171877,13.774559326171877,0.0,0.0,53,HOLD,FOODS_1,CA,HOLD,0.0,False,False,False,HIGH
2016-05-21,FOODS_1_192,TX_1,2.24,2.24,0.0,1.477431297302246,1.477431297302246,3.3094461059570315,3.3094461059570315,0.0,0.0,53,HOLD,FOODS_1,TX,HOLD,0.0,False,False,False,HIGH
2016-05-21,FOODS_1_192,TX_2,2.24,2.24,0.0,5.04558801651001,5.04558801651001,11.302117156982423,11.302117156982423,0.0,0.0,53,HOLD,FOODS_1,TX,HOLD,0.0,False,False,False,HIGH
2016-05-21,FOODS_1_192,TX_3,2.24,2.24,0.0,5.074488639831543,5.074488639831543,11.366854553222657,11.366854553222657,0.0,0.0,53,HOLD,FOODS_1,TX,HOLD,0.0,False,False,False,HIGH
2016-05-21,FOODS_1_192,WI_1,2.24,2.24,0.0,7.286173343658447,7.286173343658447,16.321028289794924,16.321028289794924,0.0,0.0,53,HOLD,FOODS_1,WI,HOLD,0.0,False,False,False,HIGH
2016-05-21,FOODS_1_192,WI_2,2.24,2.24,0.0,8.956986427307129,8.956986427307129,20.06364959716797,20.06364959716797,0.0,0.0,53,HOLD,FOODS_1,WI,HOLD,0.0,False,False,False,HIGH
2016-05-21,FOODS_1_192,WI_3,2.24,2.24,0.0,6.232302188873291,6.232302188873291,13.960356903076173,13.960356903076173,0.0,0.0,53,HOLD,FOODS_1,WI,HOLD,0.0,False,False,False,HIGH
2016-05-21,FOODS_1_201,CA_1,2.24,2.24,0.0,15.119766235351562,15.119766235351562,33.868276367187505,33.868276367187505,0.0,0.0,53,HOLD,FOODS_1,CA,HOLD,0.0,False,False,False,HIGH
2016-05-21,FOODS_1_201,CA_2,2.24,2.24,0.0,13.244036674499512,13.244036674499512,29.66664215087891,29.66664215087891,0.0,0.0,53,HOLD,FOODS_1,CA,HOLD,0.0,False,False,False,HIGH
2016-05-21,FOODS_1_201,CA_3,2.24,2.24,0.0,17.503173828125,17.503173828125,39.207109375,39.207109375,0.0,0.0,46,HOLD,FOODS_1,CA,HOLD,0.0,False,False,False,HIGH
2016-05-21,FOODS_1_201,CA_4,2.24,2.24,0.0,8.677857398986816,8.677857398986816,19.43840057373047,19.43840057373047,0.0,0.0,53,HOLD,FOODS_1,CA,HOLD,0.0,False,False,False,HIGH
2016-05-21,FOODS_1_201,TX_1,2.24,2.24,0.0,10.280006408691406,10.280006408691406,23.027214355468754,23.027214355468754,0.0,0.0,53,HOLD,FOODS_1,TX,HOLD,0.0,False,False,False,HIGH
2016-05-21,FOODS_1_201,TX_2,2.24,2.24,0.0,8.286062240600586,8.286062240600586,18.560779418945316,18.560779418945316,0.0,0.0,53,HOLD,FOODS_1,TX,HOLD,0.0,False,False,False,HIGH
2016-05-21,FOODS_1_201,TX_3,2.24,2.24,0.0,5.613771915435791,5.613771915435791,12.574849090576173,12.574849090576173,0.0,0.0,52,HOLD,FOODS_1,TX,HOLD,0.0,False,False,False,HIGH
2016-05-21,FOODS_1_201,WI_1,2.24,2.24,0.0,11.36542797088623,11.36542797088623,25.458558654785158,25.458558654785158,0.0,0.0,53,HOLD,FOODS_1,WI,HOLD,0.0,False,False,False,HIGH
2016-05-21,FOODS_1_201,WI_2,2.24,2.24,0.0,10.3524751663208,10.3524751663208,23.189544372558597,23.189544372558597,0.0,0.0,53,HOLD,FOODS_1,WI,HOLD,0.0,False,False,False,HIGH
2016-05-21,FOODS_1_201,WI_3,2.24,2.24,0.0,11.459009170532227,11.459009170532227,25.66818054199219,25.66818054199219,0.0,0.0,53,HOLD,FOODS_1,WI,HOLD,0.0,False,False,False,HIGH
2016-05-21,FOODS_1_206,CA_1,2.23,2.23,0.0,17.573144912719727,17.573144912719727,39.18811315536499,39.18811315536499,0.0,0.0,20,HOLD,FOODS_1,CA,HOLD,0.0,False,False,False,HIGH
2016-05-21,FOODS_1_206,CA_2,2.23,2.23,0.0,8.86380672454834,8.86380672454834,19.766288995742798,19.766288995742798,0.0,0.0,20,HOLD,FOODS_1,CA,HOLD,0.0,False,False,False,HIGH
2016-05-21,FOODS_1_206,CA_3,2.23,2.23,0.0,10.01492691040039,10.01492691040039,22.333287010192873,22.333287010192873,0.0,0.0,20,HOLD,FOODS_1,CA,HOLD,0.0,False,False,False,HIGH
2016-05-21,FOODS_1_206,CA_4,2.23,1.98,-11.210762331838566,5.57810115814209,6.408585071563721,12.43916558265686,12.688998441696167,0.24983285903930685,2.0084374420389817,43,CHANGE,FOODS_1,CA,DECREASE,11.210762331838566,False,False,False,MEDIUM
2016-05-21,FOODS_1_206,TX_1,2.23,2.23,0.0,6.15961217880249,6.15961217880249,13.735935158729554,13.735935158729554,0.0,0.0,20,HOLD,FOODS_1,TX,HOLD,0.0,False,False,False,HIGH
2016-05-21,FOODS_1_206,TX_2,2.23,2.23,0.0,7.089746952056885,7.089746952056885,15.810135703086853,15.810135703086853,0.0,0.0,21,HOLD,FOODS_1,TX,HOLD,0.0,False,False,False,HIGH
2016-05-21,FOODS_1_206,TX_3,2.23,2.23,0.0,8.716440200805664,8.716440200805664,19.43766164779663,19.43766164779663,0.0,0.0,21,HOLD,FOODS_1,TX,HOLD,0.0,False,False,False,HIGH
2016-05-21,FOODS_1_206,WI_1,2.23,1.98,-11.210762331838566,5.507553577423096,6.338045597076416,12.281844477653504,12.549330282211304,0.2674858045578006,2.1778960403258973,33,CHANGE,FOODS_1,WI,DECREASE,11.210762331838566,False,False,False,MEDIUM
2016-05-21,FOODS_1_206,WI_2,2.23,2.23,0.0,9.314007759094238,9.314007759094238,20.770237302780153,20.770237302780153,0.0,0.0,21,HOLD,FOODS_1,WI,HOLD,0.0,False,False,False,HIGH
2016-05-21,FOODS_1_206,WI_3,2.23,2.23,0.0,5.993312835693359,5.993312835693359,13.36508762359619,13.36508762359619,0.0,0.0,20,HOLD,FOODS_1,WI,HOLD,0.0,False,False,False,HIGH
2016-05-21,FOODS_1_219,CA_1,2.24,2.24,0.0,20.81086540222168,20.81086540222168,46.61633850097657,46.61633850097657,0.0,0.0,53,HOLD,FOODS_1,CA,HOLD,0.0,False,False,False,HIGH
2016-05-21,FOODS_1_219,CA_2,2.24,2.24,0.0,18.331485748291016,18.331485748291016,41.06252807617188,41.06252807617188,0.0,0.0,53,HOLD,FOODS_1,CA,HOLD,0.0,False,False,False,HIGH
2016-05-21,FOODS_1_219,CA_3,2.24,2.24,0.0,26.378320693969727,26.378320693969727,59.08743835449219,59.08743835449219,0.0,0.0,45,HOLD,FOODS_1,CA,HOLD,0.0,False,False,False,HIGH
2016-05-21,FOODS_1_219,CA_4,2.24,2.24,0.0,11.596986770629883,11.596986770629883,25.97725036621094,25.97725036621094,0.0,0.0,53,HOLD,FOODS_1,CA,HOLD,0.0,False,False,False,HIGH
2016-05-21,FOODS_1_219,TX_1,2.24,2.24,0.0,10.400452613830566,10.400452613830566,23.29701385498047,23.29701385498047,0.0,0.0,53,HOLD,FOODS_1,TX,HOLD,0.0,False,False,False,HIGH
2016-05-21,FOODS_1_219,TX_2,2.24,2.24,0.0,8.00859546661377,8.00859546661377,17.939253845214846,17.939253845214846,0.0,0.0,53,HOLD,FOODS_1,TX,HOLD,0.0,False,False,False,HIGH
2016-05-21,FOODS_1_219,TX_3,2.24,2.24,0.0,7.278913974761963,7.278913974761963,16.3047673034668,16.3047673034668,0.0,0.0,53,HOLD,FOODS_1,TX,HOLD,0.0,False,False,False,HIGH
2016-05-21,FOODS_1_219,WI_1,2.24,2.24,0.0,20.94708251953125,20.94708251953125,46.92146484375,46.92146484375,0.0,0.0,53,HOLD,FOODS_1,WI,HOLD,0.0,False,False,False,HIGH
2016-05-21,FOODS_1_219,WI_2,2.24,2.24,0.0,16.124359130859375,16.124359130859375,36.118564453125,36.118564453125,0.0,0.0,53,HOLD,FOODS_1,WI,HOLD,0.0,False,False,False,HIGH
2016-05-21,FOODS_1_219,WI_3,2.24,2.24,0.0,6.697450637817383,6.697450637817383,15.002289428710938,15.002289428710938,0.0,0.0,53,HOLD,FOODS_1,WI,HOLD,0.0,False,False,False,HIGH
2016-05-21,FOODS_2_019,CA_1,3.42,3.34,-2.3391812865497097,86.96366119384766,91.94347381591797,297.415721282959,307.091202545166,9.675481262207029,3.25318420306432,5,CHANGE,FOODS_2,CA,DECREASE,2.3391812865497097,False,False,True,REVIEW
2016-05-21,FOODS_2_019,CA_2,3.42,3.42,0.0,20.85223388671875,20.85223388671875,71.31463989257813,71.31463989257813,0.0,0.0,29,HOLD,FOODS_2,CA,HOLD,0.0,False,False,False,HIGH
2016-05-21,FOODS_2_019,CA_3,3.42,3.42,0.0,47.53633117675781,47.53633117675781,162.57425262451173,162.57425262451173,0.0,0.0,47,HOLD,FOODS_2,CA,HOLD,0.0,False,False,False,HIGH
2016-05-21,FOODS_2_019,CA_4,3.42,3.34,-2.3391812865497097,20.988834381103516,21.50391387939453,71.78181358337402,71.82307235717774,0.041258773803718896,0.0574780320307694,6,CHANGE,FOODS_2,CA,DECREASE,2.3391812865497097,False,False,True,REVIEW
2016-05-21,FOODS_2_019,TX_1,2.98,2.98,0.0,11.560434341430664,11.560434341430664,34.450094337463376,34.450094337463376,0.0,0.0,30,HOLD,FOODS_2,TX,HOLD,0.0,False,False,False,HIGH
2016-05-21,FOODS_2_019,TX_2,2.98,2.88,-3.35570469798658,10.928128242492676,11.6868257522583,32.56582216262817,33.658058166503906,1.0922360038757333,3.3539334533649807,24,CHANGE,FOODS_2,TX,DECREASE,3.35570469798658,False,False,False,HIGH
2016-05-21,FOODS_2_019,TX_3,2.98,2.98,0.0,17.67265510559082,17.67265510559082,52.66451221466065,52.66451221466065,0.0,0.0,29,HOLD,FOODS_2,TX,HOLD,0.0,False,False,False,HIGH
2016-05-21,FOODS_2_019,WI_1,3.42,3.42,0.0,9.275017738342285,9.275017738342285,31.720560665130616,31.720560665130616,0.0,0.0,47,HOLD,FOODS_2,WI,HOLD,0.0,False,False,False,HIGH
2016-05-21,FOODS_2_019,WI_2,3.42,3.34,-2.3391812865497097,7.979815483093262,8.438150405883789,27.290968952178954,28.183422355651853,0.8924534034728993,3.2701418738071015,7,CHANGE,FOODS_2,WI,DECREASE,2.3391812865497097,False,False,True,REVIEW
2016-05-21,FOODS_2_019,WI_3,3.42,3.42,0.0,11.123261451721191,11.123261451721191,38.04155416488647,38.04155416488647,0.0,0.0,46,HOLD,FOODS_2,WI,HOLD,0.0,False,False,False,HIGH
2016-05-21,FOODS_2_021,CA_1,0.94,0.94,0.0,34.44987869262695,34.44987869262695,32.382885971069335,32.382885971069335,0.0,0.0,51,HOLD,FOODS_2,CA,HOLD,0.0,False,False,False,HIGH
2016-05-21,FOODS_2_021,CA_3,0.94,0.94,0.0,31.74172592163086,31.74172592163086,29.837222366333005,29.837222366333005,0.0,0.0,34,HOLD,FOODS_2,CA,HOLD,0.0,False,False,False,HIGH
2016-05-21,FOODS_2_021,CA_4,0.94,0.94,0.0,8.309036254882812,8.309036254882812,7.810494079589843,7.810494079589843,0.0,0.0,52,HOLD,FOODS_2,CA,HOLD,0.0,False,False,False,HIGH
2016-05-21,FOODS_2_021,TX_1,0.94,0.94,0.0,11.531455993652344,11.531455993652344,10.839568634033203,10.839568634033203,0.0,0.0,51,HOLD,FOODS_2,TX,HOLD,0.0,False,False,False,HIGH
2016-05-21,FOODS_2_021,TX_2,0.94,0.94,0.0,2.2851788997650146,2.2851788997650146,2.148068165779114,2.148068165779114,0.0,0.0,52,HOLD,FOODS_2,TX,HOLD,0.0,False,False,False,HIGH
2016-05-21,FOODS_2_021,TX_3,0.94,0.94,0.0,40.32071304321289,40.32071304321289,37.901470260620115,37.901470260620115,0.0,0.0,52,HOLD,FOODS_2,TX,HOLD,0.0,False,False,False,HIGH
2016-05-21,FOODS_2_021,WI_1,0.94,0.94,0.0,34.91817855834961,34.91817855834961,32.82308784484863,32.82308784484863,0.0,0.0,51,HOLD,FOODS_2,WI,HOLD,0.0,False,False,False,HIGH
2016-05-21,FOODS_2_021,WI_2,0.94,0.94,0.0,80.86771392822266,80.86771392822266,76.0156510925293,76.0156510925293,0.0,0.0,51,HOLD,FOODS_2,WI,HOLD,0.0,False,False,False,HIGH
2016-05-21,FOODS_2_021,WI_3,0.94,0.94,0.0,29.888856887817383,29.888856887817383,28.09552547454834,28.09552547454834,0.0,0.0,51,HOLD,FOODS_2,WI,HOLD,0.0,False,False,False,HIGH
2016-05-21,FOODS_2_034,CA_1,2.5,2.5,0.0,7.128986358642578,7.128986358642578,17.822465896606445,17.822465896606445,0.0,0.0,53,HOLD,FOODS_2,CA,HOLD,0.0,False,False,False,HIGH
2016-05-21,FOODS_2_034,CA_2,2.5,2.5,0.0,9.32986068725586,9.32986068725586,23.32465171813965,23.32465171813965,0.0,0.0,53,HOLD,FOODS_2,CA,HOLD,0.0,False,False,False,HIGH
2016-05-21,FOODS_2_034,CA_3,2.5,2.5,0.0,16.897430419921875,16.897430419921875,42.24357604980469,42.24357604980469,0.0,0.0,53,HOLD,FOODS_2,CA,HOLD,0.0,False,False,False,HIGH
2016-05-21,FOODS_2_034,CA_4,2.5,2.5,0.0,12.367429733276367,12.367429733276367,30.918574333190918,30.918574333190918,0.0,0.0,53,HOLD,FOODS_2,CA,HOLD,0.0,False,False,False,HIGH
2016-05-21,FOODS_2_034,TX_1,2.5,2.5,0.0,11.082474708557129,11.082474708557129,27.706186771392822,27.706186771392822,0.0,0.0,53,HOLD,FOODS_2,TX,HOLD,0.0,False,False,False,HIGH
2016-05-21,FOODS_2_034,TX_2,2.5,2.5,0.0,12.116585731506348,12.116585731506348,30.29146432876587,30.29146432876587,0.0,0.0,53,HOLD,FOODS_2,TX,HOLD,0.0,False,False,False,HIGH
2016-05-21,FOODS_2_034,TX_3,2.5,2.5,0.0,8.922493934631348,8.922493934631348,22.30623483657837,22.30623483657837,0.0,0.0,52,HOLD,FOODS_2,TX,HOLD,0.0,False,False,False,HIGH
2016-05-21,FOODS_2_034,WI_1,2.5,2.5,0.0,17.937992095947266,17.937992095947266,44.844980239868164,44.844980239868164,0.0,0.0,53,HOLD,FOODS_2,WI,HOLD,0.0,False,False,False,HIGH
2016-05-21,FOODS_2_034,WI_2,2.5,2.5,0.0,17.32505989074707,17.32505989074707,43.312649726867676,43.312649726867676,0.0,0.0,53,HOLD,FOODS_2,WI,HOLD,0.0,False,False,False,HIGH
2016-05-21,FOODS_2_034,WI_3,2.5,2.5,0.0,6.832830905914307,6.832830905914307,17.082077264785767,17.082077264785767,0.0,0.0,52,HOLD,FOODS_2,WI,HOLD,0.0,False,False,False,HIGH
2016-05-21,FOODS_2_036,CA_1,3.74,3.74,0.0,19.126422882080078,19.126422882080078,71.5328215789795,71.5328215789795,0.0,0.0,50,HOLD,FOODS_2,CA,HOLD,0.0,False,False,False,HIGH
2016-05-21,FOODS_2_036,CA_2,3.74,3.74,0.0,9.707042694091797,9.707042694091797,36.30433967590332,36.30433967590332,0.0,0.0,49,HOLD,FOODS_2,CA,HOLD,0.0,False,False,False,HIGH
2016-05-21,FOODS_2_036,CA_3,3.74,3.74,0.0,17.661455154418945,17.661455154418945,66.05384227752685,66.05384227752685,0.0,0.0,49,HOLD,FOODS_2,CA,HOLD,0.0,False,False,False,HIGH
2016-05-21,FOODS_2_036,CA_4,3.74,3.74,0.0,10.433262825012207,10.433262825012207,39.02040296554566,39.02040296554566,0.0,0.0,50,HOLD,FOODS_2,CA,HOLD,0.0,False,False,False,HIGH
2016-05-21,FOODS_2_036,TX_1,3.5,3.5,0.0,12.840968132019043,12.840968132019043,44.94338846206665,44.94338846206665,0.0,0.0,53,HOLD,FOODS_2,TX,HOLD,0.0,False,False,False,HIGH
2016-05-21,FOODS_2_036,TX_2,3.5,3.5,0.0,15.330219268798828,15.330219268798828,53.6557674407959,53.6557674407959,0.0,0.0,53,HOLD,FOODS_2,TX,HOLD,0.0,False,False,False,HIGH
2016-05-21,FOODS_2_036,TX_3,3.5,3.5,0.0,18.538795471191406,18.538795471191406,64.88578414916992,64.88578414916992,0.0,0.0,53,HOLD,FOODS_2,TX,HOLD,0.0,False,False,False,HIGH
2016-05-21,FOODS_2_036,WI_1,3.5,3.5,0.0,16.273176193237305,16.273176193237305,56.956116676330566,56.956116676330566,0.0,0.0,53,HOLD,FOODS_2,WI,HOLD,0.0,False,False,False,HIGH
2016-05-21,FOODS_2_036,WI_2,3.5,3.5,0.0,18.106128692626953,18.106128692626953,63.371450424194336,63.371450424194336,0.0,0.0,53,HOLD,FOODS_2,WI,HOLD,0.0,False,False,False,HIGH
2016-05-21,FOODS_2_036,WI_3,3.5,3.5,0.0,14.786285400390625,14.786285400390625,51.75199890136719,51.75199890136719,0.0,0.0,53,HOLD,FOODS_2,WI,HOLD,0.0,False,False,False,HIGH
2016-05-21,FOODS_2_052,CA_1,13.97,13.97,0.0,15.902618408203125,15.902618408203125,222.15957916259768,222.15957916259768,0.0,0.0,53,HOLD,FOODS_2,CA,HOLD,0.0,False,False,False,HIGH
2016-05-21,FOODS_2_052,CA_2,13.97,13.97,0.0,13.028308868408203,13.028308868408203,182.0054748916626,182.0054748916626,0.0,0.0,53,HOLD,FOODS_2,CA,HOLD,0.0,False,False,False,HIGH
2016-05-21,FOODS_2_052,CA_3,13.97,13.97,0.0,10.385454177856445,10.385454177856445,145.08479486465455,145.08479486465455,0.0,0.0,40,HOLD,FOODS_2,CA,HOLD,0.0,False,False,False,HIGH
2016-05-21,FOODS_2_052,CA_4,13.97,13.97,0.0,7.3699541091918945,7.3699541091918945,102.95825890541077,102.95825890541077,0.0,0.0,53,HOLD,FOODS_2,CA,HOLD,0.0,False,False,False,HIGH
2016-05-21,FOODS_2_052,TX_1,13.97,13.97,0.0,6.029461860656738,6.029461860656738,84.23158219337463,84.23158219337463,0.0,0.0,53,HOLD,FOODS_2,TX,HOLD,0.0,False,False,False,HIGH
2016-05-21,FOODS_2_052,TX_2,13.97,13.97,0.0,11.608254432678223,11.608254432678223,162.16731442451479,162.16731442451479,0.0,0.0,53,HOLD,FOODS_2,TX,HOLD,0.0,False,False,False,HIGH
2016-05-21,FOODS_2_052,TX_3,13.97,13.97,0.0,8.75709056854248,8.75709056854248,122.33655524253845,122.33655524253845,0.0,0.0,53,HOLD,FOODS_2,TX,HOLD,0.0,False,False,False,HIGH
2016-05-21,FOODS_2_052,WI_1,13.97,13.97,0.0,5.398234844207764,5.398234844207764,75.41334077358246,75.41334077358246,0.0,0.0,53,HOLD,FOODS_2,WI,HOLD,0.0,False,False,False,HIGH
2016-05-21,FOODS_2_052,WI_2,13.97,13.97,0.0,7.400461196899414,7.400461196899414,103.38444292068482,103.38444292068482,0.0,0.0,53,HOLD,FOODS_2,WI,HOLD,0.0,False,False,False,HIGH
2016-05-21,FOODS_2_052,WI_3,13.97,13.97,0.0,4.7852559089660645,4.7852559089660645,66.85002504825593,66.85002504825593,0.0,0.0,53,HOLD,FOODS_2,WI,HOLD,0.0,False,False,False,HIGH
2016-05-21,FOODS_2_056,CA_1,6.98,6.98,0.0,10.519139289855957,10.519139289855957,73.42359224319459,73.42359224319459,0.0,0.0,53,HOLD,FOODS_2,CA,HOLD,0.0,False,False,False,HIGH
2016-05-21,FOODS_2_056,CA_2,6.98,6.98,0.0,17.442584991455078,17.442584991455078,121.74924324035645,121.74924324035645,0.0,0.0,53,HOLD,FOODS_2,CA,HOLD,0.0,False,False,False,HIGH
2016-05-21,FOODS_2_056,CA_3,6.98,6.98,0.0,22.718935012817383,22.718935012817383,158.57816638946534,158.57816638946534,0.0,0.0,53,HOLD,FOODS_2,CA,HOLD,0.0,False,False,False,HIGH
2016-05-21,FOODS_2_056,CA_4,6.98,6.98,0.0,15.913162231445312,15.913162231445312,111.07387237548829,111.07387237548829,0.0,0.0,53,HOLD,FOODS_2,CA,HOLD,0.0,False,False,False,HIGH
2016-05-21,FOODS_2_056,TX_1,6.98,6.98,0.0,8.715956687927246,8.715956687927246,60.83737768173218,60.83737768173218,0.0,0.0,53,HOLD,FOODS_2,TX,HOLD,0.0,False,False,False,HIGH
2016-05-21,FOODS_2_056,TX_2,6.98,6.98,0.0,14.858352661132812,14.858352661132812,103.71130157470704,103.71130157470704,0.0,0.0,53,HOLD,FOODS_2,TX,HOLD,0.0,False,False,False,HIGH
2016-05-21,FOODS_2_056,TX_3,6.98,6.98,0.0,20.458974838256836,20.458974838256836,142.80364437103273,142.80364437103273,0.0,0.0,53,HOLD,FOODS_2,TX,HOLD,0.0,False,False,False,HIGH
2016-05-21,FOODS_2_056,WI_1,6.98,6.98,0.0,31.91805076599121,31.91805076599121,222.78799434661866,222.78799434661866,0.0,0.0,53,HOLD,FOODS_2,WI,HOLD,0.0,False,False,False,HIGH
2016-05-21,FOODS_2_056,WI_2,6.98,6.98,0.0,70.39657592773438,70.39657592773438,491.36809997558595,491.36809997558595,0.0,0.0,53,HOLD,FOODS_2,WI,HOLD,0.0,False,False,False,HIGH
2016-05-21,FOODS_2_056,WI_3,6.98,6.98,0.0,25.81492805480957,25.81492805480957,180.1881978225708,180.1881978225708,0.0,0.0,53,HOLD,FOODS_2,WI,HOLD,0.0,False,False,False,HIGH
2016-05-21,FOODS_2_061,CA_1,2.0,2.0,0.0,12.45595645904541,12.45595645904541,24.91191291809082,24.91191291809082,0.0,0.0,53,HOLD,FOODS_2,CA,HOLD,0.0,False,False,False,HIGH
2016-05-21,FOODS_2_061,CA_2,2.0,2.0,0.0,10.120523452758789,10.120523452758789,20.241046905517578,20.241046905517578,0.0,0.0,53,HOLD,FOODS_2,CA,HOLD,0.0,False,False,False,HIGH
2016-05-21,FOODS_2_061,CA_3,2.0,2.0,0.0,20.215606689453125,20.215606689453125,40.43121337890625,40.43121337890625,0.0,0.0,53,HOLD,FOODS_2,CA,HOLD,0.0,False,False,False,HIGH
2016-05-21,FOODS_2_061,CA_4,2.0,2.0,0.0,6.817947864532471,6.817947864532471,13.635895729064941,13.635895729064941,0.0,0.0,53,HOLD,FOODS_2,CA,HOLD,0.0,False,False,False,HIGH
2016-05-21,FOODS_2_061,TX_1,2.0,2.0,0.0,10.888837814331055,10.888837814331055,21.77767562866211,21.77767562866211,0.0,0.0,53,HOLD,FOODS_2,TX,HOLD,0.0,False,False,False,HIGH
2016-05-21,FOODS_2_061,TX_2,2.0,2.0,0.0,9.346753120422363,9.346753120422363,18.693506240844727,18.693506240844727,0.0,0.0,52,HOLD,FOODS_2,TX,HOLD,0.0,False,False,False,HIGH
2016-05-21,FOODS_2_061,TX_3,2.0,2.0,0.0,14.0681791305542,14.0681791305542,28.1363582611084,28.1363582611084,0.0,0.0,53,HOLD,FOODS_2,TX,HOLD,0.0,False,False,False,HIGH
2016-05-21,FOODS_2_061,WI_1,2.0,2.0,0.0,20.369770050048828,20.369770050048828,40.739540100097656,40.739540100097656,0.0,0.0,53,HOLD,FOODS_2,WI,HOLD,0.0,False,False,False,HIGH
2016-05-21,FOODS_2_061,WI_2,2.0,2.0,0.0,11.684268951416016,11.684268951416016,23.36853790283203,23.36853790283203,0.0,0.0,53,HOLD,FOODS_2,WI,HOLD,0.0,False,False,False,HIGH
2016-05-21,FOODS_2_061,WI_3,2.0,2.0,0.0,9.974997520446777,9.974997520446777,19.949995040893555,19.949995040893555,0.0,0.0,53,HOLD,FOODS_2,WI,HOLD,0.0,False,False,False,HIGH
2016-05-21,FOODS_2_063,CA_1,2.96,2.96,0.0,12.263917922973633,12.263917922973633,36.30119705200195,36.30119705200195,0.0,0.0,53,HOLD,FOODS_2,CA,HOLD,0.0,False,False,False,HIGH
2016-05-21,FOODS_2_063,CA_2,2.96,2.96,0.0,15.612340927124023,15.612340927124023,46.21252914428711,46.21252914428711,0.0,0.0,53,HOLD,FOODS_2,CA,HOLD,0.0,False,False,False,HIGH
2016-05-21,FOODS_2_063,CA_3,2.96,2.96,0.0,13.116479873657227,13.116479873657227,38.82478042602539,38.82478042602539,0.0,0.0,53,HOLD,FOODS_2,CA,HOLD,0.0,False,False,False,HIGH
2016-05-21,FOODS_2_063,CA_4,2.96,2.96,0.0,14.119832992553711,14.119832992553711,41.794705657958986,41.794705657958986,0.0,0.0,53,HOLD,FOODS_2,CA,HOLD,0.0,False,False,False,HIGH
2016-05-21,FOODS_2_063,TX_1,2.42,2.42,0.0,19.800945281982422,19.800945281982422,47.91828758239746,47.91828758239746,0.0,0.0,53,HOLD,FOODS_2,TX,HOLD,0.0,False,False,False,HIGH
2016-05-21,FOODS_2_063,TX_2,2.42,2.42,0.0,15.189471244812012,15.189471244812012,36.758520412445066,36.758520412445066,0.0,0.0,53,HOLD,FOODS_2,TX,HOLD,0.0,False,False,False,HIGH
2016-05-21,FOODS_2_063,TX_3,2.42,2.42,0.0,20.566137313842773,20.566137313842773,49.77005229949951,49.77005229949951,0.0,0.0,53,HOLD,FOODS_2,TX,HOLD,0.0,False,False,False,HIGH
2016-05-21,FOODS_2_063,WI_1,2.96,2.96,0.0,19.823591232299805,19.823591232299805,58.67783004760742,58.67783004760742,0.0,0.0,45,HOLD,FOODS_2,WI,HOLD,0.0,False,False,False,HIGH
2016-05-21,FOODS_2_063,WI_2,2.96,2.96,0.0,28.64242935180664,28.64242935180664,84.78159088134765,84.78159088134765,0.0,0.0,46,HOLD,FOODS_2,WI,HOLD,0.0,False,False,False,HIGH
2016-05-21,FOODS_2_063,WI_3,2.96,2.84,-4.054054054054058,12.190949440002441,12.97877311706543,36.08521034240722,36.859715652465816,0.7745053100585935,2.14632339041238,11,CHANGE,FOODS_2,WI,DECREASE,4.054054054054058,False,False,False,MEDIUM
2016-05-21,FOODS_2_119,CA_1,2.67,2.67,0.0,15.753565788269043,15.753565788269043,42.06202065467834,42.06202065467834,0.0,0.0,53,HOLD,FOODS_2,CA,HOLD,0.0,False,False,False,HIGH
2016-05-21,FOODS_2_119,CA_2,2.67,2.67,0.0,10.969858169555664,10.969858169555664,29.28952131271362,29.28952131271362,0.0,0.0,53,HOLD,FOODS_2,CA,HOLD,0.0,False,False,False,HIGH
2016-05-21,FOODS_2_119,CA_3,2.67,2.67,0.0,18.68082046508789,18.68082046508789,49.877790641784664,49.877790641784664,0.0,0.0,53,HOLD,FOODS_2,CA,HOLD,0.0,False,False,False,HIGH
2016-05-21,FOODS_2_119,CA_4,2.67,2.67,0.0,6.829624176025391,6.829624176025391,18.23509654998779,18.23509654998779,0.0,0.0,53,HOLD,FOODS_2,CA,HOLD,0.0,False,False,False,HIGH
2016-05-21,FOODS_2_119,TX_1,2.22,2.22,0.0,10.478219032287598,10.478219032287598,23.261646251678467,23.261646251678467,0.0,0.0,53,HOLD,FOODS_2,TX,HOLD,0.0,False,False,False,HIGH
2016-05-21,FOODS_2_119,TX_2,2.22,2.22,0.0,6.762592792510986,6.762592792510986,15.012955999374391,15.012955999374391,0.0,0.0,53,HOLD,FOODS_2,TX,HOLD,0.0,False,False,False,HIGH
2016-05-21,FOODS_2_119,TX_3,2.22,2.22,0.0,15.43641185760498,15.43641185760498,34.26883432388306,34.26883432388306,0.0,0.0,53,HOLD,FOODS_2,TX,HOLD,0.0,False,False,False,HIGH
2016-05-21,FOODS_2_119,WI_1,2.67,2.67,0.0,10.900433540344238,10.900433540344238,29.104157552719116,29.104157552719116,0.0,0.0,53,HOLD,FOODS_2,WI,HOLD,0.0,False,False,False,HIGH
2016-05-21,FOODS_2_119,WI_2,2.67,2.67,0.0,12.064436912536621,12.064436912536621,32.21204655647278,32.21204655647278,0.0,0.0,53,HOLD,FOODS_2,WI,HOLD,0.0,False,False,False,HIGH
2016-05-21,FOODS_2_119,WI_3,2.67,2.67,0.0,11.7023344039917,11.7023344039917,31.245232858657836,31.245232858657836,0.0,0.0,53,HOLD,FOODS_2,WI,HOLD,0.0,False,False,False,HIGH
2016-05-21,FOODS_2_128,CA_1,0.94,0.94,0.0,49.44489669799805,49.44489669799805,46.47820289611816,46.47820289611816,0.0,0.0,51,HOLD,FOODS_2,CA,HOLD,0.0,False,False,False,HIGH
2016-05-21,FOODS_2_128,CA_2,0.94,0.94,0.0,28.38841438293457,28.38841438293457,26.685109519958495,26.685109519958495,0.0,0.0,51,HOLD,FOODS_2,CA,HOLD,0.0,False,False,False,HIGH
2016-05-21,FOODS_2_128,CA_3,0.94,0.94,0.0,48.51154708862305,48.51154708862305,45.60085426330566,45.60085426330566,0.0,0.0,34,HOLD,FOODS_2,CA,HOLD,0.0,False,False,False,HIGH
2016-05-21,FOODS_2_128,CA_4,0.94,0.94,0.0,24.676233291625977,24.676233291625977,23.195659294128415,23.195659294128415,0.0,0.0,52,HOLD,FOODS_2,CA,HOLD,0.0,False,False,False,HIGH
2016-05-21,FOODS_2_128,TX_1,0.94,0.94,0.0,20.146224975585938,20.146224975585938,18.93745147705078,18.93745147705078,0.0,0.0,51,HOLD,FOODS_2,TX,HOLD,0.0,False,False,False,HIGH
2016-05-21,FOODS_2_128,TX_2,0.94,0.94,0.0,31.02800750732422,31.02800750732422,29.166327056884764,29.166327056884764,0.0,0.0,51,HOLD,FOODS_2,TX,HOLD,0.0,False,False,False,HIGH
2016-05-21,FOODS_2_128,TX_3,0.94,0.94,0.0,50.462310791015625,50.462310791015625,47.43457214355468,47.43457214355468,0.0,0.0,52,HOLD,FOODS_2,TX,HOLD,0.0,False,False,False,HIGH
2016-05-21,FOODS_2_128,WI_1,0.94,0.94,0.0,44.864315032958984,44.864315032958984,42.172456130981445,42.172456130981445,0.0,0.0,51,HOLD,FOODS_2,WI,HOLD,0.0,False,False,False,HIGH
2016-05-21,FOODS_2_128,WI_2,0.94,0.94,0.0,149.85195922851562,149.85195922851562,140.86084167480467,140.86084167480467,0.0,0.0,51,HOLD,FOODS_2,WI,HOLD,0.0,False,False,False,HIGH
2016-05-21,FOODS_2_128,WI_3,0.94,0.94,0.0,30.74656105041504,30.74656105041504,28.901767387390134,28.901767387390134,0.0,0.0,51,HOLD,FOODS_2,WI,HOLD,0.0,False,False,False,HIGH
2016-05-21,FOODS_2_152,CA_1,2.42,2.42,0.0,10.442861557006836,10.442861557006836,25.27172496795654,25.27172496795654,0.0,0.0,53,HOLD,FOODS_2,CA,HOLD,0.0,False,False,False,HIGH
2016-05-21,FOODS_2_152,CA_2,2.42,2.42,0.0,24.66124725341797,24.66124725341797,59.680218353271485,59.680218353271485,0.0,0.0,53,HOLD,FOODS_2,CA,HOLD,0.0,False,False,False,HIGH
2016-05-21,FOODS_2_152,CA_3,2.42,2.42,0.0,26.65682029724121,26.65682029724121,64.50950511932373,64.50950511932373,0.0,0.0,53,HOLD,FOODS_2,CA,HOLD,0.0,False,False,False,HIGH
2016-05-21,FOODS_2_152,CA_4,2.42,2.42,0.0,7.828248500823975,7.828248500823975,18.944361371994017,18.944361371994017,0.0,0.0,53,HOLD,FOODS_2,CA,HOLD,0.0,False,False,False,HIGH
2016-05-21,FOODS_2_152,TX_1,2.22,2.22,0.0,23.018871307373047,23.018871307373047,51.101894302368166,51.101894302368166,0.0,0.0,53,HOLD,FOODS_2,TX,HOLD,0.0,False,False,False,HIGH
2016-05-21,FOODS_2_152,TX_2,2.22,2.22,0.0,73.49758911132812,73.49758911132812,163.16464782714846,163.16464782714846,0.0,0.0,53,HOLD,FOODS_2,TX,HOLD,0.0,False,False,False,HIGH
2016-05-21,FOODS_2_152,TX_3,2.22,2.22,0.0,24.391271591186523,24.391271591186523,54.14862293243409,54.14862293243409,0.0,0.0,53,HOLD,FOODS_2,TX,HOLD,0.0,False,False,False,HIGH
2016-05-21,FOODS_2_152,WI_1,2.42,2.42,0.0,30.18745994567871,30.18745994567871,73.05365306854247,73.05365306854247,0.0,0.0,53,HOLD,FOODS_2,WI,HOLD,0.0,False,False,False,HIGH
2016-05-21,FOODS_2_152,WI_2,2.42,2.42,0.0,50.82771301269531,50.82771301269531,123.00306549072265,123.00306549072265,0.0,0.0,53,HOLD,FOODS_2,WI,HOLD,0.0,False,False,False,HIGH
2016-05-21,FOODS_2_152,WI_3,2.42,2.42,0.0,16.513397216796875,16.513397216796875,39.962421264648434,39.962421264648434,0.0,0.0,53,HOLD,FOODS_2,WI,HOLD,0.0,False,False,False,HIGH
2016-05-21,FOODS_2_166,CA_1,2.18,2.18,0.0,6.388749599456787,6.388749599456787,13.927474126815797,13.927474126815797,0.0,0.0,53,HOLD,FOODS_2,CA,HOLD,0.0,False,False,False,HIGH
2016-05-21,FOODS_2_166,CA_2,2.18,2.18,0.0,8.79863452911377,8.79863452911377,19.181023273468018,19.181023273468018,0.0,0.0,49,HOLD,FOODS_2,CA,HOLD,0.0,False,False,False,HIGH
2016-05-21,FOODS_2_166,CA_3,2.18,2.18,0.0,14.363585472106934,14.363585472106934,31.31261632919312,31.31261632919312,0.0,0.0,28,HOLD,FOODS_2,CA,HOLD,0.0,False,False,False,HIGH
2016-05-21,FOODS_2_166,CA_4,2.18,2.18,0.0,5.901207447052002,5.901207447052002,12.864632234573365,12.864632234573365,0.0,0.0,53,HOLD,FOODS_2,CA,HOLD,0.0,False,False,False,HIGH
2016-05-21,FOODS_2_166,TX_1,2.18,2.18,0.0,7.664926528930664,7.664926528930664,16.70953983306885,16.70953983306885,0.0,0.0,53,HOLD,FOODS_2,TX,HOLD,0.0,False,False,False,HIGH
2016-05-21,FOODS_2_166,TX_2,2.18,2.18,0.0,14.112765312194824,14.112765312194824,30.76582838058472,30.76582838058472,0.0,0.0,53,HOLD,FOODS_2,TX,HOLD,0.0,False,False,False,HIGH
2016-05-21,FOODS_2_166,TX_3,2.18,2.18,0.0,9.705092430114746,9.705092430114746,21.15710149765015,21.15710149765015,0.0,0.0,53,HOLD,FOODS_2,TX,HOLD,0.0,False,False,False,HIGH
2016-05-21,FOODS_2_166,WI_1,1.87,1.87,0.0,10.25207233428955,10.25207233428955,19.171375265121462,19.171375265121462,0.0,0.0,53,HOLD,FOODS_2,WI,HOLD,0.0,False,False,False,HIGH
2016-05-21,FOODS_2_166,WI_2,1.87,1.87,0.0,34.05434799194336,34.05434799194336,63.68163074493408,63.68163074493408,0.0,0.0,53,HOLD,FOODS_2,WI,HOLD,0.0,False,False,False,HIGH
2016-05-21,FOODS_2_166,WI_3,1.87,1.87,0.0,10.555569648742676,10.555569648742676,19.738915243148806,19.738915243148806,0.0,0.0,53,HOLD,FOODS_2,WI,HOLD,0.0,False,False,False,HIGH
2016-05-21,FOODS_2_171,CA_1,2.97,2.97,0.0,5.362919807434082,5.362919807434082,15.927871828079224,15.927871828079224,0.0,0.0,53,HOLD,FOODS_2,CA,HOLD,0.0,False,False,False,HIGH
2016-05-21,FOODS_2_171,CA_2,2.97,2.97,0.0,13.069175720214844,13.069175720214844,38.81545188903809,38.81545188903809,0.0,0.0,53,HOLD,FOODS_2,CA,HOLD,0.0,False,False,False,HIGH
2016-05-21,FOODS_2_171,CA_3,2.97,2.97,0.0,8.896284103393555,8.896284103393555,26.42196378707886,26.42196378707886,0.0,0.0,53,HOLD,FOODS_2,CA,HOLD,0.0,False,False,False,HIGH
2016-05-21,FOODS_2_171,CA_4,2.97,2.97,0.0,4.332497596740723,4.332497596740723,12.867517862319946,12.867517862319946,0.0,0.0,53,HOLD,FOODS_2,CA,HOLD,0.0,False,False,False,HIGH
2016-05-21,FOODS_2_171,TX_1,2.74,2.74,0.0,14.839755058288574,14.839755058288574,40.660928859710694,40.660928859710694,0.0,0.0,53,HOLD,FOODS_2,TX,HOLD,0.0,False,False,False,HIGH
2016-05-21,FOODS_2_171,TX_2,2.74,2.74,0.0,9.553749084472656,9.553749084472656,26.17727249145508,26.17727249145508,0.0,0.0,53,HOLD,FOODS_2,TX,HOLD,0.0,False,False,False,HIGH
2016-05-21,FOODS_2_171,TX_3,2.74,2.74,0.0,0.5818350911140442,0.5818350911140442,1.5942281496524813,1.5942281496524813,0.0,0.0,53,HOLD,FOODS_2,TX,HOLD,0.0,False,False,False,HIGH
2016-05-21,FOODS_2_171,WI_1,2.97,2.97,0.0,23.194372177124023,23.194372177124023,68.88728536605835,68.88728536605835,0.0,0.0,53,HOLD,FOODS_2,WI,HOLD,0.0,False,False,False,HIGH
2016-05-21,FOODS_2_171,WI_2,2.97,2.97,0.0,16.803918838500977,16.803918838500977,49.9076389503479,49.9076389503479,0.0,0.0,53,HOLD,FOODS_2,WI,HOLD,0.0,False,False,False,HIGH
2016-05-21,FOODS_2_171,WI_3,2.97,2.97,0.0,8.797755241394043,8.797755241394043,26.12933306694031,26.12933306694031,0.0,0.0,53,HOLD,FOODS_2,WI,HOLD,0.0,False,False,False,HIGH
2016-05-21,FOODS_2_182,CA_1,2.0,2.0,0.0,10.960214614868164,10.960214614868164,21.920429229736328,21.920429229736328,0.0,0.0,44,HOLD,FOODS_2,CA,HOLD,0.0,False,False,False,HIGH
2016-05-21,FOODS_2_182,CA_2,2.0,2.0,0.0,14.451680183410645,14.451680183410645,28.90336036682129,28.90336036682129,0.0,0.0,44,HOLD,FOODS_2,CA,HOLD,0.0,False,False,False,HIGH
2016-05-21,FOODS_2_182,CA_3,2.0,2.0,0.0,13.650683403015137,13.650683403015137,27.301366806030273,27.301366806030273,0.0,0.0,44,HOLD,FOODS_2,CA,HOLD,0.0,False,False,False,HIGH
2016-05-21,FOODS_2_182,CA_4,2.0,2.0,0.0,11.380538940429688,11.380538940429688,22.761077880859375,22.761077880859375,0.0,0.0,44,HOLD,FOODS_2,CA,HOLD,0.0,False,False,False,HIGH
2016-05-21,FOODS_2_182,TX_1,2.0,2.0,0.0,5.148443222045898,5.148443222045898,10.296886444091797,10.296886444091797,0.0,0.0,53,HOLD,FOODS_2,TX,HOLD,0.0,False,False,False,HIGH
2016-05-21,FOODS_2_182,TX_2,2.0,2.0,0.0,5.82370138168335,5.82370138168335,11.6474027633667,11.6474027633667,0.0,0.0,53,HOLD,FOODS_2,TX,HOLD,0.0,False,False,False,HIGH
2016-05-21,FOODS_2_182,TX_3,2.0,2.0,0.0,6.104132652282715,6.104132652282715,12.20826530456543,12.20826530456543,0.0,0.0,52,HOLD,FOODS_2,TX,HOLD,0.0,False,False,False,HIGH
2016-05-21,FOODS_2_182,WI_1,2.0,2.14,7.000000000000006,13.099801063537598,12.417134284973145,26.199602127075195,26.57266736984253,0.37306524276733555,1.4239347641917144,5,CHANGE,FOODS_2,WI,INCREASE,7.000000000000006,False,False,True,REVIEW
2016-05-21,FOODS_2_182,WI_2,2.0,2.0,0.0,12.373576164245605,12.373576164245605,24.74715232849121,24.74715232849121,0.0,0.0,44,HOLD,FOODS_2,WI,HOLD,0.0,False,False,False,HIGH
2016-05-21,FOODS_2_182,WI_3,2.0,2.0,0.0,8.032050132751465,8.032050132751465,16.06410026550293,16.06410026550293,0.0,0.0,34,HOLD,FOODS_2,WI,HOLD,0.0,False,False,False,HIGH
2016-05-21,FOODS_2_183,CA_1,8.98,8.98,0.0,16.391571044921875,16.391571044921875,147.19630798339844,147.19630798339844,0.0,0.0,53,HOLD,FOODS_2,CA,HOLD,0.0,False,False,False,HIGH
2016-05-21,FOODS_2_183,CA_2,8.98,8.98,0.0,15.1472749710083,15.1472749710083,136.02252923965455,136.02252923965455,0.0,0.0,53,HOLD,FOODS_2,CA,HOLD,0.0,False,False,False,HIGH
2016-05-21,FOODS_2_183,CA_3,8.98,8.98,0.0,22.064123153686523,22.064123153686523,198.135825920105,198.135825920105,0.0,0.0,53,HOLD,FOODS_2,CA,HOLD,0.0,False,False,False,HIGH
2016-05-21,FOODS_2_183,CA_4,8.98,8.98,0.0,12.719283103942871,12.719283103942871,114.219162273407,114.219162273407,0.0,0.0,53,HOLD,FOODS_2,CA,HOLD,0.0,False,False,False,HIGH
2016-05-21,FOODS_2_183,TX_1,8.98,8.98,0.0,28.97027587890625,28.97027587890625,260.15307739257815,260.15307739257815,0.0,0.0,53,HOLD,FOODS_2,TX,HOLD,0.0,False,False,False,HIGH
2016-05-21,FOODS_2_183,TX_2,8.98,8.98,0.0,29.0158634185791,29.0158634185791,260.56245349884034,260.56245349884034,0.0,0.0,53,HOLD,FOODS_2,TX,HOLD,0.0,False,False,False,HIGH
2016-05-21,FOODS_2_183,TX_3,8.98,8.98,0.0,0.8870320320129395,0.8870320320129395,7.965547647476197,7.965547647476197,0.0,0.0,53,HOLD,FOODS_2,TX,HOLD,0.0,False,False,False,HIGH
2016-05-21,FOODS_2_183,WI_1,8.98,8.98,0.0,25.88309097290039,25.88309097290039,232.43015693664552,232.43015693664552,0.0,0.0,53,HOLD,FOODS_2,WI,HOLD,0.0,False,False,False,HIGH
2016-05-21,FOODS_2_183,WI_2,8.98,8.98,0.0,57.82999038696289,57.82999038696289,519.3133136749268,519.3133136749268,0.0,0.0,53,HOLD,FOODS_2,WI,HOLD,0.0,False,False,False,HIGH
2016-05-21,FOODS_2_183,WI_3,8.98,8.98,0.0,19.321870803833008,19.321870803833008,173.5103998184204,173.5103998184204,0.0,0.0,53,HOLD,FOODS_2,WI,HOLD,0.0,False,False,False,HIGH
2016-05-21,FOODS_2_197,CA_1,3.42,3.34,-2.3391812865497097,129.09185791015625,134.9794158935547,441.49415405273436,450.83124908447263,9.337095031738272,2.1148853152476854,6,CHANGE,FOODS_2,CA,DECREASE,2.3391812865497097,False,False,True,REVIEW
2016-05-21,FOODS_2_197,CA_2,3.42,3.42,0.0,28.375659942626953,28.375659942626953,97.04475700378418,97.04475700378418,0.0,0.0,29,HOLD,FOODS_2,CA,HOLD,0.0,False,False,False,HIGH
2016-05-21,FOODS_2_197,CA_3,3.42,3.42,0.0,66.96321868896484,66.96321868896484,229.01420791625975,229.01420791625975,0.0,0.0,47,HOLD,FOODS_2,CA,HOLD,0.0,False,False,False,HIGH
2016-05-21,FOODS_2_197,CA_4,3.42,3.34,-2.3391812865497097,39.774959564208984,41.08367156982422,136.03036170959473,137.2194630432129,1.1891013336181686,0.8741440650997672,6,CHANGE,FOODS_2,CA,DECREASE,2.3391812865497097,False,False,True,REVIEW
2016-05-21,FOODS_2_197,TX_1,2.98,2.98,0.0,20.11749839782715,20.11749839782715,59.9501452255249,59.9501452255249,0.0,0.0,30,HOLD,FOODS_2,TX,HOLD,0.0,False,False,False,HIGH
2016-05-21,FOODS_2_197,TX_2,2.98,2.98,0.0,35.82559585571289,35.82559585571289,106.76027565002441,106.76027565002441,0.0,0.0,30,HOLD,FOODS_2,TX,HOLD,0.0,False,False,False,HIGH
2016-05-21,FOODS_2_197,TX_3,2.98,2.98,0.0,17.898916244506836,17.898916244506836,53.338770408630374,53.338770408630374,0.0,0.0,29,HOLD,FOODS_2,TX,HOLD,0.0,False,False,False,HIGH
2016-05-21,FOODS_2_197,WI_1,3.42,3.34,-2.3391812865497097,11.566323280334473,11.855610847473145,39.55682561874389,39.5977402305603,0.040914611816404545,0.10343249534415944,6,CHANGE,FOODS_2,WI,DECREASE,2.3391812865497097,False,False,True,REVIEW
2016-05-21,FOODS_2_197,WI_2,3.42,3.34,-2.3391812865497097,16.00281524658203,16.556230545043945,54.72962814331055,55.297810020446775,0.5681818771362259,1.0381614061919644,7,CHANGE,FOODS_2,WI,DECREASE,2.3391812865497097,False,False,True,REVIEW
2016-05-21,FOODS_2_197,WI_3,3.42,3.34,-2.3391812865497097,19.92217445373535,20.542360305786133,68.1338366317749,68.61148342132569,0.4776467895507892,0.7010419685188164,7,CHANGE,FOODS_2,WI,DECREASE,2.3391812865497097,False,False,True,REVIEW
2016-05-21,FOODS_2_212,CA_1,4.88,4.88,0.0,12.07507610321045,12.07507610321045,58.92637138366699,58.92637138366699,0.0,0.0,53,HOLD,FOODS_2,CA,HOLD,0.0,False,False,False,HIGH
2016-05-21,FOODS_2_212,CA_2,4.88,5.97,22.33606557377049,13.808965682983398,11.712285041809082,67.38775253295898,69.92234169960021,2.5345891666412257,3.7612015112116577,16,CHANGE,FOODS_2,CA,INCREASE,22.33606557377049,True,False,False,REVIEW
2016-05-21,FOODS_2_212,CA_3,4.88,4.88,0.0,13.203485488891602,13.203485488891602,64.43300918579101,64.43300918579101,0.0,0.0,37,HOLD,FOODS_2,CA,HOLD,0.0,False,False,False,HIGH
2016-05-21,FOODS_2_212,CA_4,4.88,4.88,0.0,9.448793411254883,9.448793411254883,46.11011184692383,46.11011184692383,0.0,0.0,53,HOLD,FOODS_2,CA,HOLD,0.0,False,False,False,HIGH
2016-05-21,FOODS_2_212,TX_1,4.88,4.88,0.0,5.62255859375,5.62255859375,27.4380859375,27.4380859375,0.0,0.0,53,HOLD,FOODS_2,TX,HOLD,0.0,False,False,False,HIGH
2016-05-21,FOODS_2_212,TX_2,4.88,4.88,0.0,6.684317111968994,6.684317111968994,32.61946750640869,32.61946750640869,0.0,0.0,53,HOLD,FOODS_2,TX,HOLD,0.0,False,False,False,HIGH
2016-05-21,FOODS_2_212,TX_3,4.88,4.88,0.0,7.322335720062256,7.322335720062256,35.732998313903806,35.732998313903806,0.0,0.0,53,HOLD,FOODS_2,TX,HOLD,0.0,False,False,False,HIGH
2016-05-21,FOODS_2_212,WI_1,4.88,4.88,0.0,8.663775444030762,8.663775444030762,42.279224166870115,42.279224166870115,0.0,0.0,53,HOLD,FOODS_2,WI,HOLD,0.0,False,False,False,HIGH
2016-05-21,FOODS_2_212,WI_2,4.88,4.88,0.0,10.654788970947266,10.654788970947266,51.99537017822266,51.99537017822266,0.0,0.0,53,HOLD,FOODS_2,WI,HOLD,0.0,False,False,False,HIGH
2016-05-21,FOODS_2_212,WI_3,4.88,4.88,0.0,10.262296676635742,10.262296676635742,50.080007781982424,50.080007781982424,0.0,0.0,53,HOLD,FOODS_2,WI,HOLD,0.0,False,False,False,HIGH
2016-05-21,FOODS_2_240,CA_1,2.18,2.18,0.0,8.451543807983398,8.451543807983398,18.42436550140381,18.42436550140381,0.0,0.0,53,HOLD,FOODS_2,CA,HOLD,0.0,False,False,False,HIGH
2016-05-21,FOODS_2_240,CA_2,2.18,2.18,0.0,10.363697052001953,10.363697052001953,22.592859573364258,22.592859573364258,0.0,0.0,44,HOLD,FOODS_2,CA,HOLD,0.0,False,False,False,HIGH
2016-05-21,FOODS_2_240,CA_3,2.18,2.18,0.0,26.4515380859375,26.4515380859375,57.66435302734376,57.66435302734376,0.0,0.0,31,HOLD,FOODS_2,CA,HOLD,0.0,False,False,False,HIGH
2016-05-21,FOODS_2_240,CA_4,2.18,2.18,0.0,7.686348915100098,7.686348915100098,16.756240634918214,16.756240634918214,0.0,0.0,53,HOLD,FOODS_2,CA,HOLD,0.0,False,False,False,HIGH
2016-05-21,FOODS_2_240,TX_1,2.18,2.18,0.0,10.364858627319336,10.364858627319336,22.595391807556155,22.595391807556155,0.0,0.0,51,HOLD,FOODS_2,TX,HOLD,0.0,False,False,False,HIGH
2016-05-21,FOODS_2_240,TX_2,2.18,2.18,0.0,22.342300415039062,22.342300415039062,48.70621490478516,48.70621490478516,0.0,0.0,53,HOLD,FOODS_2,TX,HOLD,0.0,False,False,False,HIGH
2016-05-21,FOODS_2_240,TX_3,2.18,2.18,0.0,14.069375991821289,14.069375991821289,30.67123966217041,30.67123966217041,0.0,0.0,53,HOLD,FOODS_2,TX,HOLD,0.0,False,False,False,HIGH
2016-05-21,FOODS_2_240,WI_1,1.87,1.87,0.0,15.169244766235352,15.169244766235352,28.36648771286011,28.36648771286011,0.0,0.0,53,HOLD,FOODS_2,WI,HOLD,0.0,False,False,False,HIGH
2016-05-21,FOODS_2_240,WI_2,1.87,1.87,0.0,27.898561477661133,27.898561477661133,52.17030996322632,52.17030996322632,0.0,0.0,53,HOLD,FOODS_2,WI,HOLD,0.0,False,False,False,HIGH
2016-05-21,FOODS_2_240,WI_3,1.87,1.87,0.0,19.207422256469727,19.207422256469727,35.91787961959839,35.91787961959839,0.0,0.0,53,HOLD,FOODS_2,WI,HOLD,0.0,False,False,False,HIGH
2016-05-21,FOODS_2_274,CA_1,6.98,6.98,0.0,10.430191040039062,10.430191040039062,72.80273345947266,72.80273345947266,0.0,0.0,53,HOLD,FOODS_2,CA,HOLD,0.0,False,False,False,HIGH
2016-05-21,FOODS_2_274,CA_2,6.98,6.98,0.0,12.372756004333496,12.372756004333496,86.3618369102478,86.3618369102478,0.0,0.0,53,HOLD,FOODS_2,CA,HOLD,0.0,False,False,False,HIGH
2016-05-21,FOODS_2_274,CA_3,6.98,6.98,0.0,17.913827896118164,17.913827896118164,125.0385187149048,125.0385187149048,0.0,0.0,53,HOLD,FOODS_2,CA,HOLD,0.0,False,False,False,HIGH
2016-05-21,FOODS_2_274,CA_4,6.98,6.98,0.0,10.617753028869629,10.617753028869629,74.11191614151001,74.11191614151001,0.0,0.0,53,HOLD,FOODS_2,CA,HOLD,0.0,False,False,False,HIGH
2016-05-21,FOODS_2_274,TX_1,6.98,6.98,0.0,9.747649192810059,9.747649192810059,68.03859136581421,68.03859136581421,0.0,0.0,53,HOLD,FOODS_2,TX,HOLD,0.0,False,False,False,HIGH
2016-05-21,FOODS_2_274,TX_2,6.98,6.98,0.0,0.5344093441963196,0.5344093441963196,3.730177222490311,3.730177222490311,0.0,0.0,53,HOLD,FOODS_2,TX,HOLD,0.0,False,False,False,HIGH
2016-05-21,FOODS_2_274,TX_3,6.98,6.98,0.0,14.578850746154785,14.578850746154785,101.7603782081604,101.7603782081604,0.0,0.0,53,HOLD,FOODS_2,TX,HOLD,0.0,False,False,False,HIGH
2016-05-21,FOODS_2_274,WI_1,6.98,6.98,0.0,13.0784273147583,13.0784273147583,91.28742265701294,91.28742265701294,0.0,0.0,53,HOLD,FOODS_2,WI,HOLD,0.0,False,False,False,HIGH
2016-05-21,FOODS_2_274,WI_2,6.98,6.98,0.0,22.28406524658203,22.28406524658203,155.54277542114258,155.54277542114258,0.0,0.0,53,HOLD,FOODS_2,WI,HOLD,0.0,False,False,False,HIGH
2016-05-21,FOODS_2_274,WI_3,6.98,6.98,0.0,12.86414623260498,12.86414623260498,89.79174070358278,89.79174070358278,0.0,0.0,53,HOLD,FOODS_2,WI,HOLD,0.0,False,False,False,HIGH
2016-05-21,FOODS_2_276,CA_1,3.42,3.34,-2.3391812865497097,51.778141021728516,54.45700454711914,177.08124229431152,181.88639518737793,4.805152893066406,2.7135301462817694,5,CHANGE,FOODS_2,CA,DECREASE,2.3391812865497097,False,False,True,REVIEW
2016-05-21,FOODS_2_276,CA_2,3.42,3.34,-2.3391812865497097,18.193334579467773,19.343225479125977,62.22120426177978,64.60637310028076,2.385168838500981,3.833369776107183,6,CHANGE,FOODS_2,CA,DECREASE,2.3391812865497097,False,False,True,REVIEW
2016-05-21,FOODS_2_276,CA_3,3.42,3.42,0.0,46.11393737792969,46.11393737792969,157.70966583251953,157.70966583251953,0.0,0.0,47,HOLD,FOODS_2,CA,HOLD,0.0,False,False,False,HIGH
2016-05-21,FOODS_2_276,CA_4,3.42,3.42,0.0,15.756446838378906,15.756446838378906,53.88704818725586,53.88704818725586,0.0,0.0,47,HOLD,FOODS_2,CA,HOLD,0.0,False,False,False,HIGH
2016-05-21,FOODS_2_276,TX_1,2.98,2.98,0.0,27.839094161987305,27.839094161987305,82.96050060272216,82.96050060272216,0.0,0.0,30,HOLD,FOODS_2,TX,HOLD,0.0,False,False,False,HIGH
2016-05-21,FOODS_2_276,TX_2,2.98,2.98,0.0,36.51704025268555,36.51704025268555,108.82077995300293,108.82077995300293,0.0,0.0,30,HOLD,FOODS_2,TX,HOLD,0.0,False,False,False,HIGH
2016-05-21,FOODS_2_276,TX_3,2.98,2.98,0.0,47.2984504699707,47.2984504699707,140.9493824005127,140.9493824005127,0.0,0.0,29,HOLD,FOODS_2,TX,HOLD,0.0,False,False,False,HIGH
2016-05-21,FOODS_2_276,WI_1,3.42,3.42,0.0,16.496973037719727,16.496973037719727,56.419647789001466,56.419647789001466,0.0,0.0,47,HOLD,FOODS_2,WI,HOLD,0.0,False,False,False,HIGH
2016-05-21,FOODS_2_276,WI_2,3.42,3.42,0.0,38.89059829711914,38.89059829711914,133.00584617614746,133.00584617614746,0.0,0.0,46,HOLD,FOODS_2,WI,HOLD,0.0,False,False,False,HIGH
2016-05-21,FOODS_2_276,WI_3,3.42,3.34,-2.3391812865497097,32.26673126220703,33.39614486694336,110.35222091674804,111.54312385559082,1.1909029388427825,1.0791834808120662,7,CHANGE,FOODS_2,WI,DECREASE,2.3391812865497097,False,False,True,REVIEW
2016-05-21,FOODS_2_285,CA_1,3.98,3.98,0.0,10.664341926574707,10.664341926574707,42.44408086776733,42.44408086776733,0.0,0.0,53,HOLD,FOODS_2,CA,HOLD,0.0,False,False,False,HIGH
2016-05-21,FOODS_2_285,CA_2,3.98,3.98,0.0,22.018598556518555,22.018598556518555,87.63402225494384,87.63402225494384,0.0,0.0,53,HOLD,FOODS_2,CA,HOLD,0.0,False,False,False,HIGH
2016-05-21,FOODS_2_285,CA_3,3.98,3.98,0.0,20.924360275268555,20.924360275268555,83.27895389556885,83.27895389556885,0.0,0.0,53,HOLD,FOODS_2,CA,HOLD,0.0,False,False,False,HIGH
2016-05-21,FOODS_2_285,CA_4,3.98,3.98,0.0,4.014090061187744,4.014090061187744,15.976078443527221,15.976078443527221,0.0,0.0,53,HOLD,FOODS_2,CA,HOLD,0.0,False,False,False,HIGH
2016-05-21,FOODS_2_285,TX_1,3.98,3.98,0.0,17.949295043945312,17.949295043945312,71.43819427490234,71.43819427490234,0.0,0.0,53,HOLD,FOODS_2,TX,HOLD,0.0,False,False,False,HIGH
2016-05-21,FOODS_2_285,TX_2,3.98,3.98,0.0,12.164830207824707,12.164830207824707,48.41602422714234,48.41602422714234,0.0,0.0,53,HOLD,FOODS_2,TX,HOLD,0.0,False,False,False,HIGH
2016-05-21,FOODS_2_285,TX_3,3.98,3.98,0.0,15.303261756896973,15.303261756896973,60.90698179244995,60.90698179244995,0.0,0.0,53,HOLD,FOODS_2,TX,HOLD,0.0,False,False,False,HIGH
2016-05-21,FOODS_2_285,WI_1,3.98,3.98,0.0,5.086474895477295,5.086474895477295,20.244170083999634,20.244170083999634,0.0,0.0,53,HOLD,FOODS_2,WI,HOLD,0.0,False,False,False,HIGH
2016-05-21,FOODS_2_285,WI_2,3.98,3.98,0.0,56.76959991455078,56.76959991455078,225.9430076599121,225.9430076599121,0.0,0.0,53,HOLD,FOODS_2,WI,HOLD,0.0,False,False,False,HIGH
2016-05-21,FOODS_2_285,WI_3,3.98,3.98,0.0,6.879554748535156,6.879554748535156,27.380627899169923,27.380627899169923,0.0,0.0,53,HOLD,FOODS_2,WI,HOLD,0.0,False,False,False,HIGH
2016-05-21,FOODS_2_291,CA_1,6.98,6.98,0.0,8.143115043640137,8.143115043640137,56.838943004608154,56.838943004608154,0.0,0.0,53,HOLD,FOODS_2,CA,HOLD,0.0,False,False,False,HIGH
2016-05-21,FOODS_2_291,CA_2,6.98,6.98,0.0,5.650322437286377,5.650322437286377,39.43925061225892,39.43925061225892,0.0,0.0,53,HOLD,FOODS_2,CA,HOLD,0.0,False,False,False,HIGH
2016-05-21,FOODS_2_291,CA_3,6.98,6.98,0.0,10.334145545959473,10.334145545959473,72.13233591079712,72.13233591079712,0.0,0.0,53,HOLD,FOODS_2,CA,HOLD,0.0,False,False,False,HIGH
2016-05-21,FOODS_2_291,CA_4,6.98,6.98,0.0,7.676501274108887,7.676501274108887,53.58197889328003,53.58197889328003,0.0,0.0,53,HOLD,FOODS_2,CA,HOLD,0.0,False,False,False,HIGH
2016-05-21,FOODS_2_291,TX_1,6.98,6.98,0.0,8.576996803283691,8.576996803283691,59.86743768692017,59.86743768692017,0.0,0.0,53,HOLD,FOODS_2,TX,HOLD,0.0,False,False,False,HIGH
2016-05-21,FOODS_2_291,TX_2,6.98,6.98,0.0,9.204853057861328,9.204853057861328,64.24987434387208,64.24987434387208,0.0,0.0,53,HOLD,FOODS_2,TX,HOLD,0.0,False,False,False,HIGH
2016-05-21,FOODS_2_291,TX_3,6.98,6.98,0.0,1.6596821546554565,1.6596821546554565,11.584581439495087,11.584581439495087,0.0,0.0,53,HOLD,FOODS_2,TX,HOLD,0.0,False,False,False,HIGH
2016-05-21,FOODS_2_291,WI_1,6.98,6.98,0.0,13.270998001098633,13.270998001098633,92.63156604766846,92.63156604766846,0.0,0.0,53,HOLD,FOODS_2,WI,HOLD,0.0,False,False,False,HIGH
2016-05-21,FOODS_2_291,WI_2,6.98,6.98,0.0,26.994304656982422,26.994304656982422,188.4202465057373,188.4202465057373,0.0,0.0,53,HOLD,FOODS_2,WI,HOLD,0.0,False,False,False,HIGH
2016-05-21,FOODS_2_291,WI_3,6.98,6.98,0.0,14.512688636779785,14.512688636779785,101.2985666847229,101.2985666847229,0.0,0.0,53,HOLD,FOODS_2,WI,HOLD,0.0,False,False,False,HIGH
2016-05-21,FOODS_2_294,CA_1,1.0,1.0,0.0,19.047060012817383,19.047060012817383,19.047060012817383,19.047060012817383,0.0,0.0,53,HOLD,FOODS_2,CA,HOLD,0.0,False,False,False,HIGH
2016-05-21,FOODS_2_294,CA_2,1.0,1.0,0.0,31.684677124023438,31.684677124023438,31.684677124023438,31.684677124023438,0.0,0.0,53,HOLD,FOODS_2,CA,HOLD,0.0,False,False,False,HIGH
2016-05-21,FOODS_2_294,CA_3,1.0,1.0,0.0,30.115766525268555,30.115766525268555,30.115766525268555,30.115766525268555,0.0,0.0,53,HOLD,FOODS_2,CA,HOLD,0.0,False,False,False,HIGH
2016-05-21,FOODS_2_294,CA_4,1.0,1.0,0.0,12.993705749511719,12.993705749511719,12.993705749511719,12.993705749511719,0.0,0.0,53,HOLD,FOODS_2,CA,HOLD,0.0,False,False,False,HIGH
2016-05-21,FOODS_2_294,TX_1,1.0,1.0,0.0,10.14743709564209,10.14743709564209,10.14743709564209,10.14743709564209,0.0,0.0,53,HOLD,FOODS_2,TX,HOLD,0.0,False,False,False,HIGH
2016-05-21,FOODS_2_294,TX_2,1.0,1.0,0.0,20.411033630371094,20.411033630371094,20.411033630371094,20.411033630371094,0.0,0.0,53,HOLD,FOODS_2,TX,HOLD,0.0,False,False,False,HIGH
2016-05-21,FOODS_2_294,TX_3,1.0,1.0,0.0,24.4117431640625,24.4117431640625,24.4117431640625,24.4117431640625,0.0,0.0,53,HOLD,FOODS_2,TX,HOLD,0.0,False,False,False,HIGH
2016-05-21,FOODS_2_294,WI_1,1.0,1.0,0.0,44.045997619628906,44.045997619628906,44.045997619628906,44.045997619628906,0.0,0.0,53,HOLD,FOODS_2,WI,HOLD,0.0,False,False,False,HIGH
2016-05-21,FOODS_2_294,WI_2,1.0,1.0,0.0,21.82893180847168,21.82893180847168,21.82893180847168,21.82893180847168,0.0,0.0,53,HOLD,FOODS_2,WI,HOLD,0.0,False,False,False,HIGH
2016-05-21,FOODS_2_294,WI_3,1.0,1.0,0.0,20.72759246826172,20.72759246826172,20.72759246826172,20.72759246826172,0.0,0.0,53,HOLD,FOODS_2,WI,HOLD,0.0,False,False,False,HIGH
2016-05-21,FOODS_2_322,CA_1,2.97,2.97,0.0,4.797509670257568,4.797509670257568,14.24860372066498,14.24860372066498,0.0,0.0,53,HOLD,FOODS_2,CA,HOLD,0.0,False,False,False,HIGH
2016-05-21,FOODS_2_322,CA_2,2.97,2.97,0.0,25.360023498535156,25.360023498535156,75.31926979064941,75.31926979064941,0.0,0.0,53,HOLD,FOODS_2,CA,HOLD,0.0,False,False,False,HIGH
2016-05-21,FOODS_2_322,CA_3,2.97,2.97,0.0,8.802239418029785,8.802239418029785,26.142651071548464,26.142651071548464,0.0,0.0,53,HOLD,FOODS_2,CA,HOLD,0.0,False,False,False,HIGH
2016-05-21,FOODS_2_322,CA_4,2.97,2.97,0.0,5.052407264709473,5.052407264709473,15.005649576187135,15.005649576187135,0.0,0.0,53,HOLD,FOODS_2,CA,HOLD,0.0,False,False,False,HIGH
2016-05-21,FOODS_2_322,TX_1,2.74,2.74,0.0,9.704169273376465,9.704169273376465,26.589423809051517,26.589423809051517,0.0,0.0,53,HOLD,FOODS_2,TX,HOLD,0.0,False,False,False,HIGH
2016-05-21,FOODS_2_322,TX_2,2.74,2.74,0.0,19.635231018066406,19.635231018066406,53.80053298950196,53.80053298950196,0.0,0.0,53,HOLD,FOODS_2,TX,HOLD,0.0,False,False,False,HIGH
2016-05-21,FOODS_2_322,TX_3,2.74,2.74,0.0,15.91384506225586,15.91384506225586,43.60393547058106,43.60393547058106,0.0,0.0,53,HOLD,FOODS_2,TX,HOLD,0.0,False,False,False,HIGH
2016-05-21,FOODS_2_322,WI_1,2.97,2.97,0.0,24.972097396850586,24.972097396850586,74.16712926864625,74.16712926864625,0.0,0.0,53,HOLD,FOODS_2,WI,HOLD,0.0,False,False,False,HIGH
2016-05-21,FOODS_2_322,WI_2,2.97,2.97,0.0,48.585914611816406,48.585914611816406,144.30016639709473,144.30016639709473,0.0,0.0,53,HOLD,FOODS_2,WI,HOLD,0.0,False,False,False,HIGH
2016-05-21,FOODS_2_322,WI_3,2.97,2.97,0.0,22.711444854736328,22.711444854736328,67.4529912185669,67.4529912185669,0.0,0.0,53,HOLD,FOODS_2,WI,HOLD,0.0,False,False,False,HIGH
2016-05-21,FOODS_2_360,CA_1,0.94,0.94,0.0,59.65456008911133,59.65456008911133,56.07528648376464,56.07528648376464,0.0,0.0,51,HOLD,FOODS_2,CA,HOLD,0.0,False,False,False,HIGH
2016-05-21,FOODS_2_360,CA_2,0.94,0.94,0.0,44.81658172607422,44.81658172607422,42.12758682250976,42.12758682250976,0.0,0.0,51,HOLD,FOODS_2,CA,HOLD,0.0,False,False,False,HIGH
2016-05-21,FOODS_2_360,CA_3,0.94,0.94,0.0,79.8039779663086,79.8039779663086,75.01573928833007,75.01573928833007,0.0,0.0,34,HOLD,FOODS_2,CA,HOLD,0.0,False,False,False,HIGH
2016-05-21,FOODS_2_360,CA_4,0.94,0.94,0.0,33.37031936645508,33.37031936645508,31.368100204467773,31.368100204467773,0.0,0.0,52,HOLD,FOODS_2,CA,HOLD,0.0,False,False,False,HIGH
2016-05-21,FOODS_2_360,TX_1,0.94,0.94,0.0,24.204421997070312,24.204421997070312,22.75215667724609,22.75215667724609,0.0,0.0,51,HOLD,FOODS_2,TX,HOLD,0.0,False,False,False,HIGH
2016-05-21,FOODS_2_360,TX_2,0.94,0.94,0.0,54.487056732177734,54.487056732177734,51.21783332824707,51.21783332824707,0.0,0.0,51,HOLD,FOODS_2,TX,HOLD,0.0,False,False,False,HIGH
2016-05-21,FOODS_2_360,TX_3,0.94,0.94,0.0,97.20844268798828,97.20844268798828,91.37593612670898,91.37593612670898,0.0,0.0,52,HOLD,FOODS_2,TX,HOLD,0.0,False,False,False,HIGH
2016-05-21,FOODS_2_360,WI_1,0.94,0.94,0.0,98.81084442138672,98.81084442138672,92.8821937561035,92.8821937561035,0.0,0.0,51,HOLD,FOODS_2,WI,HOLD,0.0,False,False,False,HIGH
2016-05-21,FOODS_2_360,WI_2,0.94,0.94,0.0,293.0063781738281,293.0063781738281,275.4259954833984,275.4259954833984,0.0,0.0,51,HOLD,FOODS_2,WI,HOLD,0.0,False,False,False,HIGH
2016-05-21,FOODS_2_360,WI_3,0.94,0.94,0.0,91.32989501953125,91.32989501953125,85.85010131835936,85.85010131835936,0.0,0.0,51,HOLD,FOODS_2,WI,HOLD,0.0,False,False,False,HIGH
2016-05-21,FOODS_2_380,CA_1,4.97,4.97,0.0,10.164570808410645,10.164570808410645,50.5179169178009,50.5179169178009,0.0,0.0,53,HOLD,FOODS_2,CA,HOLD,0.0,False,False,False,HIGH
2016-05-21,FOODS_2_380,CA_2,4.97,4.97,0.0,20.162914276123047,20.162914276123047,100.20968395233153,100.20968395233153,0.0,0.0,53,HOLD,FOODS_2,CA,HOLD,0.0,False,False,False,HIGH
2016-05-21,FOODS_2_380,CA_3,4.97,4.97,0.0,38.423866271972656,38.423866271972656,190.96661537170408,190.96661537170408,0.0,0.0,53,HOLD,FOODS_2,CA,HOLD,0.0,False,False,False,HIGH
2016-05-21,FOODS_2_380,CA_4,4.97,4.97,0.0,13.075032234191895,13.075032234191895,64.98291020393371,64.98291020393371,0.0,0.0,53,HOLD,FOODS_2,CA,HOLD,0.0,False,False,False,HIGH
2016-05-21,FOODS_2_380,TX_1,4.97,4.97,0.0,13.951373100280762,13.951373100280762,69.33832430839539,69.33832430839539,0.0,0.0,53,HOLD,FOODS_2,TX,HOLD,0.0,False,False,False,HIGH
2016-05-21,FOODS_2_380,TX_2,4.97,4.97,0.0,17.52828025817871,17.52828025817871,87.11555288314818,87.11555288314818,0.0,0.0,53,HOLD,FOODS_2,TX,HOLD,0.0,False,False,False,HIGH
2016-05-21,FOODS_2_380,TX_3,4.97,4.97,0.0,20.302419662475586,20.302419662475586,100.90302572250366,100.90302572250366,0.0,0.0,53,HOLD,FOODS_2,TX,HOLD,0.0,False,False,False,HIGH
2016-05-21,FOODS_2_380,WI_1,4.97,4.97,0.0,24.457340240478516,24.457340240478516,121.55298099517822,121.55298099517822,0.0,0.0,53,HOLD,FOODS_2,WI,HOLD,0.0,False,False,False,HIGH
2016-05-21,FOODS_2_380,WI_2,4.97,4.97,0.0,60.5024299621582,60.5024299621582,300.6970769119263,300.6970769119263,0.0,0.0,53,HOLD,FOODS_2,WI,HOLD,0.0,False,False,False,HIGH
2016-05-21,FOODS_2_380,WI_3,4.97,4.97,0.0,28.585615158081055,28.585615158081055,142.07050733566282,142.07050733566282,0.0,0.0,53,HOLD,FOODS_2,WI,HOLD,0.0,False,False,False,HIGH
2016-05-21,FOODS_2_381,CA_1,2.5,2.5,0.0,15.701515197753906,15.701515197753906,39.253787994384766,39.253787994384766,0.0,0.0,53,HOLD,FOODS_2,CA,HOLD,0.0,False,False,False,HIGH
2016-05-21,FOODS_2_381,CA_2,2.5,2.5,0.0,18.748136520385742,18.748136520385742,46.870341300964355,46.870341300964355,0.0,0.0,53,HOLD,FOODS_2,CA,HOLD,0.0,False,False,False,HIGH
2016-05-21,FOODS_2_381,CA_3,2.5,2.5,0.0,21.86023712158203,21.86023712158203,54.65059280395508,54.65059280395508,0.0,0.0,53,HOLD,FOODS_2,CA,HOLD,0.0,False,False,False,HIGH
2016-05-21,FOODS_2_381,CA_4,2.5,2.5,0.0,12.705665588378906,12.705665588378906,31.764163970947266,31.764163970947266,0.0,0.0,53,HOLD,FOODS_2,CA,HOLD,0.0,False,False,False,HIGH
2016-05-21,FOODS_2_381,TX_1,2.5,2.5,0.0,9.455105781555176,9.455105781555176,23.63776445388794,23.63776445388794,0.0,0.0,52,HOLD,FOODS_2,TX,HOLD,0.0,False,False,False,HIGH
2016-05-21,FOODS_2_381,TX_2,2.5,2.5,0.0,11.796760559082031,11.796760559082031,29.491901397705078,29.491901397705078,0.0,0.0,53,HOLD,FOODS_2,TX,HOLD,0.0,False,False,False,HIGH
2016-05-21,FOODS_2_381,TX_3,2.5,2.5,0.0,12.00208568572998,12.00208568572998,30.00521421432495,30.00521421432495,0.0,0.0,53,HOLD,FOODS_2,TX,HOLD,0.0,False,False,False,HIGH
2016-05-21,FOODS_2_381,WI_1,2.5,2.5,0.0,18.711336135864258,18.711336135864258,46.778340339660645,46.778340339660645,0.0,0.0,53,HOLD,FOODS_2,WI,HOLD,0.0,False,False,False,HIGH
2016-05-21,FOODS_2_381,WI_2,2.5,2.5,0.0,14.663785934448242,14.663785934448242,36.659464836120605,36.659464836120605,0.0,0.0,53,HOLD,FOODS_2,WI,HOLD,0.0,False,False,False,HIGH
2016-05-21,FOODS_2_381,WI_3,2.5,2.5,0.0,11.50871467590332,11.50871467590332,28.7717866897583,28.7717866897583,0.0,0.0,53,HOLD,FOODS_2,WI,HOLD,0.0,False,False,False,HIGH
2016-05-21,FOODS_2_388,CA_1,2.98,2.98,0.0,9.874223709106445,9.874223709106445,29.425186653137207,29.425186653137207,0.0,0.0,53,HOLD,FOODS_2,CA,HOLD,0.0,False,False,False,HIGH
2016-05-21,FOODS_2_388,CA_2,2.98,2.98,0.0,8.894230842590332,8.894230842590332,26.50480791091919,26.50480791091919,0.0,0.0,53,HOLD,FOODS_2,CA,HOLD,0.0,False,False,False,HIGH
2016-05-21,FOODS_2_388,CA_3,2.98,2.98,0.0,17.145849227905273,17.145849227905273,51.09463069915771,51.09463069915771,0.0,0.0,53,HOLD,FOODS_2,CA,HOLD,0.0,False,False,False,HIGH
2016-05-21,FOODS_2_388,CA_4,2.98,2.98,0.0,10.016754150390625,10.016754150390625,29.849927368164064,29.849927368164064,0.0,0.0,53,HOLD,FOODS_2,CA,HOLD,0.0,False,False,False,HIGH
2016-05-21,FOODS_2_388,TX_1,2.98,2.98,0.0,6.663275718688965,6.663275718688965,19.856561641693116,19.856561641693116,0.0,0.0,53,HOLD,FOODS_2,TX,HOLD,0.0,False,False,False,HIGH
2016-05-21,FOODS_2_388,TX_2,2.98,2.98,0.0,16.30282211303711,16.30282211303711,48.582409896850585,48.582409896850585,0.0,0.0,53,HOLD,FOODS_2,TX,HOLD,0.0,False,False,False,HIGH
2016-05-21,FOODS_2_388,TX_3,2.98,2.98,0.0,17.509668350219727,17.509668350219727,52.178811683654786,52.178811683654786,0.0,0.0,53,HOLD,FOODS_2,TX,HOLD,0.0,False,False,False,HIGH
2016-05-21,FOODS_2_388,WI_1,2.98,2.98,0.0,4.339901447296143,4.339901447296143,12.932906312942505,12.932906312942505,0.0,0.0,53,HOLD,FOODS_2,WI,HOLD,0.0,False,False,False,HIGH
2016-05-21,FOODS_2_388,WI_2,2.98,2.98,0.0,9.693305969238281,9.693305969238281,28.88605178833008,28.88605178833008,0.0,0.0,53,HOLD,FOODS_2,WI,HOLD,0.0,False,False,False,HIGH
2016-05-21,FOODS_2_388,WI_3,2.98,2.98,0.0,7.82810115814209,7.82810115814209,23.327741451263428,23.327741451263428,0.0,0.0,53,HOLD,FOODS_2,WI,HOLD,0.0,False,False,False,HIGH
2016-05-21,FOODS_2_391,CA_1,2.0,2.14,7.000000000000006,10.135579109191895,9.567316055297852,20.27115821838379,20.474056358337403,0.20289813995361428,1.0009203113495864,5,CHANGE,FOODS_2,CA,INCREASE,7.000000000000006,False,False,True,REVIEW
2016-05-21,FOODS_2_391,CA_2,2.0,2.0,0.0,19.806276321411133,19.806276321411133,39.612552642822266,39.612552642822266,0.0,0.0,44,HOLD,FOODS_2,CA,HOLD,0.0,False,False,False,HIGH
2016-05-21,FOODS_2_391,CA_3,2.0,2.0,0.0,16.668399810791016,16.668399810791016,33.33679962158203,33.33679962158203,0.0,0.0,44,HOLD,FOODS_2,CA,HOLD,0.0,False,False,False,HIGH
2016-05-21,FOODS_2_391,CA_4,2.0,2.0,0.0,23.847389221191406,23.847389221191406,47.69477844238281,47.69477844238281,0.0,0.0,44,HOLD,FOODS_2,CA,HOLD,0.0,False,False,False,HIGH
2016-05-21,FOODS_2_391,TX_1,2.0,2.0,0.0,9.21667194366455,9.21667194366455,18.4333438873291,18.4333438873291,0.0,0.0,53,HOLD,FOODS_2,TX,HOLD,0.0,False,False,False,HIGH
2016-05-21,FOODS_2_391,TX_2,2.0,2.0,0.0,6.826690673828125,6.826690673828125,13.65338134765625,13.65338134765625,0.0,0.0,53,HOLD,FOODS_2,TX,HOLD,0.0,False,False,False,HIGH
2016-05-21,FOODS_2_391,TX_3,2.0,2.0,0.0,5.885688781738281,5.885688781738281,11.771377563476562,11.771377563476562,0.0,0.0,53,HOLD,FOODS_2,TX,HOLD,0.0,False,False,False,HIGH
2016-05-21,FOODS_2_391,WI_1,2.0,2.0,0.0,19.859405517578125,19.859405517578125,39.71881103515625,39.71881103515625,0.0,0.0,44,HOLD,FOODS_2,WI,HOLD,0.0,False,False,False,HIGH
2016-05-21,FOODS_2_391,WI_2,2.0,2.0,0.0,10.989989280700684,10.989989280700684,21.979978561401367,21.979978561401367,0.0,0.0,44,HOLD,FOODS_2,WI,HOLD,0.0,False,False,False,HIGH
2016-05-21,FOODS_2_391,WI_3,2.0,2.0,0.0,11.329480171203613,11.329480171203613,22.658960342407227,22.658960342407227,0.0,0.0,27,HOLD,FOODS_2,WI,HOLD,0.0,False,False,False,HIGH
2016-05-21,FOODS_2_399,CA_1,2.0,2.14,7.000000000000006,11.328840255737305,10.632269859313965,22.65768051147461,22.753057498931884,0.09537698745727496,0.42094771090523964,5,CHANGE,FOODS_2,CA,INCREASE,7.000000000000006,False,False,True,REVIEW
2016-05-21,FOODS_2_399,CA_2,2.0,2.14,7.000000000000006,14.732115745544434,14.444938659667969,29.464231491088867,30.912168731689455,1.447937240600588,4.9142202844778105,6,CHANGE,FOODS_2,CA,INCREASE,7.000000000000006,False,False,True,REVIEW
2016-05-21,FOODS_2_399,CA_3,2.0,2.0,0.0,14.801233291625977,14.801233291625977,29.602466583251953,29.602466583251953,0.0,0.0,44,HOLD,FOODS_2,CA,HOLD,0.0,False,False,False,HIGH
2016-05-21,FOODS_2_399,CA_4,2.0,2.0,0.0,13.12522029876709,13.12522029876709,26.25044059753418,26.25044059753418,0.0,0.0,44,HOLD,FOODS_2,CA,HOLD,0.0,False,False,False,HIGH
2016-05-21,FOODS_2_399,TX_1,2.0,2.0,0.0,6.390660762786865,6.390660762786865,12.78132152557373,12.78132152557373,0.0,0.0,53,HOLD,FOODS_2,TX,HOLD,0.0,False,False,False,HIGH
2016-05-21,FOODS_2_399,TX_2,2.0,2.0,0.0,8.604246139526367,8.604246139526367,17.208492279052734,17.208492279052734,0.0,0.0,52,HOLD,FOODS_2,TX,HOLD,0.0,False,False,False,HIGH
2016-05-21,FOODS_2_399,TX_3,2.0,2.0,0.0,5.3588104248046875,5.3588104248046875,10.717620849609375,10.717620849609375,0.0,0.0,53,HOLD,FOODS_2,TX,HOLD,0.0,False,False,False,HIGH
2016-05-21,FOODS_2_399,WI_1,2.0,2.0,0.0,15.123368263244629,15.123368263244629,30.246736526489258,30.246736526489258,0.0,0.0,45,HOLD,FOODS_2,WI,HOLD,0.0,False,False,False,HIGH
2016-05-21,FOODS_2_399,WI_2,2.0,2.0,0.0,9.328299522399902,9.328299522399902,18.656599044799805,18.656599044799805,0.0,0.0,44,HOLD,FOODS_2,WI,HOLD,0.0,False,False,False,HIGH
2016-05-21,FOODS_2_399,WI_3,2.0,2.0,0.0,8.589136123657227,8.589136123657227,17.178272247314453,17.178272247314453,0.0,0.0,34,HOLD,FOODS_2,WI,HOLD,0.0,False,False,False,HIGH
2016-05-21,FOODS_3_020,CA_1,0.94,0.94,0.0,64.89165496826172,64.89165496826172,60.998155670166014,60.998155670166014,0.0,0.0,40,HOLD,FOODS_3,CA,HOLD,0.0,False,False,False,HIGH
2016-05-21,FOODS_3_020,CA_2,0.94,0.94,0.0,55.19294738769531,55.19294738769531,51.881370544433594,51.881370544433594,0.0,0.0,40,HOLD,FOODS_3,CA,HOLD,0.0,False,False,False,HIGH
2016-05-21,FOODS_3_020,CA_3,0.94,0.94,0.0,47.01913833618164,47.01913833618164,44.19799003601074,44.19799003601074,0.0,0.0,50,HOLD,FOODS_3,CA,HOLD,0.0,False,False,False,HIGH
2016-05-21,FOODS_3_020,CA_4,0.94,1.14,21.276595744680847,14.79982852935791,12.883955955505371,13.911838817596434,14.687709789276122,0.7758709716796872,5.577055498215838,13,CHANGE,FOODS_3,CA,INCREASE,21.276595744680847,True,False,False,REVIEW
2016-05-21,FOODS_3_020,TX_1,0.94,0.94,0.0,18.66560935974121,18.66560935974121,17.545672798156737,17.545672798156737,0.0,0.0,40,HOLD,FOODS_3,TX,HOLD,0.0,False,False,False,HIGH
2016-05-21,FOODS_3_020,TX_2,0.94,1.14,21.276595744680847,12.418818473815918,12.758925437927246,11.673689365386963,14.545174999237059,2.871485633850096,24.597927390154698,14,CHANGE,FOODS_3,TX,INCREASE,21.276595744680847,True,True,False,REVIEW
2016-05-21,FOODS_3_020,TX_3,0.94,1.14,21.276595744680847,10.159635543823242,9.242347717285156,9.550057411193848,10.536276397705077,0.9862189865112292,10.326838301047895,13,CHANGE,FOODS_3,TX,INCREASE,21.276595744680847,True,False,False,REVIEW
2016-05-21,FOODS_3_020,WI_1,0.94,1.14,21.276595744680847,24.896278381347656,20.589313507080078,23.402501678466795,23.471817398071288,0.0693157196044929,0.2961893585431166,13,CHANGE,FOODS_3,WI,INCREASE,21.276595744680847,True,False,False,REVIEW
2016-05-21,FOODS_3_020,WI_2,0.94,1.14,21.276595744680847,9.690378189086914,9.767216682434082,9.108955497741698,11.134627017974852,2.0256715202331534,22.2382414837284,13,CHANGE,FOODS_3,WI,INCREASE,21.276595744680847,True,True,False,REVIEW
2016-05-21,FOODS_3_020,WI_3,0.94,0.94,0.0,34.300724029541016,34.300724029541016,32.242680587768554,32.242680587768554,0.0,0.0,40,HOLD,FOODS_3,WI,HOLD,0.0,False,False,False,HIGH
2016-05-21,FOODS_3_030,CA_1,1.48,1.48,0.0,49.48291778564453,49.48291778564453,73.2347183227539,73.2347183227539,0.0,0.0,53,HOLD,FOODS_3,CA,HOLD,0.0,False,False,False,HIGH
2016-05-21,FOODS_3_030,CA_2,1.48,1.48,0.0,29.383983612060547,29.383983612060547,43.48829574584961,43.48829574584961,0.0,0.0,53,HOLD,FOODS_3,CA,HOLD,0.0,False,False,False,HIGH
2016-05-21,FOODS_3_030,CA_3,1.48,1.48,0.0,46.67942428588867,46.67942428588867,69.08554794311523,69.08554794311523,0.0,0.0,36,HOLD,FOODS_3,CA,HOLD,0.0,False,False,False,HIGH
2016-05-21,FOODS_3_030,CA_4,1.48,1.48,0.0,29.22833251953125,29.22833251953125,43.25793212890625,43.25793212890625,0.0,0.0,53,HOLD,FOODS_3,CA,HOLD,0.0,False,False,False,HIGH
2016-05-21,FOODS_3_030,TX_1,1.25,1.25,0.0,78.79762268066406,78.79762268066406,98.49702835083008,98.49702835083008,0.0,0.0,16,HOLD,FOODS_3,TX,HOLD,0.0,False,False,False,HIGH
2016-05-21,FOODS_3_030,TX_2,1.25,1.38,10.399999999999991,142.46542358398438,130.05775451660156,178.08177947998047,179.47970123291014,1.3979217529296761,0.7849886479188215,37,CHANGE,FOODS_3,TX,INCREASE,10.399999999999991,False,False,False,MEDIUM
2016-05-21,FOODS_3_030,TX_3,1.25,1.25,0.0,137.74163818359375,137.74163818359375,172.1770477294922,172.1770477294922,0.0,0.0,16,HOLD,FOODS_3,TX,HOLD,0.0,False,False,False,HIGH
2016-05-21,FOODS_3_030,WI_1,1.25,1.25,0.0,42.242156982421875,42.242156982421875,52.802696228027344,52.802696228027344,0.0,0.0,16,HOLD,FOODS_3,WI,HOLD,0.0,False,False,False,HIGH
2016-05-21,FOODS_3_030,WI_2,1.25,1.38,10.399999999999991,37.306785583496094,33.98800277709961,46.63348197937012,46.90344383239746,0.26996185302733977,0.5789013420588376,37,CHANGE,FOODS_3,WI,INCREASE,10.399999999999991,False,False,False,MEDIUM
2016-05-21,FOODS_3_030,WI_3,1.25,1.38,10.399999999999991,29.22709846496582,27.466472625732422,36.533873081207275,37.90373222351074,1.3698591423034614,3.74955904417401,22,CHANGE,FOODS_3,WI,INCREASE,10.399999999999991,False,False,False,MEDIUM
2016-05-21,FOODS_3_086,CA_1,1.0,1.0,0.0,77.69929504394531,77.69929504394531,77.69929504394531,77.69929504394531,0.0,0.0,40,HOLD,FOODS_3,CA,HOLD,0.0,False,False,False,HIGH
2016-05-21,FOODS_3_086,CA_2,1.0,1.0,0.0,36.327491760253906,36.327491760253906,36.327491760253906,36.327491760253906,0.0,0.0,40,HOLD,FOODS_3,CA,HOLD,0.0,False,False,False,HIGH
2016-05-21,FOODS_3_086,CA_3,1.0,1.0,0.0,166.0757293701172,166.0757293701172,166.0757293701172,166.0757293701172,0.0,0.0,41,HOLD,FOODS_3,CA,HOLD,0.0,False,False,False,HIGH
2016-05-21,FOODS_3_086,CA_4,1.0,1.25,25.0,17.892642974853516,15.102274894714355,17.892642974853516,18.877843618392944,0.9852006435394287,5.506177287078486,12,CHANGE,FOODS_3,CA,INCREASE,25.0,True,False,False,REVIEW
2016-05-21,FOODS_3_086,TX_1,1.0,1.0,0.0,141.92996215820312,141.92996215820312,141.92996215820312,141.92996215820312,0.0,0.0,41,HOLD,FOODS_3,TX,HOLD,0.0,False,False,False,HIGH
2016-05-21,FOODS_3_086,TX_2,1.0,1.25,25.0,49.63691711425781,41.77534103393555,49.63691711425781,52.219176292419434,2.582259178161621,5.202295646640568,13,CHANGE,FOODS_3,TX,INCREASE,25.0,True,False,False,REVIEW
2016-05-21,FOODS_3_086,TX_3,1.0,1.25,25.0,69.59949493408203,62.23396301269531,69.59949493408203,77.79245376586914,8.19295883178711,11.771577997148821,13,CHANGE,FOODS_3,TX,INCREASE,25.0,True,False,False,REVIEW
2016-05-21,FOODS_3_086,WI_1,1.0,1.0,0.0,15.52358627319336,15.52358627319336,15.52358627319336,15.52358627319336,0.0,0.0,53,HOLD,FOODS_3,WI,HOLD,0.0,False,False,False,HIGH
2016-05-21,FOODS_3_086,WI_2,1.0,1.25,25.0,46.3475227355957,40.22758102416992,46.3475227355957,50.2844762802124,3.936953544616699,8.494420655611547,15,CHANGE,FOODS_3,WI,INCREASE,25.0,True,False,False,REVIEW
2016-05-21,FOODS_3_086,WI_3,1.0,1.0,0.0,175.92893981933594,175.92893981933594,175.92893981933594,175.92893981933594,0.0,0.0,39,HOLD,FOODS_3,WI,HOLD,0.0,False,False,False,HIGH
2016-05-21,FOODS_3_090,CA_1,1.6,1.5,-6.250000000000005,413.97003173828125,457.48663330078125,662.35205078125,686.2299499511719,23.877899169921875,3.6050162661620337,11,CHANGE,FOODS_3,CA,DECREASE,6.250000000000005,False,False,False,MEDIUM
2016-05-21,FOODS_3_090,CA_2,1.6,1.6,0.0,327.97808837890625,327.97808837890625,524.76494140625,524.76494140625,0.0,0.0,21,HOLD,FOODS_3,CA,HOLD,0.0,False,False,False,HIGH
2016-05-21,FOODS_3_090,CA_3,1.6,1.6,0.0,829.6813354492188,829.6813354492188,1327.4901367187501,1327.4901367187501,0.0,0.0,21,HOLD,FOODS_3,CA,HOLD,0.0,False,False,False,HIGH
2016-05-21,FOODS_3_090,CA_4,1.6,1.5,-6.250000000000005,160.48597717285156,178.76837158203125,256.77756347656253,268.1525573730469,11.374993896484341,4.429901796121138,11,CHANGE,FOODS_3,CA,DECREASE,6.250000000000005,False,False,False,MEDIUM
2016-05-21,FOODS_3_090,TX_1,1.5,1.5,0.0,315.7846984863281,315.7846984863281,473.6770477294922,473.6770477294922,0.0,0.0,32,HOLD,FOODS_3,TX,HOLD,0.0,False,False,False,HIGH
2016-05-21,FOODS_3_090,TX_2,1.5,1.5,0.0,410.3191833496094,410.3191833496094,615.4787750244141,615.4787750244141,0.0,0.0,32,HOLD,FOODS_3,TX,HOLD,0.0,False,False,False,HIGH
2016-05-21,FOODS_3_090,TX_3,1.5,1.5,0.0,454.68096923828125,454.68096923828125,682.0214538574219,682.0214538574219,0.0,0.0,32,HOLD,FOODS_3,TX,HOLD,0.0,False,False,False,HIGH
2016-05-21,FOODS_3_090,WI_1,1.44,1.44,0.0,124.2874526977539,124.2874526977539,178.97393188476562,178.97393188476562,0.0,0.0,3,HOLD,FOODS_3,WI,HOLD,0.0,False,False,True,REVIEW
2016-05-21,FOODS_3_090,WI_2,1.44,1.44,0.0,154.4725799560547,154.4725799560547,222.44051513671874,222.44051513671874,0.0,0.0,3,HOLD,FOODS_3,WI,HOLD,0.0,False,False,True,REVIEW
2016-05-21,FOODS_3_090,WI_3,1.44,1.44,0.0,458.9063415527344,458.9063415527344,660.8251318359374,660.8251318359374,0.0,0.0,3,HOLD,FOODS_3,WI,HOLD,0.0,False,False,True,REVIEW
2016-05-21,FOODS_3_115,CA_1,4.68,4.68,0.0,8.97745132446289,8.97745132446289,42.014472198486324,42.014472198486324,0.0,0.0,24,HOLD,FOODS_3,CA,HOLD,0.0,False,False,False,HIGH
2016-05-21,FOODS_3_115,CA_2,4.68,4.68,0.0,11.105727195739746,11.105727195739746,51.97480327606201,51.97480327606201,0.0,0.0,24,HOLD,FOODS_3,CA,HOLD,0.0,False,False,False,HIGH
2016-05-21,FOODS_3_115,CA_3,4.68,4.68,0.0,9.787352561950684,9.787352561950684,45.8048099899292,45.8048099899292,0.0,0.0,24,HOLD,FOODS_3,CA,HOLD,0.0,False,False,False,HIGH
2016-05-21,FOODS_3_115,CA_4,4.68,4.68,0.0,7.277070999145508,7.277070999145508,34.05669227600097,34.05669227600097,0.0,0.0,24,HOLD,FOODS_3,CA,HOLD,0.0,False,False,False,HIGH
2016-05-21,FOODS_3_115,TX_1,4.48,4.48,0.0,6.455994606018066,6.455994606018066,28.92285583496094,28.92285583496094,0.0,0.0,52,HOLD,FOODS_3,TX,HOLD,0.0,False,False,False,HIGH
2016-05-21,FOODS_3_115,TX_2,4.48,4.48,0.0,12.435583114624023,12.435583114624023,55.711412353515634,55.711412353515634,0.0,0.0,51,HOLD,FOODS_3,TX,HOLD,0.0,False,False,False,HIGH
2016-05-21,FOODS_3_115,TX_3,4.48,4.48,0.0,12.064595222473145,12.064595222473145,54.049386596679696,54.049386596679696,0.0,0.0,52,HOLD,FOODS_3,TX,HOLD,0.0,False,False,False,HIGH
2016-05-21,FOODS_3_115,WI_1,4.44,4.44,0.0,11.119898796081543,11.119898796081543,49.37235065460205,49.37235065460205,0.0,0.0,53,HOLD,FOODS_3,WI,HOLD,0.0,False,False,False,HIGH
2016-05-21,FOODS_3_115,WI_2,4.44,4.44,0.0,4.080386161804199,4.080386161804199,18.116914558410645,18.116914558410645,0.0,0.0,52,HOLD,FOODS_3,WI,HOLD,0.0,False,False,False,HIGH
2016-05-21,FOODS_3_115,WI_3,4.44,4.44,0.0,4.6483612060546875,4.6483612060546875,20.638723754882815,20.638723754882815,0.0,0.0,52,HOLD,FOODS_3,WI,HOLD,0.0,False,False,False,HIGH
2016-05-21,FOODS_3_124,CA_1,5.44,5.44,0.0,43.144325256347656,43.144325256347656,234.70512939453127,234.70512939453127,0.0,0.0,47,HOLD,FOODS_3,CA,HOLD,0.0,False,False,False,HIGH
2016-05-21,FOODS_3_124,CA_2,5.44,5.44,0.0,24.52854347229004,24.52854347229004,133.43527648925783,133.43527648925783,0.0,0.0,47,HOLD,FOODS_3,CA,HOLD,0.0,False,False,False,HIGH
2016-05-21,FOODS_3_124,CA_3,5.44,5.44,0.0,48.920501708984375,48.920501708984375,266.127529296875,266.127529296875,0.0,0.0,47,HOLD,FOODS_3,CA,HOLD,0.0,False,False,False,HIGH
2016-05-21,FOODS_3_124,CA_4,5.44,5.44,0.0,37.093231201171875,37.093231201171875,201.787177734375,201.787177734375,0.0,0.0,47,HOLD,FOODS_3,CA,HOLD,0.0,False,False,False,HIGH
2016-05-21,FOODS_3_124,TX_1,4.68,5.48,17.09401709401711,15.89180850982666,15.267325401306152,74.37366382598877,83.66494319915772,9.291279373168948,12.492700904056104,6,CHANGE,FOODS_3,TX,INCREASE,17.09401709401711,True,False,True,REVIEW
2016-05-21,FOODS_3_124,TX_2,4.68,5.48,17.09401709401711,22.433971405029297,20.0498104095459,104.9909861755371,109.87296104431154,4.881974868774435,4.64989905001191,6,CHANGE,FOODS_3,TX,INCREASE,17.09401709401711,True,False,True,REVIEW
2016-05-21,FOODS_3_124,TX_3,4.68,5.44,16.239316239316253,21.199508666992188,18.948740005493164,99.21370056152342,103.08114562988283,3.8674450683594017,3.89809577353801,45,CHANGE,FOODS_3,TX,INCREASE,16.239316239316253,True,False,False,REVIEW
2016-05-21,FOODS_3_124,WI_1,5.44,5.44,0.0,12.587018013000488,12.587018013000488,68.47337799072267,68.47337799072267,0.0,0.0,47,HOLD,FOODS_3,WI,HOLD,0.0,False,False,False,HIGH
2016-05-21,FOODS_3_124,WI_2,5.44,5.44,0.0,8.293709754943848,8.293709754943848,45.11778106689454,45.11778106689454,0.0,0.0,47,HOLD,FOODS_3,WI,HOLD,0.0,False,False,False,HIGH
2016-05-21,FOODS_3_124,WI_3,5.44,5.48,0.7352941176470594,8.373917579650879,8.937384605407715,45.554111633300785,48.97686763763428,3.4227560043334933,7.513604988910385,6,CHANGE,FOODS_3,WI,INCREASE,0.7352941176470594,False,False,True,REVIEW
2016-05-21,FOODS_3_133,CA_1,0.8,0.8,0.0,43.05837631225586,43.05837631225586,34.44670104980469,34.44670104980469,0.0,0.0,53,HOLD,FOODS_3,CA,HOLD,0.0,False,False,False,HIGH
2016-05-21,FOODS_3_133,CA_2,0.8,0.8,0.0,27.23626708984375,27.23626708984375,21.789013671875,21.789013671875,0.0,0.0,53,HOLD,FOODS_3,CA,HOLD,0.0,False,False,False,HIGH
2016-05-21,FOODS_3_133,CA_3,0.8,0.8,0.0,50.034584045410156,50.034584045410156,40.02766723632813,40.02766723632813,0.0,0.0,53,HOLD,FOODS_3,CA,HOLD,0.0,False,False,False,HIGH
2016-05-21,FOODS_3_133,CA_4,0.8,0.8,0.0,25.9835262298584,25.9835262298584,20.78682098388672,20.78682098388672,0.0,0.0,53,HOLD,FOODS_3,CA,HOLD,0.0,False,False,False,HIGH
2016-05-21,FOODS_3_133,TX_1,0.8,0.8,0.0,14.671773910522461,14.671773910522461,11.737419128417969,11.737419128417969,0.0,0.0,53,HOLD,FOODS_3,TX,HOLD,0.0,False,False,False,HIGH
2016-05-21,FOODS_3_133,TX_2,0.8,0.8,0.0,24.514137268066406,24.514137268066406,19.611309814453126,19.611309814453126,0.0,0.0,53,HOLD,FOODS_3,TX,HOLD,0.0,False,False,False,HIGH
2016-05-21,FOODS_3_133,TX_3,0.8,0.8,0.0,31.041378021240234,31.041378021240234,24.83310241699219,24.83310241699219,0.0,0.0,53,HOLD,FOODS_3,TX,HOLD,0.0,False,False,False,HIGH
2016-05-21,FOODS_3_133,WI_1,0.8,0.8,0.0,27.454322814941406,27.454322814941406,21.963458251953128,21.963458251953128,0.0,0.0,53,HOLD,FOODS_3,WI,HOLD,0.0,False,False,False,HIGH
2016-05-21,FOODS_3_133,WI_2,0.8,0.8,0.0,20.826644897460938,20.826644897460938,16.66131591796875,16.66131591796875,0.0,0.0,53,HOLD,FOODS_3,WI,HOLD,0.0,False,False,False,HIGH
2016-05-21,FOODS_3_133,WI_3,0.8,0.8,0.0,28.132225036621094,28.132225036621094,22.505780029296876,22.505780029296876,0.0,0.0,53,HOLD,FOODS_3,WI,HOLD,0.0,False,False,False,HIGH
2016-05-21,FOODS_3_136,CA_1,4.68,4.68,0.0,27.202190399169922,27.202190399169922,127.30625106811523,127.30625106811523,0.0,0.0,24,HOLD,FOODS_3,CA,HOLD,0.0,False,False,False,HIGH
2016-05-21,FOODS_3_136,CA_2,4.68,4.68,0.0,20.909090042114258,20.909090042114258,97.85454139709472,97.85454139709472,0.0,0.0,24,HOLD,FOODS_3,CA,HOLD,0.0,False,False,False,HIGH
2016-05-21,FOODS_3_136,CA_3,4.68,4.68,0.0,33.45536422729492,33.45536422729492,156.57110458374024,156.57110458374024,0.0,0.0,24,HOLD,FOODS_3,CA,HOLD,0.0,False,False,False,HIGH
2016-05-21,FOODS_3_136,CA_4,4.68,4.68,0.0,17.373075485229492,17.373075485229492,81.30599327087401,81.30599327087401,0.0,0.0,24,HOLD,FOODS_3,CA,HOLD,0.0,False,False,False,HIGH
2016-05-21,FOODS_3_136,TX_1,4.48,4.48,0.0,53.305355072021484,53.305355072021484,238.80799072265629,238.80799072265629,0.0,0.0,53,HOLD,FOODS_3,TX,HOLD,0.0,False,False,False,HIGH
2016-05-21,FOODS_3_136,TX_2,4.48,4.48,0.0,48.78703308105469,48.78703308105469,218.56590820312502,218.56590820312502,0.0,0.0,52,HOLD,FOODS_3,TX,HOLD,0.0,False,False,False,HIGH
2016-05-21,FOODS_3_136,TX_3,4.48,4.48,0.0,65.6711654663086,65.6711654663086,294.20682128906253,294.20682128906253,0.0,0.0,53,HOLD,FOODS_3,TX,HOLD,0.0,False,False,False,HIGH
2016-05-21,FOODS_3_136,WI_1,4.44,4.44,0.0,23.796464920043945,23.796464920043945,105.65630424499513,105.65630424499513,0.0,0.0,53,HOLD,FOODS_3,WI,HOLD,0.0,False,False,False,HIGH
2016-05-21,FOODS_3_136,WI_2,4.44,4.44,0.0,58.87101364135742,58.87101364135742,261.387300567627,261.387300567627,0.0,0.0,52,HOLD,FOODS_3,WI,HOLD,0.0,False,False,False,HIGH
2016-05-21,FOODS_3_136,WI_3,4.44,4.44,0.0,36.720252990722656,36.720252990722656,163.03792327880862,163.03792327880862,0.0,0.0,53,HOLD,FOODS_3,WI,HOLD,0.0,False,False,False,HIGH
2016-05-21,FOODS_3_202,CA_1,4.68,4.58,-2.136752136752129,98.41646575927734,101.1361312866211,460.5890597534179,463.20348129272463,2.6144215393067043,0.5676256272144995,29,CHANGE,FOODS_3,CA,DECREASE,2.136752136752129,False,False,False,HIGH
2016-05-21,FOODS_3_202,CA_2,4.68,4.68,0.0,84.85834503173828,84.85834503173828,397.13705474853515,397.13705474853515,0.0,0.0,24,HOLD,FOODS_3,CA,HOLD,0.0,False,False,False,HIGH
2016-05-21,FOODS_3_202,CA_3,4.68,4.68,0.0,133.62464904785156,133.62464904785156,625.3633575439453,625.3633575439453,0.0,0.0,24,HOLD,FOODS_3,CA,HOLD,0.0,False,False,False,HIGH
2016-05-21,FOODS_3_202,CA_4,4.68,4.68,0.0,76.37356567382812,76.37356567382812,357.4282873535156,357.4282873535156,0.0,0.0,24,HOLD,FOODS_3,CA,HOLD,0.0,False,False,False,HIGH
2016-05-21,FOODS_3_202,TX_1,4.48,4.48,0.0,177.04417419433594,177.04417419433594,793.1579003906251,793.1579003906251,0.0,0.0,53,HOLD,FOODS_3,TX,HOLD,0.0,False,False,False,HIGH
2016-05-21,FOODS_3_202,TX_2,4.48,4.48,0.0,155.0572052001953,155.0572052001953,694.656279296875,694.656279296875,0.0,0.0,49,HOLD,FOODS_3,TX,HOLD,0.0,False,False,False,HIGH
2016-05-21,FOODS_3_202,TX_3,4.48,4.48,0.0,198.3524932861328,198.3524932861328,888.6191699218751,888.6191699218751,0.0,0.0,53,HOLD,FOODS_3,TX,HOLD,0.0,False,False,False,HIGH
2016-05-21,FOODS_3_202,WI_1,2.5,4.44,77.60000000000001,75.58722686767578,65.57678985595703,188.96806716918945,291.1609469604492,102.19287979125977,54.07944385638609,52,CHANGE,FOODS_3,WI,INCREASE,77.60000000000001,True,True,False,REVIEW
2016-05-21,FOODS_3_202,WI_2,4.44,4.44,0.0,41.84810256958008,41.84810256958008,185.80557540893557,185.80557540893557,0.0,0.0,52,HOLD,FOODS_3,WI,HOLD,0.0,False,False,False,HIGH
2016-05-21,FOODS_3_202,WI_3,4.44,4.44,0.0,98.62716674804688,98.62716674804688,437.90462036132817,437.90462036132817,0.0,0.0,53,HOLD,FOODS_3,WI,HOLD,0.0,False,False,False,HIGH
2016-05-21,FOODS_3_219,CA_1,1.48,1.48,0.0,46.91193389892578,46.91193389892578,69.42966217041015,69.42966217041015,0.0,0.0,53,HOLD,FOODS_3,CA,HOLD,0.0,False,False,False,HIGH
2016-05-21,FOODS_3_219,CA_2,1.48,1.48,0.0,37.77102279663086,37.77102279663086,55.901113739013674,55.901113739013674,0.0,0.0,53,HOLD,FOODS_3,CA,HOLD,0.0,False,False,False,HIGH
2016-05-21,FOODS_3_219,CA_3,1.48,1.48,0.0,44.26387023925781,44.26387023925781,65.51052795410156,65.51052795410156,0.0,0.0,37,HOLD,FOODS_3,CA,HOLD,0.0,False,False,False,HIGH
2016-05-21,FOODS_3_219,CA_4,1.48,1.48,0.0,30.977346420288086,30.977346420288086,45.84647270202637,45.84647270202637,0.0,0.0,53,HOLD,FOODS_3,CA,HOLD,0.0,False,False,False,HIGH
2016-05-21,FOODS_3_219,TX_1,1.48,1.48,0.0,4.222551345825195,4.222551345825195,6.249375991821289,6.249375991821289,0.0,0.0,52,HOLD,FOODS_3,TX,HOLD,0.0,False,False,False,HIGH
2016-05-21,FOODS_3_219,TX_2,0.99,1.48,49.494949494949495,6.859637260437012,6.170139789581299,6.791040887832642,9.131806888580321,2.3407660007476796,34.468442163874734,51,CHANGE,FOODS_3,TX,INCREASE,49.494949494949495,True,True,False,REVIEW
2016-05-21,FOODS_3_219,TX_3,1.48,1.48,0.0,7.277451038360596,7.277451038360596,10.77062753677368,10.77062753677368,0.0,0.0,50,HOLD,FOODS_3,TX,HOLD,0.0,False,False,False,HIGH
2016-05-21,FOODS_3_219,WI_1,1.48,1.48,0.0,63.30624771118164,63.30624771118164,93.69324661254883,93.69324661254883,0.0,0.0,53,HOLD,FOODS_3,WI,HOLD,0.0,False,False,False,HIGH
2016-05-21,FOODS_3_219,WI_2,1.48,1.48,0.0,35.25135803222656,35.25135803222656,52.17200988769531,52.17200988769531,0.0,0.0,52,HOLD,FOODS_3,WI,HOLD,0.0,False,False,False,HIGH
2016-05-21,FOODS_3_219,WI_3,1.48,1.48,0.0,57.09947967529297,57.09947967529297,84.5072299194336,84.5072299194336,0.0,0.0,52,HOLD,FOODS_3,WI,HOLD,0.0,False,False,False,HIGH
2016-05-21,FOODS_3_224,CA_1,3.98,4.48,12.562814070351768,13.334497451782227,12.203272819519043,53.07129985809326,54.67066223144532,1.5993623733520579,3.013610704144377,14,CHANGE,FOODS_3,CA,INCREASE,12.562814070351768,False,False,False,MEDIUM
2016-05-21,FOODS_3_224,CA_2,3.98,4.48,12.562814070351768,12.223642349243164,10.891873359680176,48.65009654998779,48.795592651367194,0.1454961013794005,0.2990664185628158,14,CHANGE,FOODS_3,CA,INCREASE,12.562814070351768,False,False,False,MEDIUM
2016-05-21,FOODS_3_224,CA_3,3.98,4.48,12.562814070351768,11.252460479736328,10.536096572875977,44.78479270935058,47.20171264648438,2.416919937133798,5.396742489843369,13,CHANGE,FOODS_3,CA,INCREASE,12.562814070351768,False,False,False,MEDIUM
2016-05-21,FOODS_3_224,CA_4,3.98,4.48,12.562814070351768,6.564250946044922,6.219960689544678,26.12571876525879,27.86542388916016,1.7397051239013699,6.658975163641348,14,CHANGE,FOODS_3,CA,INCREASE,12.562814070351768,False,False,False,MEDIUM
2016-05-21,FOODS_3_224,TX_1,3.98,4.48,12.562814070351768,7.775673866271973,7.490379333496094,30.947181987762452,33.55689941406251,2.6097174263000547,8.432811192088586,14,CHANGE,FOODS_3,TX,INCREASE,12.562814070351768,False,False,False,MEDIUM
2016-05-21,FOODS_3_224,TX_2,3.98,4.48,12.562814070351768,10.21196174621582,9.509716987609863,40.643607749938965,42.60353210449219,1.9599243545532232,4.822220425439881,13,CHANGE,FOODS_3,TX,INCREASE,12.562814070351768,False,False,False,MEDIUM
2016-05-21,FOODS_3_224,TX_3,3.98,4.48,12.562814070351768,9.003451347351074,8.412981986999512,35.83373636245727,37.69015930175782,1.8564229393005434,5.180656910914552,13,CHANGE,FOODS_3,TX,INCREASE,12.562814070351768,False,False,False,MEDIUM
2016-05-21,FOODS_3_224,WI_1,3.98,4.48,12.562814070351768,17.362842559814453,15.899077415466309,69.10411338806152,71.22786682128907,2.1237534332275487,3.0732663065965187,14,CHANGE,FOODS_3,WI,INCREASE,12.562814070351768,False,False,False,MEDIUM
2016-05-21,FOODS_3_224,WI_2,3.98,3.98,0.0,20.439083099365234,20.439083099365234,81.34755073547363,81.34755073547363,0.0,0.0,16,HOLD,FOODS_3,WI,HOLD,0.0,False,False,False,HIGH
2016-05-21,FOODS_3_224,WI_3,3.98,4.48,12.562814070351768,11.171432495117188,10.507546424865723,44.462301330566405,47.07380798339844,2.611506652832034,5.873530102313231,13,CHANGE,FOODS_3,WI,INCREASE,12.562814070351768,False,False,False,MEDIUM
2016-05-21,FOODS_3_231,CA_1,5.44,5.44,0.0,26.289060592651367,26.289060592651367,143.01248962402346,143.01248962402346,0.0,0.0,46,HOLD,FOODS_3,CA,HOLD,0.0,False,False,False,HIGH
2016-05-21,FOODS_3_231,CA_2,5.44,5.48,0.7352941176470594,20.474721908569336,20.57230567932129,111.3824871826172,112.73623512268067,1.3537479400634709,1.2154046603789095,6,CHANGE,FOODS_3,CA,INCREASE,0.7352941176470594,False,False,True,REVIEW
2016-05-21,FOODS_3_231,CA_3,5.44,5.44,0.0,49.96345520019531,49.96345520019531,271.80119628906255,271.80119628906255,0.0,0.0,47,HOLD,FOODS_3,CA,HOLD,0.0,False,False,False,HIGH
2016-05-21,FOODS_3_231,CA_4,5.44,5.44,0.0,21.333383560180664,21.333383560180664,116.05360656738281,116.05360656738281,0.0,0.0,47,HOLD,FOODS_3,CA,HOLD,0.0,False,False,False,HIGH
2016-05-21,FOODS_3_231,TX_1,4.68,5.48,17.09401709401711,17.011627197265625,16.189085006713867,79.61441528320312,88.716185836792,9.101770553588878,11.432314765124138,6,CHANGE,FOODS_3,TX,INCREASE,17.09401709401711,True,False,True,REVIEW
2016-05-21,FOODS_3_231,TX_2,4.68,5.48,17.09401709401711,19.512304306030273,17.010610580444336,91.31758415222167,93.21814598083496,1.9005618286132915,2.0812659974065384,6,CHANGE,FOODS_3,TX,INCREASE,17.09401709401711,True,False,True,REVIEW
2016-05-21,FOODS_3_231,TX_3,4.68,5.48,17.09401709401711,13.389512062072754,12.126362800598145,62.66291645050048,66.45246814727784,3.789551696777359,6.047518869905858,7,CHANGE,FOODS_3,TX,INCREASE,17.09401709401711,True,False,True,REVIEW
2016-05-21,FOODS_3_231,WI_1,5.44,5.44,0.0,15.107306480407715,15.107306480407715,82.18374725341798,82.18374725341798,0.0,0.0,47,HOLD,FOODS_3,WI,HOLD,0.0,False,False,False,HIGH
2016-05-21,FOODS_3_231,WI_2,5.44,5.44,0.0,13.56159496307373,13.56159496307373,73.77507659912109,73.77507659912109,0.0,0.0,47,HOLD,FOODS_3,WI,HOLD,0.0,False,False,False,HIGH
2016-05-21,FOODS_3_231,WI_3,5.44,5.48,0.7352941176470594,11.214277267456055,12.0506010055542,61.005668334960944,66.03729351043701,5.031625175476066,8.24779944684674,6,CHANGE,FOODS_3,WI,INCREASE,0.7352941176470594,False,False,True,REVIEW
2016-05-21,FOODS_3_257,CA_1,3.98,4.48,12.562814070351768,17.66575050354004,16.167299270629883,70.30968700408935,72.42950073242189,2.119813728332531,3.0149668113431343,14,CHANGE,FOODS_3,CA,INCREASE,12.562814070351768,False,False,False,MEDIUM
2016-05-21,FOODS_3_257,CA_2,3.98,3.98,0.0,23.2436466217041,23.2436466217041,92.50971355438233,92.50971355438233,0.0,0.0,16,HOLD,FOODS_3,CA,HOLD,0.0,False,False,False,HIGH
2016-05-21,FOODS_3_257,CA_3,3.98,4.48,12.562814070351768,15.211614608764648,14.215712547302246,60.5422261428833,63.68639221191407,3.144166069030767,5.193344000285595,13,CHANGE,FOODS_3,CA,INCREASE,12.562814070351768,False,False,False,MEDIUM
2016-05-21,FOODS_3_257,CA_4,3.98,3.98,0.0,18.038179397583008,18.038179397583008,71.79195400238036,71.79195400238036,0.0,0.0,16,HOLD,FOODS_3,CA,HOLD,0.0,False,False,False,HIGH
2016-05-21,FOODS_3_257,TX_1,3.98,3.98,0.0,14.686921119689941,14.686921119689941,58.453946056365965,58.453946056365965,0.0,0.0,16,HOLD,FOODS_3,TX,HOLD,0.0,False,False,False,HIGH
2016-05-21,FOODS_3_257,TX_2,3.98,4.48,12.562814070351768,13.163372039794922,11.897183418273926,52.39022071838379,53.29938171386719,0.9091609954834041,1.7353639343694893,14,CHANGE,FOODS_3,TX,INCREASE,12.562814070351768,False,False,False,MEDIUM
2016-05-21,FOODS_3_257,TX_3,3.98,4.48,12.562814070351768,10.043313980102539,9.123268127441406,39.9723896408081,40.8722412109375,0.8998515701293996,2.2511828244832643,14,CHANGE,FOODS_3,TX,INCREASE,12.562814070351768,False,False,False,MEDIUM
2016-05-21,FOODS_3_257,WI_1,3.98,4.48,12.562814070351768,12.039992332458496,11.313830375671387,47.91916948318482,50.68596008300782,2.766790599823004,5.773870101805272,13,CHANGE,FOODS_3,WI,INCREASE,12.562814070351768,False,False,False,MEDIUM
2016-05-21,FOODS_3_257,WI_2,3.98,3.98,0.0,29.93430519104004,29.93430519104004,119.13853466033936,119.13853466033936,0.0,0.0,16,HOLD,FOODS_3,WI,HOLD,0.0,False,False,False,HIGH
2016-05-21,FOODS_3_257,WI_3,3.98,4.48,12.562814070351768,9.481549263000488,8.879234313964844,37.73656606674194,39.7789697265625,2.0424036598205575,5.4122668612939115,14,CHANGE,FOODS_3,WI,INCREASE,12.562814070351768,False,False,False,MEDIUM
2016-05-21,FOODS_3_274,CA_1,1.6,1.48,-7.500000000000007,22.076051712036133,24.174583435058594,35.32168273925782,35.77838348388672,0.456700744628904,1.2929756150074638,21,CHANGE,FOODS_3,CA,DECREASE,7.500000000000007,False,False,False,HIGH
2016-05-21,FOODS_3_274,CA_2,1.6,1.6,0.0,15.571616172790527,15.571616172790527,24.914585876464844,24.914585876464844,0.0,0.0,20,HOLD,FOODS_3,CA,HOLD,0.0,False,False,False,HIGH
2016-05-21,FOODS_3_274,CA_3,1.6,1.6,0.0,11.730083465576172,11.730083465576172,18.768133544921877,18.768133544921877,0.0,0.0,20,HOLD,FOODS_3,CA,HOLD,0.0,False,False,False,HIGH
2016-05-21,FOODS_3_274,CA_4,1.6,1.6,0.0,12.747601509094238,12.747601509094238,20.396162414550783,20.396162414550783,0.0,0.0,21,HOLD,FOODS_3,CA,HOLD,0.0,False,False,False,HIGH
2016-05-21,FOODS_3_274,TX_1,1.5,1.48,-1.3333333333333344,4.616982936859131,4.826908111572266,6.925474405288696,7.1438240051269535,0.2183495998382572,3.152846824060352,21,CHANGE,FOODS_3,TX,DECREASE,1.3333333333333344,False,False,False,HIGH
2016-05-21,FOODS_3_274,TX_2,1.5,1.48,-1.3333333333333344,9.559224128723145,9.75979995727539,14.338836193084717,14.444503936767578,0.10566774368286147,0.7369338924021082,21,CHANGE,FOODS_3,TX,DECREASE,1.3333333333333344,False,False,False,HIGH
2016-05-21,FOODS_3_274,TX_3,1.5,1.48,-1.3333333333333344,4.718445777893066,4.873841762542725,7.0776686668396,7.213285808563232,0.1356171417236327,1.9161273027519385,21,CHANGE,FOODS_3,TX,DECREASE,1.3333333333333344,False,False,False,HIGH
2016-05-21,FOODS_3_274,WI_1,1.5,1.48,-1.3333333333333344,22.202945709228516,22.559782028198242,33.30441856384277,33.3884774017334,0.0840588378906233,0.25239545236163496,21,CHANGE,FOODS_3,WI,DECREASE,1.3333333333333344,False,False,False,HIGH
2016-05-21,FOODS_3_274,WI_2,1.5,1.5,0.0,8.921198844909668,8.921198844909668,13.381798267364502,13.381798267364502,0.0,0.0,31,HOLD,FOODS_3,WI,HOLD,0.0,False,False,False,HIGH
2016-05-21,FOODS_3_274,WI_3,1.5,1.5,0.0,12.797497749328613,12.797497749328613,19.19624662399292,19.19624662399292,0.0,0.0,29,HOLD,FOODS_3,WI,HOLD,0.0,False,False,False,HIGH
2016-05-21,FOODS_3_281,CA_1,1.25,1.38,10.399999999999991,76.98328399658203,71.66569519042969,96.22910499572754,98.89865936279296,2.669554367065416,2.7741652249430575,37,CHANGE,FOODS_3,CA,INCREASE,10.399999999999991,False,False,False,MEDIUM
2016-05-21,FOODS_3_281,CA_2,1.25,1.38,10.399999999999991,50.9217414855957,48.845516204833984,63.65217685699463,67.40681236267089,3.754635505676262,5.898675726537499,37,CHANGE,FOODS_3,CA,INCREASE,10.399999999999991,False,False,False,MEDIUM
2016-05-21,FOODS_3_281,CA_3,1.25,1.38,10.399999999999991,88.26732635498047,86.15061950683594,110.33415794372559,118.88785491943358,8.553696975707993,7.752537505267125,24,CHANGE,FOODS_3,CA,INCREASE,10.399999999999991,False,False,False,MEDIUM
2016-05-21,FOODS_3_281,CA_4,1.25,1.38,10.399999999999991,46.54835891723633,44.73638916015625,58.18544864654541,61.73621704101562,3.550768394470211,6.102502390313746,37,CHANGE,FOODS_3,CA,INCREASE,10.399999999999991,False,False,False,MEDIUM
2016-05-21,FOODS_3_281,TX_1,1.25,1.38,10.399999999999991,21.46530532836914,20.17489242553711,26.831631660461426,27.84135154724121,1.0097198867797843,3.7631699016936344,37,CHANGE,FOODS_3,TX,INCREASE,10.399999999999991,False,False,False,MEDIUM
2016-05-21,FOODS_3_281,TX_2,1.25,1.38,10.399999999999991,29.960580825805664,28.512592315673828,37.45072603225708,39.34737739562988,1.896651363372797,5.064391439939435,37,CHANGE,FOODS_3,TX,INCREASE,10.399999999999991,False,False,False,MEDIUM
2016-05-21,FOODS_3_281,TX_3,1.25,1.38,10.399999999999991,33.00954055786133,30.952850341796875,41.26192569732666,42.714933471679686,1.4530077743530256,3.521425017851664,37,CHANGE,FOODS_3,TX,INCREASE,10.399999999999991,False,False,False,MEDIUM
2016-05-21,FOODS_3_281,WI_1,1.25,1.38,10.399999999999991,43.67467498779297,40.424217224121094,54.59334373474121,55.7854197692871,1.1920760345458916,2.183555636998468,37,CHANGE,FOODS_3,WI,INCREASE,10.399999999999991,False,False,False,MEDIUM
2016-05-21,FOODS_3_281,WI_2,1.25,1.38,10.399999999999991,89.78341674804688,85.5836181640625,112.2292709350586,118.10539306640624,5.876122131347643,5.235819570411232,37,CHANGE,FOODS_3,WI,INCREASE,10.399999999999991,False,False,False,MEDIUM
2016-05-21,FOODS_3_281,WI_3,1.25,1.0,-20.0,54.94451141357422,73.11371612548828,68.68063926696777,73.11371612548828,4.433076858520508,6.454623756905847,15,CHANGE,FOODS_3,WI,DECREASE,20.0,True,False,False,REVIEW
2016-05-21,FOODS_3_285,CA_1,1.25,1.38,10.399999999999991,26.940065383911133,25.47795867919922,33.675081729888916,35.15958297729492,1.4845012474060013,4.408307778770455,37,CHANGE,FOODS_3,CA,INCREASE,10.399999999999991,False,False,False,MEDIUM
2016-05-21,FOODS_3_285,CA_2,1.25,1.25,0.0,22.569965362548828,22.569965362548828,28.212456703186035,28.212456703186035,0.0,0.0,16,HOLD,FOODS_3,CA,HOLD,0.0,False,False,False,HIGH
2016-05-21,FOODS_3_285,CA_3,1.25,1.38,10.399999999999991,32.68167495727539,31.28789710998535,40.85209369659424,43.17729801177978,2.3252043151855446,5.6917629056045,24,CHANGE,FOODS_3,CA,INCREASE,10.399999999999991,False,False,False,MEDIUM
2016-05-21,FOODS_3_285,CA_4,1.25,1.25,0.0,16.941184997558594,16.941184997558594,21.176481246948242,21.176481246948242,0.0,0.0,16,HOLD,FOODS_3,CA,HOLD,0.0,False,False,False,HIGH
2016-05-21,FOODS_3_285,TX_1,1.25,1.38,10.399999999999991,4.958431720733643,4.823450565338135,6.198039650917053,6.656361780166625,0.45832212924957183,7.3946304809740795,35,CHANGE,FOODS_3,TX,INCREASE,10.399999999999991,False,False,False,MEDIUM
2016-05-21,FOODS_3_285,TX_2,0.88,1.38,56.8181818181818,9.148977279663086,8.070448875427246,8.051100006103516,11.1372194480896,3.0861194419860833,38.33164958386438,36,CHANGE,FOODS_3,TX,INCREASE,56.8181818181818,True,True,False,REVIEW
2016-05-21,FOODS_3_285,TX_3,1.25,1.38,10.399999999999991,7.403298854827881,6.955895900726318,9.254123568534851,9.599136343002318,0.3450127744674667,3.7282058307558397,35,CHANGE,FOODS_3,TX,INCREASE,10.399999999999991,False,False,False,MEDIUM
2016-05-21,FOODS_3_285,WI_1,1.25,1.25,0.0,22.53727149963379,22.53727149963379,28.171589374542236,28.171589374542236,0.0,0.0,16,HOLD,FOODS_3,WI,HOLD,0.0,False,False,False,HIGH
2016-05-21,FOODS_3_285,WI_2,1.25,1.38,10.399999999999991,22.38214874267578,20.379213333129883,27.977685928344727,28.123314399719238,0.1456284713745113,0.5205164992826383,37,CHANGE,FOODS_3,WI,INCREASE,10.399999999999991,False,False,False,MEDIUM
2016-05-21,FOODS_3_285,WI_3,1.25,1.25,0.0,12.729806900024414,12.729806900024414,15.912258625030518,15.912258625030518,0.0,0.0,16,HOLD,FOODS_3,WI,HOLD,0.0,False,False,False,HIGH
2016-05-21,FOODS_3_295,CA_1,0.8,0.8,0.0,159.57850646972656,159.57850646972656,127.66280517578126,127.66280517578126,0.0,0.0,53,HOLD,FOODS_3,CA,HOLD,0.0,False,False,False,HIGH
2016-05-21,FOODS_3_295,CA_2,0.8,0.8,0.0,48.70862579345703,48.70862579345703,38.96690063476563,38.96690063476563,0.0,0.0,53,HOLD,FOODS_3,CA,HOLD,0.0,False,False,False,HIGH
2016-05-21,FOODS_3_295,CA_3,0.8,0.8,0.0,109.31430053710938,109.31430053710938,87.45144042968751,87.45144042968751,0.0,0.0,51,HOLD,FOODS_3,CA,HOLD,0.0,False,False,False,HIGH
2016-05-21,FOODS_3_295,CA_4,0.8,0.8,0.0,38.77161407470703,38.77161407470703,31.017291259765628,31.017291259765628,0.0,0.0,53,HOLD,FOODS_3,CA,HOLD,0.0,False,False,False,HIGH
2016-05-21,FOODS_3_295,TX_1,0.8,0.8,0.0,158.9264373779297,158.9264373779297,127.14114990234376,127.14114990234376,0.0,0.0,53,HOLD,FOODS_3,TX,HOLD,0.0,False,False,False,HIGH
2016-05-21,FOODS_3_295,TX_2,0.8,0.8,0.0,91.08509063720703,91.08509063720703,72.86807250976562,72.86807250976562,0.0,0.0,53,HOLD,FOODS_3,TX,HOLD,0.0,False,False,False,HIGH
2016-05-21,FOODS_3_295,TX_3,0.8,0.8,0.0,52.03384017944336,52.03384017944336,41.62707214355469,41.62707214355469,0.0,0.0,53,HOLD,FOODS_3,TX,HOLD,0.0,False,False,False,HIGH
2016-05-21,FOODS_3_295,WI_1,0.8,0.8,0.0,71.1028060913086,71.1028060913086,56.88224487304688,56.88224487304688,0.0,0.0,53,HOLD,FOODS_3,WI,HOLD,0.0,False,False,False,HIGH
2016-05-21,FOODS_3_295,WI_2,0.8,0.8,0.0,43.44685745239258,43.44685745239258,34.757485961914064,34.757485961914064,0.0,0.0,53,HOLD,FOODS_3,WI,HOLD,0.0,False,False,False,HIGH
2016-05-21,FOODS_3_295,WI_3,0.8,0.8,0.0,68.28821563720703,68.28821563720703,54.63057250976563,54.63057250976563,0.0,0.0,53,HOLD,FOODS_3,WI,HOLD,0.0,False,False,False,HIGH
2016-05-21,FOODS_3_318,CA_1,1.48,1.48,0.0,77.82469940185547,77.82469940185547,115.1805551147461,115.1805551147461,0.0,0.0,53,HOLD,FOODS_3,CA,HOLD,0.0,False,False,False,HIGH
2016-05-21,FOODS_3_318,CA_2,1.48,1.48,0.0,73.54975891113281,73.54975891113281,108.85364318847657,108.85364318847657,0.0,0.0,53,HOLD,FOODS_3,CA,HOLD,0.0,False,False,False,HIGH
2016-05-21,FOODS_3_318,CA_3,1.48,1.48,0.0,130.6429443359375,130.6429443359375,193.3515576171875,193.3515576171875,0.0,0.0,48,HOLD,FOODS_3,CA,HOLD,0.0,False,False,False,HIGH
2016-05-21,FOODS_3_318,CA_4,1.48,1.48,0.0,55.18447494506836,55.18447494506836,81.67302291870116,81.67302291870116,0.0,0.0,53,HOLD,FOODS_3,CA,HOLD,0.0,False,False,False,HIGH
2016-05-21,FOODS_3_318,TX_1,1.48,1.48,0.0,54.81876754760742,54.81876754760742,81.13177597045899,81.13177597045899,0.0,0.0,52,HOLD,FOODS_3,TX,HOLD,0.0,False,False,False,HIGH
2016-05-21,FOODS_3_318,TX_2,1.48,1.48,0.0,50.26032638549805,50.26032638549805,74.38528305053711,74.38528305053711,0.0,0.0,53,HOLD,FOODS_3,TX,HOLD,0.0,False,False,False,HIGH
2016-05-21,FOODS_3_318,TX_3,1.48,1.48,0.0,64.0184326171875,64.0184326171875,94.7472802734375,94.7472802734375,0.0,0.0,51,HOLD,FOODS_3,TX,HOLD,0.0,False,False,False,HIGH
2016-05-21,FOODS_3_318,WI_1,1.48,1.48,0.0,87.66804504394531,87.66804504394531,129.74870666503907,129.74870666503907,0.0,0.0,53,HOLD,FOODS_3,WI,HOLD,0.0,False,False,False,HIGH
2016-05-21,FOODS_3_318,WI_2,1.48,1.48,0.0,184.6226806640625,184.6226806640625,273.2415673828125,273.2415673828125,0.0,0.0,53,HOLD,FOODS_3,WI,HOLD,0.0,False,False,False,HIGH
2016-05-21,FOODS_3_318,WI_3,1.48,1.48,0.0,142.56402587890625,142.56402587890625,210.99475830078126,210.99475830078126,0.0,0.0,52,HOLD,FOODS_3,WI,HOLD,0.0,False,False,False,HIGH
2016-05-21,FOODS_3_319,CA_1,1.0,1.0,0.0,5.511755466461182,5.511755466461182,5.511755466461182,5.511755466461182,0.0,0.0,52,HOLD,FOODS_3,CA,HOLD,0.0,False,False,False,HIGH
2016-05-21,FOODS_3_319,CA_2,0.88,1.0,13.636363636363635,5.512991428375244,22.482257843017578,4.8514324569702145,22.482257843017578,17.630825386047363,363.41483762628843,46,CHANGE,FOODS_3,CA,INCREASE,13.636363636363635,False,True,False,MEDIUM
2016-05-21,FOODS_3_319,CA_3,0.88,1.0,13.636363636363635,8.575923919677734,20.085657119750977,7.546813049316406,20.085657119750977,12.538844070434571,166.14753788780212,34,CHANGE,FOODS_3,CA,INCREASE,13.636363636363635,False,True,False,MEDIUM
2016-05-21,FOODS_3_319,CA_4,1.0,1.0,0.0,1.7171046733856201,1.7171046733856201,1.7171046733856201,1.7171046733856201,0.0,0.0,53,HOLD,FOODS_3,CA,HOLD,0.0,False,False,False,HIGH
2016-05-21,FOODS_3_319,TX_1,0.94,0.94,0.0,1.663007378578186,1.663007378578186,1.5632269358634947,1.5632269358634947,0.0,0.0,53,HOLD,FOODS_3,TX,HOLD,0.0,False,False,False,HIGH
2016-05-21,FOODS_3_319,TX_2,0.94,0.94,0.0,1.9651185274124146,1.9651185274124146,1.8472114157676696,1.8472114157676696,0.0,0.0,53,HOLD,FOODS_3,TX,HOLD,0.0,False,False,False,HIGH
2016-05-21,FOODS_3_319,TX_3,0.94,0.94,0.0,1.8703111410140991,1.8703111410140991,1.7580924725532532,1.7580924725532532,0.0,0.0,53,HOLD,FOODS_3,TX,HOLD,0.0,False,False,False,HIGH
2016-05-21,FOODS_3_319,WI_1,0.94,0.94,0.0,1.6643896102905273,1.6643896102905273,1.5645262336730956,1.5645262336730956,0.0,0.0,53,HOLD,FOODS_3,WI,HOLD,0.0,False,False,False,HIGH
2016-05-21,FOODS_3_319,WI_2,0.94,0.94,0.0,1.1761338710784912,1.1761338710784912,1.1055658388137817,1.1055658388137817,0.0,0.0,53,HOLD,FOODS_3,WI,HOLD,0.0,False,False,False,HIGH
2016-05-21,FOODS_3_319,WI_3,0.94,0.94,0.0,2.239224910736084,2.239224910736084,2.104871416091919,2.104871416091919,0.0,0.0,53,HOLD,FOODS_3,WI,HOLD,0.0,False,False,False,HIGH
2016-05-21,FOODS_3_324,CA_1,3.0,3.0,0.0,86.39373779296875,86.39373779296875,259.18121337890625,259.18121337890625,0.0,0.0,53,HOLD,FOODS_3,CA,HOLD,0.0,False,False,False,HIGH
2016-05-21,FOODS_3_324,CA_2,3.0,3.0,0.0,33.72718048095703,33.72718048095703,101.1815414428711,101.1815414428711,0.0,0.0,47,HOLD,FOODS_3,CA,HOLD,0.0,False,False,False,HIGH
2016-05-21,FOODS_3_324,CA_3,3.0,3.0,0.0,48.8817253112793,48.8817253112793,146.6451759338379,146.6451759338379,0.0,0.0,35,HOLD,FOODS_3,CA,HOLD,0.0,False,False,False,HIGH
2016-05-21,FOODS_3_324,CA_4,3.0,3.0,0.0,26.596187591552734,26.596187591552734,79.7885627746582,79.7885627746582,0.0,0.0,53,HOLD,FOODS_3,CA,HOLD,0.0,False,False,False,HIGH
2016-05-21,FOODS_3_324,TX_1,3.0,3.0,0.0,9.322578430175781,9.322578430175781,27.967735290527344,27.967735290527344,0.0,0.0,48,HOLD,FOODS_3,TX,HOLD,0.0,False,False,False,HIGH
2016-05-21,FOODS_3_324,TX_2,3.0,3.0,0.0,22.726037979125977,22.726037979125977,68.17811393737793,68.17811393737793,0.0,0.0,48,HOLD,FOODS_3,TX,HOLD,0.0,False,False,False,HIGH
2016-05-21,FOODS_3_324,TX_3,3.0,3.0,0.0,23.187063217163086,23.187063217163086,69.56118965148926,69.56118965148926,0.0,0.0,48,HOLD,FOODS_3,TX,HOLD,0.0,False,False,False,HIGH
2016-05-21,FOODS_3_324,WI_1,3.0,3.0,0.0,106.02640533447266,106.02640533447266,318.07921600341797,318.07921600341797,0.0,0.0,53,HOLD,FOODS_3,WI,HOLD,0.0,False,False,False,HIGH
2016-05-21,FOODS_3_324,WI_2,3.0,3.0,0.0,22.942285537719727,22.942285537719727,68.82685661315918,68.82685661315918,0.0,0.0,53,HOLD,FOODS_3,WI,HOLD,0.0,False,False,False,HIGH
2016-05-21,FOODS_3_324,WI_3,3.0,3.0,0.0,27.98622703552246,27.98622703552246,83.95868110656738,83.95868110656738,0.0,0.0,53,HOLD,FOODS_3,WI,HOLD,0.0,False,False,False,HIGH
2016-05-21,FOODS_3_339,CA_1,0.8,0.8,0.0,37.875431060791016,37.875431060791016,30.300344848632815,30.300344848632815,0.0,0.0,53,HOLD,FOODS_3,CA,HOLD,0.0,False,False,False,HIGH
2016-05-21,FOODS_3_339,CA_2,0.8,0.8,0.0,37.84917068481445,37.84917068481445,30.279336547851564,30.279336547851564,0.0,0.0,53,HOLD,FOODS_3,CA,HOLD,0.0,False,False,False,HIGH
2016-05-21,FOODS_3_339,CA_3,0.8,0.8,0.0,43.095882415771484,43.095882415771484,34.476705932617186,34.476705932617186,0.0,0.0,47,HOLD,FOODS_3,CA,HOLD,0.0,False,False,False,HIGH
2016-05-21,FOODS_3_339,CA_4,0.8,0.8,0.0,23.372325897216797,23.372325897216797,18.697860717773438,18.697860717773438,0.0,0.0,53,HOLD,FOODS_3,CA,HOLD,0.0,False,False,False,HIGH
2016-05-21,FOODS_3_339,TX_1,0.8,0.8,0.0,8.926776885986328,8.926776885986328,7.141421508789063,7.141421508789063,0.0,0.0,53,HOLD,FOODS_3,TX,HOLD,0.0,False,False,False,HIGH
2016-05-21,FOODS_3_339,TX_2,0.8,0.8,0.0,16.526430130004883,16.526430130004883,13.221144104003907,13.221144104003907,0.0,0.0,52,HOLD,FOODS_3,TX,HOLD,0.0,False,False,False,HIGH
2016-05-21,FOODS_3_339,TX_3,0.8,0.8,0.0,10.062793731689453,10.062793731689453,8.050234985351564,8.050234985351564,0.0,0.0,51,HOLD,FOODS_3,TX,HOLD,0.0,False,False,False,HIGH
2016-05-21,FOODS_3_339,WI_1,0.8,0.8,0.0,57.501346588134766,57.501346588134766,46.001077270507814,46.001077270507814,0.0,0.0,53,HOLD,FOODS_3,WI,HOLD,0.0,False,False,False,HIGH
2016-05-21,FOODS_3_339,WI_2,0.8,0.8,0.0,16.54115867614746,16.54115867614746,13.23292694091797,13.23292694091797,0.0,0.0,53,HOLD,FOODS_3,WI,HOLD,0.0,False,False,False,HIGH
2016-05-21,FOODS_3_339,WI_3,0.8,0.8,0.0,28.54286003112793,28.54286003112793,22.834288024902346,22.834288024902346,0.0,0.0,53,HOLD,FOODS_3,WI,HOLD,0.0,False,False,False,HIGH
2016-05-21,FOODS_3_348,CA_1,0.8,0.8,0.0,45.001739501953125,45.001739501953125,36.0013916015625,36.0013916015625,0.0,0.0,53,HOLD,FOODS_3,CA,HOLD,0.0,False,False,False,HIGH
2016-05-21,FOODS_3_348,CA_2,0.8,0.8,0.0,23.78363037109375,23.78363037109375,19.026904296875,19.026904296875,0.0,0.0,53,HOLD,FOODS_3,CA,HOLD,0.0,False,False,False,HIGH
2016-05-21,FOODS_3_348,CA_3,0.8,0.8,0.0,67.50776672363281,67.50776672363281,54.00621337890625,54.00621337890625,0.0,0.0,51,HOLD,FOODS_3,CA,HOLD,0.0,False,False,False,HIGH
2016-05-21,FOODS_3_348,CA_4,0.8,0.8,0.0,30.079105377197266,30.079105377197266,24.063284301757815,24.063284301757815,0.0,0.0,53,HOLD,FOODS_3,CA,HOLD,0.0,False,False,False,HIGH
2016-05-21,FOODS_3_348,TX_1,0.8,0.8,0.0,17.794845581054688,17.794845581054688,14.23587646484375,14.23587646484375,0.0,0.0,52,HOLD,FOODS_3,TX,HOLD,0.0,False,False,False,HIGH
2016-05-21,FOODS_3_348,TX_2,0.8,0.8,0.0,40.57960891723633,40.57960891723633,32.463687133789065,32.463687133789065,0.0,0.0,53,HOLD,FOODS_3,TX,HOLD,0.0,False,False,False,HIGH
2016-05-21,FOODS_3_348,TX_3,0.8,0.8,0.0,39.12820816040039,39.12820816040039,31.302566528320312,31.302566528320312,0.0,0.0,53,HOLD,FOODS_3,TX,HOLD,0.0,False,False,False,HIGH
2016-05-21,FOODS_3_348,WI_1,0.8,0.8,0.0,36.28820037841797,36.28820037841797,29.030560302734376,29.030560302734376,0.0,0.0,53,HOLD,FOODS_3,WI,HOLD,0.0,False,False,False,HIGH
2016-05-21,FOODS_3_348,WI_2,0.8,0.8,0.0,26.2386531829834,26.2386531829834,20.99092254638672,20.99092254638672,0.0,0.0,53,HOLD,FOODS_3,WI,HOLD,0.0,False,False,False,HIGH
2016-05-21,FOODS_3_348,WI_3,0.8,0.8,0.0,42.582298278808594,42.582298278808594,34.06583862304688,34.06583862304688,0.0,0.0,53,HOLD,FOODS_3,WI,HOLD,0.0,False,False,False,HIGH
2016-05-21,FOODS_3_351,CA_1,0.94,0.94,0.0,68.083740234375,68.083740234375,63.9987158203125,63.9987158203125,0.0,0.0,40,HOLD,FOODS_3,CA,HOLD,0.0,False,False,False,HIGH
2016-05-21,FOODS_3_351,CA_2,0.94,0.94,0.0,59.096439361572266,59.096439361572266,55.550652999877926,55.550652999877926,0.0,0.0,40,HOLD,FOODS_3,CA,HOLD,0.0,False,False,False,HIGH
2016-05-21,FOODS_3_351,CA_3,0.94,0.94,0.0,43.75358200073242,43.75358200073242,41.12836708068848,41.12836708068848,0.0,0.0,50,HOLD,FOODS_3,CA,HOLD,0.0,False,False,False,HIGH
2016-05-21,FOODS_3_351,CA_4,0.94,0.94,0.0,31.05025291442871,31.05025291442871,29.18723773956299,29.18723773956299,0.0,0.0,40,HOLD,FOODS_3,CA,HOLD,0.0,False,False,False,HIGH
2016-05-21,FOODS_3_351,TX_1,0.94,0.94,0.0,18.47214698791504,18.47214698791504,17.363818168640137,17.363818168640137,0.0,0.0,40,HOLD,FOODS_3,TX,HOLD,0.0,False,False,False,HIGH
2016-05-21,FOODS_3_351,TX_2,0.94,0.94,0.0,12.044132232666016,12.044132232666016,11.321484298706054,11.321484298706054,0.0,0.0,39,HOLD,FOODS_3,TX,HOLD,0.0,False,False,False,HIGH
2016-05-21,FOODS_3_351,TX_3,0.94,1.14,21.276595744680847,11.5213623046875,9.765470504760742,10.830080566406249,11.132636375427245,0.3025558090209959,2.7936616645262236,13,CHANGE,FOODS_3,TX,INCREASE,21.276595744680847,True,False,False,REVIEW
2016-05-21,FOODS_3_351,WI_1,0.94,0.94,0.0,25.218669891357422,25.218669891357422,23.705549697875977,23.705549697875977,0.0,0.0,40,HOLD,FOODS_3,WI,HOLD,0.0,False,False,False,HIGH
2016-05-21,FOODS_3_351,WI_2,0.94,1.14,21.276595744680847,12.294663429260254,11.636890411376953,11.556983623504639,13.266055068969726,1.7090714454650868,14.788213786071053,13,CHANGE,FOODS_3,WI,INCREASE,21.276595744680847,True,False,False,REVIEW
2016-05-21,FOODS_3_351,WI_3,0.94,0.94,0.0,26.261627197265625,26.261627197265625,24.685929565429685,24.685929565429685,0.0,0.0,40,HOLD,FOODS_3,WI,HOLD,0.0,False,False,False,HIGH
2016-05-21,FOODS_3_355,CA_1,0.94,0.94,0.0,23.837873458862305,23.837873458862305,22.407601051330566,22.407601051330566,0.0,0.0,40,HOLD,FOODS_3,CA,HOLD,0.0,False,False,False,HIGH
2016-05-21,FOODS_3_355,CA_2,0.94,0.94,0.0,28.575515747070312,28.575515747070312,26.860984802246094,26.860984802246094,0.0,0.0,40,HOLD,FOODS_3,CA,HOLD,0.0,False,False,False,HIGH
2016-05-21,FOODS_3_355,CA_3,0.94,0.94,0.0,21.910945892333984,21.910945892333984,20.596289138793946,20.596289138793946,0.0,0.0,43,HOLD,FOODS_3,CA,HOLD,0.0,False,False,False,HIGH
2016-05-21,FOODS_3_355,CA_4,0.94,1.14,21.276595744680847,8.905834197998047,8.803844451904297,8.371484146118163,10.036382675170898,1.664898529052735,19.887734360994333,14,CHANGE,FOODS_3,CA,INCREASE,21.276595744680847,True,False,False,REVIEW
2016-05-21,FOODS_3_355,TX_1,0.94,1.14,21.276595744680847,9.597947120666504,8.771960258483887,9.022070293426513,10.00003469467163,0.9779644012451172,10.839689444202877,13,CHANGE,FOODS_3,TX,INCREASE,21.276595744680847,True,False,False,REVIEW
2016-05-21,FOODS_3_355,TX_2,0.94,1.14,21.276595744680847,8.844128608703613,7.723805904388428,8.313480892181396,8.805138731002806,0.49165783882141056,5.913982905569693,14,CHANGE,FOODS_3,TX,INCREASE,21.276595744680847,True,False,False,REVIEW
2016-05-21,FOODS_3_355,TX_3,0.94,1.14,21.276595744680847,8.523792266845703,7.110157489776611,8.01236473083496,8.105579538345337,0.09321480751037647,1.1633869730324002,14,CHANGE,FOODS_3,TX,INCREASE,21.276595744680847,True,False,False,REVIEW
2016-05-21,FOODS_3_355,WI_1,0.94,1.14,21.276595744680847,14.677024841308594,12.683788299560547,13.796403350830078,14.459518661499022,0.6631153106689442,4.806436096470367,13,CHANGE,FOODS_3,WI,INCREASE,21.276595744680847,True,False,False,REVIEW
2016-05-21,FOODS_3_355,WI_2,0.94,0.94,0.0,11.004544258117676,11.004544258117676,10.344271602630615,10.344271602630615,0.0,0.0,40,HOLD,FOODS_3,WI,HOLD,0.0,False,False,False,HIGH
2016-05-21,FOODS_3_355,WI_3,0.94,0.94,0.0,14.029264450073242,14.029264450073242,13.187508583068848,13.187508583068848,0.0,0.0,39,HOLD,FOODS_3,WI,HOLD,0.0,False,False,False,HIGH
2016-05-21,FOODS_3_404,CA_1,1.0,1.0,0.0,2.3592090606689453,2.3592090606689453,2.3592090606689453,2.3592090606689453,0.0,0.0,53,HOLD,FOODS_3,CA,HOLD,0.0,False,False,False,HIGH
2016-05-21,FOODS_3_404,CA_2,0.88,1.0,13.636363636363635,1.2102373838424683,7.431002616882324,1.065008897781372,7.431002616882324,6.365993719100953,597.7408951570826,46,CHANGE,FOODS_3,CA,INCREASE,13.636363636363635,False,True,False,MEDIUM
2016-05-21,FOODS_3_404,CA_3,0.88,1.0,13.636363636363635,6.3499932289123535,15.729999542236328,5.5879940414428715,15.729999542236328,10.142005500793456,181.4963549634476,33,CHANGE,FOODS_3,CA,INCREASE,13.636363636363635,False,True,False,MEDIUM
2016-05-21,FOODS_3_404,CA_4,1.0,1.0,0.0,1.4607685804367065,1.4607685804367065,1.4607685804367065,1.4607685804367065,0.0,0.0,53,HOLD,FOODS_3,CA,HOLD,0.0,False,False,False,HIGH
2016-05-21,FOODS_3_404,TX_1,0.94,0.94,0.0,1.0939465761184692,1.0939465761184692,1.028309781551361,1.028309781551361,0.0,0.0,53,HOLD,FOODS_3,TX,HOLD,0.0,False,False,False,HIGH
2016-05-21,FOODS_3_404,TX_2,0.94,0.94,0.0,2.042320728302002,2.042320728302002,1.9197814846038816,1.9197814846038816,0.0,0.0,53,HOLD,FOODS_3,TX,HOLD,0.0,False,False,False,HIGH
2016-05-21,FOODS_3_404,TX_3,0.94,0.94,0.0,2.2369072437286377,2.2369072437286377,2.1026928091049193,2.1026928091049193,0.0,0.0,52,HOLD,FOODS_3,TX,HOLD,0.0,False,False,False,HIGH
2016-05-21,FOODS_3_404,WI_1,0.94,0.94,0.0,2.2340753078460693,2.2340753078460693,2.100030789375305,2.100030789375305,0.0,0.0,53,HOLD,FOODS_3,WI,HOLD,0.0,False,False,False,HIGH
2016-05-21,FOODS_3_404,WI_2,0.94,0.94,0.0,0.9182400703430176,0.9182400703430176,0.8631456661224365,0.8631456661224365,0.0,0.0,53,HOLD,FOODS_3,WI,HOLD,0.0,False,False,False,HIGH
2016-05-21,FOODS_3_404,WI_3,0.94,0.94,0.0,2.438039541244507,2.438039541244507,2.2917571687698364,2.2917571687698364,0.0,0.0,53,HOLD,FOODS_3,WI,HOLD,0.0,False,False,False,HIGH
2016-05-21,FOODS_3_406,CA_1,0.8,0.8,0.0,117.76089477539062,117.76089477539062,94.2087158203125,94.2087158203125,0.0,0.0,53,HOLD,FOODS_3,CA,HOLD,0.0,False,False,False,HIGH
2016-05-21,FOODS_3_406,CA_2,0.8,0.8,0.0,32.73262023925781,32.73262023925781,26.18609619140625,26.18609619140625,0.0,0.0,53,HOLD,FOODS_3,CA,HOLD,0.0,False,False,False,HIGH
2016-05-21,FOODS_3_406,CA_3,0.8,0.8,0.0,97.40879821777344,97.40879821777344,77.92703857421876,77.92703857421876,0.0,0.0,51,HOLD,FOODS_3,CA,HOLD,0.0,False,False,False,HIGH
2016-05-21,FOODS_3_406,CA_4,0.8,0.8,0.0,33.725364685058594,33.725364685058594,26.980291748046877,26.980291748046877,0.0,0.0,53,HOLD,FOODS_3,CA,HOLD,0.0,False,False,False,HIGH
2016-05-21,FOODS_3_406,TX_1,0.8,0.8,0.0,31.48300552368164,31.48300552368164,25.186404418945315,25.186404418945315,0.0,0.0,50,HOLD,FOODS_3,TX,HOLD,0.0,False,False,False,HIGH
2016-05-21,FOODS_3_406,TX_2,0.8,0.8,0.0,47.776153564453125,47.776153564453125,38.2209228515625,38.2209228515625,0.0,0.0,53,HOLD,FOODS_3,TX,HOLD,0.0,False,False,False,HIGH
2016-05-21,FOODS_3_406,TX_3,0.8,0.8,0.0,36.26216125488281,36.26216125488281,29.00972900390625,29.00972900390625,0.0,0.0,52,HOLD,FOODS_3,TX,HOLD,0.0,False,False,False,HIGH
2016-05-21,FOODS_3_406,WI_1,0.8,0.8,0.0,42.427955627441406,42.427955627441406,33.94236450195313,33.94236450195313,0.0,0.0,53,HOLD,FOODS_3,WI,HOLD,0.0,False,False,False,HIGH
2016-05-21,FOODS_3_406,WI_2,0.8,0.8,0.0,22.763492584228516,22.763492584228516,18.210794067382814,18.210794067382814,0.0,0.0,53,HOLD,FOODS_3,WI,HOLD,0.0,False,False,False,HIGH
2016-05-21,FOODS_3_406,WI_3,0.8,0.8,0.0,45.923709869384766,45.923709869384766,36.73896789550781,36.73896789550781,0.0,0.0,53,HOLD,FOODS_3,WI,HOLD,0.0,False,False,False,HIGH
2016-05-21,FOODS_3_432,CA_1,3.98,4.48,12.562814070351768,5.349297523498535,5.607877731323242,21.29020414352417,25.123292236328126,3.833088092803955,18.003998773162834,13,CHANGE,FOODS_3,CA,INCREASE,12.562814070351768,False,False,False,MEDIUM
2016-05-21,FOODS_3_432,CA_2,3.98,4.48,12.562814070351768,8.503076553344727,7.63313627243042,33.842244682312014,34.19645050048828,0.3542058181762684,1.046638074694252,14,CHANGE,FOODS_3,CA,INCREASE,12.562814070351768,False,False,False,MEDIUM
2016-05-21,FOODS_3_432,CA_3,3.98,4.48,12.562814070351768,10.69426441192627,9.806398391723633,42.563172359466556,43.93266479492188,1.3694924354553208,3.217552544930851,13,CHANGE,FOODS_3,CA,INCREASE,12.562814070351768,False,False,False,MEDIUM
2016-05-21,FOODS_3_432,CA_4,3.98,3.98,0.0,5.370620250701904,5.370620250701904,21.37506859779358,21.37506859779358,0.0,0.0,16,HOLD,FOODS_3,CA,HOLD,0.0,False,False,False,HIGH
2016-05-21,FOODS_3_432,TX_1,3.98,4.48,12.562814070351768,10.406120300292969,9.671601295471191,41.41635879516601,43.328773803710945,1.912415008544933,4.617535351195924,14,CHANGE,FOODS_3,TX,INCREASE,12.562814070351768,False,False,False,MEDIUM
2016-05-21,FOODS_3_432,TX_2,3.98,4.48,12.562814070351768,12.487252235412598,11.11351203918457,49.699263896942135,49.78853393554688,0.08927003860474514,0.17962044425820498,14,CHANGE,FOODS_3,TX,INCREASE,12.562814070351768,False,False,False,MEDIUM
2016-05-21,FOODS_3_432,TX_3,3.98,4.48,12.562814070351768,16.586755752563477,15.064569473266602,66.01528789520263,67.48927124023439,1.4739833450317548,2.232790906511929,14,CHANGE,FOODS_3,TX,INCREASE,12.562814070351768,False,False,False,MEDIUM
2016-05-21,FOODS_3_432,WI_1,3.98,4.48,12.562814070351768,4.881248474121094,4.742773056030273,19.427368927001954,21.24762329101563,1.8202543640136746,9.369536198407786,13,CHANGE,FOODS_3,WI,INCREASE,12.562814070351768,False,False,False,MEDIUM
2016-05-21,FOODS_3_432,WI_2,3.98,4.48,12.562814070351768,16.056840896606445,14.821633338928223,63.90622676849365,66.40091735839844,2.494690589904792,3.903673735803624,13,CHANGE,FOODS_3,WI,INCREASE,12.562814070351768,False,False,False,MEDIUM
2016-05-21,FOODS_3_432,WI_3,3.98,4.48,12.562814070351768,6.190181732177734,6.228885173797607,24.636923294067383,27.905405578613284,3.2684822845459003,13.266600888159427,13,CHANGE,FOODS_3,WI,INCREASE,12.562814070351768,False,False,False,MEDIUM
2016-05-21,FOODS_3_435,CA_1,1.48,1.48,0.0,13.436511039733887,13.436511039733887,19.886036338806154,19.886036338806154,0.0,0.0,53,HOLD,FOODS_3,CA,HOLD,0.0,False,False,False,HIGH
2016-05-21,FOODS_3_435,CA_2,1.48,1.48,0.0,22.378381729125977,22.378381729125977,33.120004959106446,33.120004959106446,0.0,0.0,53,HOLD,FOODS_3,CA,HOLD,0.0,False,False,False,HIGH
2016-05-21,FOODS_3_435,CA_3,1.48,1.48,0.0,25.76662254333496,25.76662254333496,38.13460136413574,38.13460136413574,0.0,0.0,38,HOLD,FOODS_3,CA,HOLD,0.0,False,False,False,HIGH
2016-05-21,FOODS_3_435,CA_4,1.48,1.48,0.0,13.546335220336914,13.546335220336914,20.04857612609863,20.04857612609863,0.0,0.0,53,HOLD,FOODS_3,CA,HOLD,0.0,False,False,False,HIGH
2016-05-21,FOODS_3_435,TX_1,1.48,1.48,0.0,10.925572395324707,10.925572395324707,16.169847145080567,16.169847145080567,0.0,0.0,52,HOLD,FOODS_3,TX,HOLD,0.0,False,False,False,HIGH
2016-05-21,FOODS_3_435,TX_2,1.48,1.48,0.0,17.398313522338867,17.398313522338867,25.74950401306152,25.74950401306152,0.0,0.0,53,HOLD,FOODS_3,TX,HOLD,0.0,False,False,False,HIGH
2016-05-21,FOODS_3_435,TX_3,1.48,1.48,0.0,14.588676452636719,14.588676452636719,21.591241149902345,21.591241149902345,0.0,0.0,52,HOLD,FOODS_3,TX,HOLD,0.0,False,False,False,HIGH
2016-05-21,FOODS_3_435,WI_1,1.48,1.48,0.0,89.10060119628906,89.10060119628906,131.86888977050782,131.86888977050782,0.0,0.0,53,HOLD,FOODS_3,WI,HOLD,0.0,False,False,False,HIGH
2016-05-21,FOODS_3_435,WI_2,1.48,1.48,0.0,117.8413314819336,117.8413314819336,174.40517059326172,174.40517059326172,0.0,0.0,53,HOLD,FOODS_3,WI,HOLD,0.0,False,False,False,HIGH
2016-05-21,FOODS_3_435,WI_3,1.48,1.48,0.0,81.10261535644531,81.10261535644531,120.03187072753906,120.03187072753906,0.0,0.0,52,HOLD,FOODS_3,WI,HOLD,0.0,False,False,False,HIGH
2016-05-21,FOODS_3_491,CA_1,1.6,1.5,-6.250000000000005,71.2388916015625,79.03156280517578,113.9822265625,118.54734420776367,4.565117645263669,4.005113589144069,11,CHANGE,FOODS_3,CA,DECREASE,6.250000000000005,False,False,False,MEDIUM
2016-05-21,FOODS_3_491,CA_2,1.6,1.5,-6.250000000000005,61.90631866455078,66.4596939086914,99.05010986328125,99.68954086303711,0.6394309997558594,0.6455631403523583,11,CHANGE,FOODS_3,CA,DECREASE,6.250000000000005,False,False,False,MEDIUM
2016-05-21,FOODS_3_491,CA_3,1.6,1.6,0.0,58.655452728271484,58.655452728271484,93.84872436523438,93.84872436523438,0.0,0.0,20,HOLD,FOODS_3,CA,HOLD,0.0,False,False,False,HIGH
2016-05-21,FOODS_3_491,CA_4,1.6,1.5,-6.250000000000005,54.13078689575195,58.71284484863281,86.60925903320313,88.06926727294922,1.460008239746088,1.6857415200681594,11,CHANGE,FOODS_3,CA,DECREASE,6.250000000000005,False,False,False,MEDIUM
2016-05-21,FOODS_3_491,TX_1,1.5,1.5,0.0,30.421966552734375,30.421966552734375,45.63294982910156,45.63294982910156,0.0,0.0,32,HOLD,FOODS_3,TX,HOLD,0.0,False,False,False,HIGH
2016-05-21,FOODS_3_491,TX_2,1.5,1.48,-1.3333333333333344,49.165042877197266,50.32455062866211,73.7475643157959,74.48033493041991,0.732770614624016,0.9936200895885925,21,CHANGE,FOODS_3,TX,DECREASE,1.3333333333333344,False,False,False,HIGH
2016-05-21,FOODS_3_491,TX_3,1.5,1.5,0.0,38.648929595947266,38.648929595947266,57.9733943939209,57.9733943939209,0.0,0.0,32,HOLD,FOODS_3,TX,HOLD,0.0,False,False,False,HIGH
2016-05-21,FOODS_3_491,WI_1,1.44,1.38,-4.1666666666666705,101.88445281982422,106.51068878173828,146.71361206054686,146.98475051879882,0.27113845825195426,0.18480797687678688,50,CHANGE,FOODS_3,WI,DECREASE,4.1666666666666705,False,False,False,HIGH
2016-05-21,FOODS_3_491,WI_2,1.44,1.44,0.0,55.065582275390625,55.065582275390625,79.29443847656249,79.29443847656249,0.0,0.0,3,HOLD,FOODS_3,WI,HOLD,0.0,False,False,True,REVIEW
2016-05-21,FOODS_3_491,WI_3,1.44,1.44,0.0,83.16387939453125,83.16387939453125,119.75598632812499,119.75598632812499,0.0,0.0,3,HOLD,FOODS_3,WI,HOLD,0.0,False,False,True,REVIEW
2016-05-21,FOODS_3_501,CA_1,0.8,0.8,0.0,146.84666442871094,146.84666442871094,117.47733154296876,117.47733154296876,0.0,0.0,53,HOLD,FOODS_3,CA,HOLD,0.0,False,False,False,HIGH
2016-05-21,FOODS_3_501,CA_2,0.8,0.8,0.0,38.31183624267578,38.31183624267578,30.649468994140626,30.649468994140626,0.0,0.0,53,HOLD,FOODS_3,CA,HOLD,0.0,False,False,False,HIGH
2016-05-21,FOODS_3_501,CA_3,0.8,0.8,0.0,104.34584045410156,104.34584045410156,83.47667236328125,83.47667236328125,0.0,0.0,53,HOLD,FOODS_3,CA,HOLD,0.0,False,False,False,HIGH
2016-05-21,FOODS_3_501,CA_4,0.8,0.8,0.0,52.38835906982422,52.38835906982422,41.91068725585938,41.91068725585938,0.0,0.0,53,HOLD,FOODS_3,CA,HOLD,0.0,False,False,False,HIGH
2016-05-21,FOODS_3_501,TX_1,0.8,0.8,0.0,172.26419067382812,172.26419067382812,137.8113525390625,137.8113525390625,0.0,0.0,53,HOLD,FOODS_3,TX,HOLD,0.0,False,False,False,HIGH
2016-05-21,FOODS_3_501,TX_2,0.8,0.8,0.0,86.4452133178711,86.4452133178711,69.15617065429687,69.15617065429687,0.0,0.0,53,HOLD,FOODS_3,TX,HOLD,0.0,False,False,False,HIGH
2016-05-21,FOODS_3_501,TX_3,0.8,0.8,0.0,43.96507263183594,43.96507263183594,35.17205810546875,35.17205810546875,0.0,0.0,53,HOLD,FOODS_3,TX,HOLD,0.0,False,False,False,HIGH
2016-05-21,FOODS_3_501,WI_1,0.8,0.8,0.0,50.29039001464844,50.29039001464844,40.232312011718754,40.232312011718754,0.0,0.0,53,HOLD,FOODS_3,WI,HOLD,0.0,False,False,False,HIGH
2016-05-21,FOODS_3_501,WI_2,0.8,0.8,0.0,40.590938568115234,40.590938568115234,32.47275085449219,32.47275085449219,0.0,0.0,53,HOLD,FOODS_3,WI,HOLD,0.0,False,False,False,HIGH
2016-05-21,FOODS_3_501,WI_3,0.8,0.8,0.0,53.418418884277344,53.418418884277344,42.734735107421876,42.734735107421876,0.0,0.0,53,HOLD,FOODS_3,WI,HOLD,0.0,False,False,False,HIGH
2016-05-21,FOODS_3_524,CA_1,1.0,1.0,0.0,3.092801094055176,3.092801094055176,3.092801094055176,3.092801094055176,0.0,0.0,53,HOLD,FOODS_3,CA,HOLD,0.0,False,False,False,HIGH
2016-05-21,FOODS_3_524,CA_2,0.88,1.0,13.636363636363635,7.049663066864014,14.254355430603027,6.203703498840332,14.254355430603027,8.050651931762696,129.77170706607137,47,CHANGE,FOODS_3,CA,INCREASE,13.636363636363635,False,True,False,MEDIUM
2016-05-21,FOODS_3_524,CA_3,1.0,0.88,-12.0,2.445194959640503,6.1341142654418945,2.445194959640503,5.398020553588867,2.952825593948364,120.7603337437966,12,CHANGE,FOODS_3,CA,DECREASE,12.0,False,True,False,MEDIUM
2016-05-21,FOODS_3_524,CA_4,1.0,1.0,0.0,0.9852635860443115,0.9852635860443115,0.9852635860443115,0.9852635860443115,0.0,0.0,53,HOLD,FOODS_3,CA,HOLD,0.0,False,False,False,HIGH
2016-05-21,FOODS_3_524,TX_1,0.94,0.94,0.0,1.3341509103775024,1.3341509103775024,1.2541018557548522,1.2541018557548522,0.0,0.0,53,HOLD,FOODS_3,TX,HOLD,0.0,False,False,False,HIGH
2016-05-21,FOODS_3_524,TX_2,0.94,0.94,0.0,1.2693110704421997,1.2693110704421997,1.1931524062156678,1.1931524062156678,0.0,0.0,53,HOLD,FOODS_3,TX,HOLD,0.0,False,False,False,HIGH
2016-05-21,FOODS_3_524,TX_3,0.94,0.94,0.0,1.3491698503494263,1.3491698503494263,1.2682196593284607,1.2682196593284607,0.0,0.0,53,HOLD,FOODS_3,TX,HOLD,0.0,False,False,False,HIGH
2016-05-21,FOODS_3_524,WI_1,0.94,0.94,0.0,1.4640851020812988,1.4640851020812988,1.3762399959564209,1.3762399959564209,0.0,0.0,53,HOLD,FOODS_3,WI,HOLD,0.0,False,False,False,HIGH
2016-05-21,FOODS_3_524,WI_2,0.94,0.94,0.0,0.892257034778595,0.892257034778595,0.8387216126918792,0.8387216126918792,0.0,0.0,53,HOLD,FOODS_3,WI,HOLD,0.0,False,False,False,HIGH
2016-05-21,FOODS_3_524,WI_3,0.94,0.94,0.0,0.8631697297096252,0.8631697297096252,0.8113795459270476,0.8113795459270476,0.0,0.0,53,HOLD,FOODS_3,WI,HOLD,0.0,False,False,False,HIGH
2016-05-21,FOODS_3_541,CA_1,1.0,1.0,0.0,2.607450246810913,2.607450246810913,2.607450246810913,2.607450246810913,0.0,0.0,53,HOLD,FOODS_3,CA,HOLD,0.0,False,False,False,HIGH
2016-05-21,FOODS_3_541,CA_2,0.88,1.0,13.636363636363635,4.427937984466553,17.131587982177734,3.8965854263305664,17.131587982177734,13.235002555847167,339.65641985964703,49,CHANGE,FOODS_3,CA,INCREASE,13.636363636363635,False,True,False,MEDIUM
2016-05-21,FOODS_3_541,CA_3,0.88,1.0,13.636363636363635,2.968766450881958,18.470020294189453,2.612514476776123,18.470020294189453,15.85750581741333,606.9825051067927,37,CHANGE,FOODS_3,CA,INCREASE,13.636363636363635,False,True,False,MEDIUM
2016-05-21,FOODS_3_541,CA_4,1.0,1.0,0.0,1.9288638830184937,1.9288638830184937,1.9288638830184937,1.9288638830184937,0.0,0.0,53,HOLD,FOODS_3,CA,HOLD,0.0,False,False,False,HIGH
2016-05-21,FOODS_3_541,TX_1,0.69,0.94,36.23188405797102,1.7345484495162964,9.210824012756348,1.1968384301662445,8.658174571990966,7.461336141824721,623.4205013611,44,CHANGE,FOODS_3,TX,INCREASE,36.23188405797102,True,True,False,REVIEW
2016-05-21,FOODS_3_541,TX_2,0.94,0.94,0.0,1.641446828842163,1.641446828842163,1.5429600191116333,1.5429600191116333,0.0,0.0,53,HOLD,FOODS_3,TX,HOLD,0.0,False,False,False,HIGH
2016-05-21,FOODS_3_541,TX_3,0.94,0.94,0.0,2.3465378284454346,2.3465378284454346,2.2057455587387085,2.2057455587387085,0.0,0.0,53,HOLD,FOODS_3,TX,HOLD,0.0,False,False,False,HIGH
2016-05-21,FOODS_3_541,WI_1,0.94,0.94,0.0,1.3051902055740356,1.3051902055740356,1.2268787932395935,1.2268787932395935,0.0,0.0,53,HOLD,FOODS_3,WI,HOLD,0.0,False,False,False,HIGH
2016-05-21,FOODS_3_541,WI_2,0.94,0.94,0.0,1.4086052179336548,1.4086052179336548,1.3240889048576354,1.3240889048576354,0.0,0.0,53,HOLD,FOODS_3,WI,HOLD,0.0,False,False,False,HIGH
2016-05-21,FOODS_3_541,WI_3,0.94,0.94,0.0,1.9344059228897095,1.9344059228897095,1.8183415675163268,1.8183415675163268,0.0,0.0,53,HOLD,FOODS_3,WI,HOLD,0.0,False,False,False,HIGH
2016-05-21,FOODS_3_547,CA_1,0.25,0.25,0.0,18.186599731445312,18.186599731445312,4.546649932861328,4.546649932861328,0.0,0.0,12,HOLD,FOODS_3,CA,HOLD,0.0,False,False,False,HIGH
2016-05-21,FOODS_3_547,CA_2,0.25,0.25,0.0,19.79840087890625,19.79840087890625,4.9496002197265625,4.9496002197265625,0.0,0.0,12,HOLD,FOODS_3,CA,HOLD,0.0,False,False,False,HIGH
2016-05-21,FOODS_3_547,CA_3,0.25,0.25,0.0,49.49344253540039,49.49344253540039,12.373360633850098,12.373360633850098,0.0,0.0,12,HOLD,FOODS_3,CA,HOLD,0.0,False,False,False,HIGH
2016-05-21,FOODS_3_547,CA_4,0.25,0.25,0.0,9.532971382141113,9.532971382141113,2.3832428455352783,2.3832428455352783,0.0,0.0,12,HOLD,FOODS_3,CA,HOLD,0.0,False,False,False,HIGH
2016-05-21,FOODS_3_547,TX_1,0.25,0.25,0.0,35.20713424682617,35.20713424682617,8.801783561706543,8.801783561706543,0.0,0.0,13,HOLD,FOODS_3,TX,HOLD,0.0,False,False,False,HIGH
2016-05-21,FOODS_3_547,TX_2,0.25,0.25,0.0,48.31619644165039,48.31619644165039,12.079049110412598,12.079049110412598,0.0,0.0,12,HOLD,FOODS_3,TX,HOLD,0.0,False,False,False,HIGH
2016-05-21,FOODS_3_547,TX_3,0.25,0.25,0.0,14.685436248779297,14.685436248779297,3.671359062194824,3.671359062194824,0.0,0.0,11,HOLD,FOODS_3,TX,HOLD,0.0,False,False,False,MEDIUM
2016-05-21,FOODS_3_547,WI_1,0.25,0.25,0.0,29.137353897094727,29.137353897094727,7.284338474273682,7.284338474273682,0.0,0.0,12,HOLD,FOODS_3,WI,HOLD,0.0,False,False,False,HIGH
2016-05-21,FOODS_3_547,WI_2,0.25,0.25,0.0,141.25796508789062,141.25796508789062,35.314491271972656,35.314491271972656,0.0,0.0,12,HOLD,FOODS_3,WI,HOLD,0.0,False,False,False,HIGH
2016-05-21,FOODS_3_547,WI_3,0.25,0.25,0.0,45.46373748779297,45.46373748779297,11.365934371948242,11.365934371948242,0.0,0.0,12,HOLD,FOODS_3,WI,HOLD,0.0,False,False,False,HIGH
2016-05-21,FOODS_3_578,CA_1,3.0,3.0,0.0,44.17941665649414,44.17941665649414,132.53824996948242,132.53824996948242,0.0,0.0,53,HOLD,FOODS_3,CA,HOLD,0.0,False,False,False,HIGH
2016-05-21,FOODS_3_578,CA_2,3.0,3.0,0.0,11.799939155578613,11.799939155578613,35.39981746673584,35.39981746673584,0.0,0.0,51,HOLD,FOODS_3,CA,HOLD,0.0,False,False,False,HIGH
2016-05-21,FOODS_3_578,CA_3,3.0,3.0,0.0,33.90860366821289,33.90860366821289,101.72581100463867,101.72581100463867,0.0,0.0,44,HOLD,FOODS_3,CA,HOLD,0.0,False,False,False,HIGH
2016-05-21,FOODS_3_578,CA_4,3.0,3.0,0.0,12.386687278747559,12.386687278747559,37.160061836242676,37.160061836242676,0.0,0.0,53,HOLD,FOODS_3,CA,HOLD,0.0,False,False,False,HIGH
2016-05-21,FOODS_3_578,TX_1,3.0,3.0,0.0,32.02647018432617,32.02647018432617,96.07941055297852,96.07941055297852,0.0,0.0,48,HOLD,FOODS_3,TX,HOLD,0.0,False,False,False,HIGH
2016-05-21,FOODS_3_578,TX_2,3.0,2.5,-16.666666666666664,15.263558387756348,21.043466567993164,45.79067516326904,52.60866641998291,6.817991256713867,14.889475275051009,4,CHANGE,FOODS_3,TX,DECREASE,16.666666666666664,True,False,True,REVIEW
2016-05-21,FOODS_3_578,TX_3,3.0,3.0,0.0,20.928112030029297,20.928112030029297,62.78433609008789,62.78433609008789,0.0,0.0,48,HOLD,FOODS_3,TX,HOLD,0.0,False,False,False,HIGH
2016-05-21,FOODS_3_578,WI_1,3.0,3.0,0.0,40.64226150512695,40.64226150512695,121.92678451538086,121.92678451538086,0.0,0.0,53,HOLD,FOODS_3,WI,HOLD,0.0,False,False,False,HIGH
2016-05-21,FOODS_3_578,WI_2,3.0,3.0,0.0,65.64724731445312,65.64724731445312,196.94174194335938,196.94174194335938,0.0,0.0,53,HOLD,FOODS_3,WI,HOLD,0.0,False,False,False,HIGH
2016-05-21,FOODS_3_578,WI_3,3.0,3.0,0.0,36.44908905029297,36.44908905029297,109.3472671508789,109.3472671508789,0.0,0.0,53,HOLD,FOODS_3,WI,HOLD,0.0,False,False,False,HIGH
2016-05-21,FOODS_3_594,CA_1,1.0,1.0,0.0,1.5479594469070435,1.5479594469070435,1.5479594469070435,1.5479594469070435,0.0,0.0,53,HOLD,FOODS_3,CA,HOLD,0.0,False,False,False,HIGH
2016-05-21,FOODS_3_594,CA_2,0.88,1.0,13.636363636363635,10.02518081665039,12.007060050964355,8.822159118652344,12.007060050964355,3.1849009323120114,36.1011504040808,49,CHANGE,FOODS_3,CA,INCREASE,13.636363636363635,False,True,False,MEDIUM
2016-05-21,FOODS_3_594,CA_3,0.88,1.0,13.636363636363635,1.477813959121704,8.785380363464355,1.3004762840270996,8.785380363464355,7.484904079437256,575.5509863093577,38,CHANGE,FOODS_3,CA,INCREASE,13.636363636363635,False,True,False,MEDIUM
2016-05-21,FOODS_3_594,CA_4,1.0,1.0,0.0,1.0479145050048828,1.0479145050048828,1.0479145050048828,1.0479145050048828,0.0,0.0,53,HOLD,FOODS_3,CA,HOLD,0.0,False,False,False,HIGH
2016-05-21,FOODS_3_594,TX_1,0.94,0.94,0.0,0.7807825803756714,0.7807825803756714,0.7339356255531311,0.7339356255531311,0.0,0.0,53,HOLD,FOODS_3,TX,HOLD,0.0,False,False,False,HIGH
2016-05-21,FOODS_3_594,TX_2,0.94,0.94,0.0,0.9296204447746277,0.9296204447746277,0.87384321808815,0.87384321808815,0.0,0.0,53,HOLD,FOODS_3,TX,HOLD,0.0,False,False,False,HIGH
2016-05-21,FOODS_3_594,TX_3,0.94,0.94,0.0,0.7318301796913147,0.7318301796913147,0.6879203689098358,0.6879203689098358,0.0,0.0,53,HOLD,FOODS_3,TX,HOLD,0.0,False,False,False,HIGH
2016-05-21,FOODS_3_594,WI_1,0.94,0.94,0.0,1.298772931098938,1.298772931098938,1.2208465552330017,1.2208465552330017,0.0,0.0,53,HOLD,FOODS_3,WI,HOLD,0.0,False,False,False,HIGH
2016-05-21,FOODS_3_594,WI_2,0.94,0.94,0.0,0.6822383999824524,0.6822383999824524,0.6413040959835052,0.6413040959835052,0.0,0.0,52,HOLD,FOODS_3,WI,HOLD,0.0,False,False,False,HIGH
2016-05-21,FOODS_3_594,WI_3,0.94,0.94,0.0,1.0258079767227173,1.0258079767227173,0.9642594981193542,0.9642594981193542,0.0,0.0,53,HOLD,FOODS_3,WI,HOLD,0.0,False,False,False,HIGH
2016-05-21,FOODS_3_635,CA_1,1.0,1.0,0.0,4.1367268562316895,4.1367268562316895,4.1367268562316895,4.1367268562316895,0.0,0.0,53,HOLD,FOODS_3,CA,HOLD,0.0,False,False,False,HIGH
2016-05-21,FOODS_3_635,CA_2,0.88,1.0,13.636363636363635,14.251474380493164,24.926652908325195,12.541297454833984,24.926652908325195,12.385355453491211,98.75657202211829,46,CHANGE,FOODS_3,CA,INCREASE,13.636363636363635,False,True,False,MEDIUM
2016-05-21,FOODS_3_635,CA_3,0.88,1.0,13.636363636363635,14.331485748291016,52.4697380065918,12.611707458496094,52.4697380065918,39.858030548095705,316.0399230577193,36,CHANGE,FOODS_3,CA,INCREASE,13.636363636363635,False,True,False,MEDIUM
2016-05-21,FOODS_3_635,CA_4,1.0,1.0,0.0,2.6983425617218018,2.6983425617218018,2.6983425617218018,2.6983425617218018,0.0,0.0,53,HOLD,FOODS_3,CA,HOLD,0.0,False,False,False,HIGH
2016-05-21,FOODS_3_635,TX_1,0.69,0.94,36.23188405797102,2.229565143585205,9.873519897460938,1.5383999490737914,9.281108703613281,7.74270875453949,503.29621755389826,42,CHANGE,FOODS_3,TX,INCREASE,36.23188405797102,True,True,False,REVIEW
2016-05-21,FOODS_3_635,TX_2,0.94,0.94,0.0,2.7482149600982666,2.7482149600982666,2.5833220624923703,2.5833220624923703,0.0,0.0,53,HOLD,FOODS_3,TX,HOLD,0.0,False,False,False,HIGH
2016-05-21,FOODS_3_635,TX_3,0.94,0.94,0.0,1.7794114351272583,1.7794114351272583,1.6726467490196226,1.6726467490196226,0.0,0.0,52,HOLD,FOODS_3,TX,HOLD,0.0,False,False,False,HIGH
2016-05-21,FOODS_3_635,WI_1,0.94,0.94,0.0,1.4715700149536133,1.4715700149536133,1.3832758140563963,1.3832758140563963,0.0,0.0,53,HOLD,FOODS_3,WI,HOLD,0.0,False,False,False,HIGH
2016-05-21,FOODS_3_635,WI_2,0.94,0.94,0.0,1.1984740495681763,1.1984740495681763,1.1265656065940857,1.1265656065940857,0.0,0.0,53,HOLD,FOODS_3,WI,HOLD,0.0,False,False,False,HIGH
2016-05-21,FOODS_3_635,WI_3,0.94,0.94,0.0,2.0725297927856445,2.0725297927856445,1.9481780052185058,1.9481780052185058,0.0,0.0,53,HOLD,FOODS_3,WI,HOLD,0.0,False,False,False,HIGH
2016-05-21,FOODS_3_681,CA_1,1.0,1.25,25.0,146.254638671875,117.54378509521484,146.254638671875,146.92973136901855,0.6750926971435547,0.461587203848035,13,CHANGE,FOODS_3,CA,INCREASE,25.0,True,False,False,REVIEW
2016-05-21,FOODS_3_681,CA_2,1.0,1.0,0.0,74.07298278808594,74.07298278808594,74.07298278808594,74.07298278808594,0.0,0.0,41,HOLD,FOODS_3,CA,HOLD,0.0,False,False,False,HIGH
2016-05-21,FOODS_3_681,CA_3,1.0,1.25,25.0,340.72271728515625,274.1427307128906,340.72271728515625,342.6784133911133,1.9556961059570312,0.5739846528402384,12,CHANGE,FOODS_3,CA,INCREASE,25.0,True,False,False,REVIEW
2016-05-21,FOODS_3_681,CA_4,1.0,1.25,25.0,50.62617492675781,41.85017776489258,50.62617492675781,52.31272220611572,1.6865472793579102,3.33137410005374,12,CHANGE,FOODS_3,CA,INCREASE,25.0,True,False,False,REVIEW
2016-05-21,FOODS_3_681,TX_1,1.0,1.0,0.0,240.7082977294922,240.7082977294922,240.7082977294922,240.7082977294922,0.0,0.0,40,HOLD,FOODS_3,TX,HOLD,0.0,False,False,False,HIGH
2016-05-21,FOODS_3_681,TX_2,1.0,1.25,25.0,100.94640350341797,84.18724822998047,100.94640350341797,105.23406028747559,4.287656784057617,4.247458686244766,12,CHANGE,FOODS_3,TX,INCREASE,25.0,True,False,False,REVIEW
2016-05-21,FOODS_3_681,TX_3,1.0,1.25,25.0,123.62250518798828,107.14630889892578,123.62250518798828,133.93288612365723,10.310380935668945,8.34021355576828,13,CHANGE,FOODS_3,TX,INCREASE,25.0,True,False,False,REVIEW
2016-05-21,FOODS_3_681,WI_1,1.0,1.25,25.0,23.526973724365234,18.866619110107422,23.526973724365234,23.583273887634277,0.05630016326904297,0.2393004894239196,15,CHANGE,FOODS_3,WI,INCREASE,25.0,True,False,False,REVIEW
2016-05-21,FOODS_3_681,WI_2,1.0,1.0,0.0,73.04507446289062,73.04507446289062,73.04507446289062,73.04507446289062,0.0,0.0,38,HOLD,FOODS_3,WI,HOLD,0.0,False,False,False,HIGH
2016-05-21,FOODS_3_681,WI_3,1.0,1.0,0.0,314.9794006347656,314.9794006347656,314.9794006347656,314.9794006347656,0.0,0.0,39,HOLD,FOODS_3,WI,HOLD,0.0,False,False,False,HIGH
2016-05-21,FOODS_3_704,CA_1,4.68,4.68,0.0,27.74423599243164,27.74423599243164,129.84302444458007,129.84302444458007,0.0,0.0,24,HOLD,FOODS_3,CA,HOLD,0.0,False,False,False,HIGH
2016-05-21,FOODS_3_704,CA_2,4.68,4.68,0.0,15.758246421813965,15.758246421813965,73.74859325408936,73.74859325408936,0.0,0.0,24,HOLD,FOODS_3,CA,HOLD,0.0,False,False,False,HIGH
2016-05-21,FOODS_3_704,CA_3,4.68,4.68,0.0,24.250268936157227,24.250268936157227,113.49125862121582,113.49125862121582,0.0,0.0,24,HOLD,FOODS_3,CA,HOLD,0.0,False,False,False,HIGH
2016-05-21,FOODS_3_704,CA_4,4.68,4.68,0.0,18.175052642822266,18.175052642822266,85.0592463684082,85.0592463684082,0.0,0.0,24,HOLD,FOODS_3,CA,HOLD,0.0,False,False,False,HIGH
2016-05-21,FOODS_3_704,TX_1,4.48,4.48,0.0,10.18430233001709,10.18430233001709,45.625674438476565,45.625674438476565,0.0,0.0,53,HOLD,FOODS_3,TX,HOLD,0.0,False,False,False,HIGH
2016-05-21,FOODS_3_704,TX_2,4.48,4.48,0.0,17.82242774963379,17.82242774963379,79.84447631835938,79.84447631835938,0.0,0.0,50,HOLD,FOODS_3,TX,HOLD,0.0,False,False,False,HIGH
2016-05-21,FOODS_3_704,TX_3,4.48,4.48,0.0,19.0942325592041,19.0942325592041,85.54216186523438,85.54216186523438,0.0,0.0,53,HOLD,FOODS_3,TX,HOLD,0.0,False,False,False,HIGH
2016-05-21,FOODS_3_704,WI_1,2.5,4.44,77.60000000000001,45.233154296875,40.895652770996094,113.0828857421875,181.57669830322268,68.49381256103518,60.569565510727315,52,CHANGE,FOODS_3,WI,INCREASE,77.60000000000001,True,True,False,REVIEW
2016-05-21,FOODS_3_704,WI_2,4.44,4.44,0.0,20.099668502807617,20.099668502807617,89.24252815246582,89.24252815246582,0.0,0.0,53,HOLD,FOODS_3,WI,HOLD,0.0,False,False,False,HIGH
2016-05-21,FOODS_3_704,WI_3,2.5,4.44,77.60000000000001,26.549558639526367,20.882217407226562,66.37389659881592,92.71704528808594,26.343148689270024,39.68901938738967,49,CHANGE,FOODS_3,WI,INCREASE,77.60000000000001,True,True,False,REVIEW
2016-05-21,FOODS_3_723,CA_1,1.6,1.6,0.0,79.51844024658203,79.51844024658203,127.22950439453126,127.22950439453126,0.0,0.0,21,HOLD,FOODS_3,CA,HOLD,0.0,False,False,False,HIGH
2016-05-21,FOODS_3_723,CA_2,1.6,1.6,0.0,99.90773010253906,99.90773010253906,159.8523681640625,159.8523681640625,0.0,0.0,21,HOLD,FOODS_3,CA,HOLD,0.0,False,False,False,HIGH
2016-05-21,FOODS_3_723,CA_3,1.6,1.6,0.0,163.63902282714844,163.63902282714844,261.8224365234375,261.8224365234375,0.0,0.0,21,HOLD,FOODS_3,CA,HOLD,0.0,False,False,False,HIGH
2016-05-21,FOODS_3_723,CA_4,1.6,1.48,-7.500000000000007,48.56942367553711,52.70783615112305,77.71107788085938,78.00759750366211,0.2965196228027338,0.381566735256632,21,CHANGE,FOODS_3,CA,DECREASE,7.500000000000007,False,False,False,HIGH
2016-05-21,FOODS_3_723,TX_1,1.5,1.48,-1.3333333333333344,95.76435852050781,98.76896667480469,143.64653778076172,146.17807067871092,2.531532897949205,1.7623347816519725,21,CHANGE,FOODS_3,TX,DECREASE,1.3333333333333344,False,False,False,HIGH
2016-05-21,FOODS_3_723,TX_2,1.5,1.48,-1.3333333333333344,117.01251983642578,119.28209686279297,175.51877975463867,176.5375033569336,1.0187236022949264,0.5804071813392397,21,CHANGE,FOODS_3,TX,DECREASE,1.3333333333333344,False,False,False,HIGH
2016-05-21,FOODS_3_723,TX_3,1.5,1.5,0.0,106.9718246459961,106.9718246459961,160.45773696899414,160.45773696899414,0.0,0.0,32,HOLD,FOODS_3,TX,HOLD,0.0,False,False,False,HIGH
2016-05-21,FOODS_3_723,WI_1,1.5,1.5,0.0,66.84760284423828,66.84760284423828,100.27140426635742,100.27140426635742,0.0,0.0,32,HOLD,FOODS_3,WI,HOLD,0.0,False,False,False,HIGH
2016-05-21,FOODS_3_723,WI_2,1.5,1.5,0.0,193.20172119140625,193.20172119140625,289.8025817871094,289.8025817871094,0.0,0.0,31,HOLD,FOODS_3,WI,HOLD,0.0,False,False,False,HIGH
2016-05-21,FOODS_3_723,WI_3,1.5,1.5,0.0,130.4093017578125,130.4093017578125,195.61395263671875,195.61395263671875,0.0,0.0,29,HOLD,FOODS_3,WI,HOLD,0.0,False,False,False,HIGH
2016-05-21,FOODS_3_727,CA_1,3.98,4.48,12.562814070351768,19.32366371154785,17.485471725463867,76.90818157196045,78.33491333007814,1.4267317581176826,1.8551105083439485,13,CHANGE,FOODS_3,CA,INCREASE,12.562814070351768,False,False,False,MEDIUM
2016-05-21,FOODS_3_727,CA_2,3.98,4.48,12.562814070351768,11.413366317749023,10.521767616271973,45.42519794464111,47.137518920898444,1.712320976257331,3.769539933197664,14,CHANGE,FOODS_3,CA,INCREASE,12.562814070351768,False,False,False,MEDIUM
2016-05-21,FOODS_3_727,CA_3,3.98,4.48,12.562814070351768,25.2773494720459,23.069852828979492,100.60385089874268,103.35294067382813,2.7490897750854515,2.7325890117788814,13,CHANGE,FOODS_3,CA,INCREASE,12.562814070351768,False,False,False,MEDIUM
2016-05-21,FOODS_3_727,CA_4,3.98,4.48,12.562814070351768,6.41028356552124,6.565045356750488,25.512928590774536,29.41140319824219,3.898474607467655,15.280388504192896,14,CHANGE,FOODS_3,CA,INCREASE,12.562814070351768,False,False,False,MEDIUM
2016-05-21,FOODS_3_727,TX_1,3.98,4.48,12.562814070351768,7.847187042236328,7.617496013641357,31.231804428100585,34.12638214111328,2.8945777130126977,9.268045077819208,14,CHANGE,FOODS_3,TX,INCREASE,12.562814070351768,False,False,False,MEDIUM
2016-05-21,FOODS_3_727,TX_2,3.98,4.48,12.562814070351768,13.723613739013672,12.82000732421875,54.619982681274415,57.43363281250001,2.813650131225593,5.151320072077225,14,CHANGE,FOODS_3,TX,INCREASE,12.562814070351768,False,False,False,MEDIUM
2016-05-21,FOODS_3_727,TX_3,3.98,3.98,0.0,13.540761947631836,13.540761947631836,53.89223255157471,53.89223255157471,0.0,0.0,16,HOLD,FOODS_3,TX,HOLD,0.0,False,False,False,HIGH
2016-05-21,FOODS_3_727,WI_1,3.98,4.48,12.562814070351768,10.918364524841309,10.597997665405273,43.455090808868405,47.47902954101563,4.023938732147222,9.259993840183181,13,CHANGE,FOODS_3,WI,INCREASE,12.562814070351768,False,False,False,MEDIUM
2016-05-21,FOODS_3_727,WI_2,3.98,4.48,12.562814070351768,12.633679389953613,11.436552047729492,50.28204397201538,51.23575317382813,0.9537092018127495,1.896719239065817,13,CHANGE,FOODS_3,WI,INCREASE,12.562814070351768,False,False,False,MEDIUM
2016-05-21,FOODS_3_727,WI_3,3.98,4.48,12.562814070351768,20.77716827392578,19.924720764160156,82.69312973022461,89.26274902343751,6.569619293212895,7.944576913034261,13,CHANGE,FOODS_3,WI,INCREASE,12.562814070351768,False,False,False,MEDIUM
2016-05-21,FOODS_3_734,CA_1,1.78,1.78,0.0,29.342281341552734,29.342281341552734,52.22926078796387,52.22926078796387,0.0,0.0,53,HOLD,FOODS_3,CA,HOLD,0.0,False,False,False,HIGH
2016-05-21,FOODS_3_734,CA_2,1.78,1.78,0.0,30.156225204467773,30.156225204467773,53.67808086395264,53.67808086395264,0.0,0.0,53,HOLD,FOODS_3,CA,HOLD,0.0,False,False,False,HIGH
2016-05-21,FOODS_3_734,CA_3,1.78,1.78,0.0,52.02993392944336,52.02993392944336,92.61328239440918,92.61328239440918,0.0,0.0,53,HOLD,FOODS_3,CA,HOLD,0.0,False,False,False,HIGH
2016-05-21,FOODS_3_734,CA_4,1.78,1.78,0.0,13.412912368774414,13.412912368774414,23.87498401641846,23.87498401641846,0.0,0.0,53,HOLD,FOODS_3,CA,HOLD,0.0,False,False,False,HIGH
2016-05-21,FOODS_3_734,TX_1,1.78,1.78,0.0,35.099815368652344,35.099815368652344,62.47767135620117,62.47767135620117,0.0,0.0,53,HOLD,FOODS_3,TX,HOLD,0.0,False,False,False,HIGH
2016-05-21,FOODS_3_734,TX_2,1.78,1.78,0.0,23.05373191833496,23.05373191833496,41.03564281463623,41.03564281463623,0.0,0.0,53,HOLD,FOODS_3,TX,HOLD,0.0,False,False,False,HIGH
2016-05-21,FOODS_3_734,TX_3,1.78,1.78,0.0,36.81635665893555,36.81635665893555,65.53311485290527,65.53311485290527,0.0,0.0,53,HOLD,FOODS_3,TX,HOLD,0.0,False,False,False,HIGH
2016-05-21,FOODS_3_734,WI_1,1.78,1.78,0.0,12.835884094238281,12.835884094238281,22.84787368774414,22.84787368774414,0.0,0.0,53,HOLD,FOODS_3,WI,HOLD,0.0,False,False,False,HIGH
2016-05-21,FOODS_3_734,WI_2,1.78,1.78,0.0,32.79823684692383,32.79823684692383,58.380861587524414,58.380861587524414,0.0,0.0,53,HOLD,FOODS_3,WI,HOLD,0.0,False,False,False,HIGH
2016-05-21,FOODS_3_734,WI_3,1.78,1.78,0.0,32.814640045166016,32.814640045166016,58.41005928039551,58.41005928039551,0.0,0.0,53,HOLD,FOODS_3,WI,HOLD,0.0,False,False,False,HIGH
2016-05-21,FOODS_3_738,CA_1,1.6,1.5,-6.250000000000005,30.108530044555664,32.6549186706543,48.173648071289065,48.982378005981445,0.80872993469238,1.678780758923619,11,CHANGE,FOODS_3,CA,DECREASE,6.250000000000005,False,False,False,MEDIUM
2016-05-21,FOODS_3_738,CA_2,1.6,1.6,0.0,33.81196975708008,33.81196975708008,54.099151611328125,54.099151611328125,0.0,0.0,21,HOLD,FOODS_3,CA,HOLD,0.0,False,False,False,HIGH
2016-05-21,FOODS_3_738,CA_3,1.6,1.6,0.0,27.062335968017578,27.062335968017578,43.299737548828126,43.299737548828126,0.0,0.0,20,HOLD,FOODS_3,CA,HOLD,0.0,False,False,False,HIGH
2016-05-21,FOODS_3_738,CA_4,1.6,1.6,0.0,18.43021011352539,18.43021011352539,29.488336181640626,29.488336181640626,0.0,0.0,21,HOLD,FOODS_3,CA,HOLD,0.0,False,False,False,HIGH
2016-05-21,FOODS_3_738,TX_1,1.5,1.5,0.0,13.271953582763672,13.271953582763672,19.907930374145508,19.907930374145508,0.0,0.0,32,HOLD,FOODS_3,TX,HOLD,0.0,False,False,False,HIGH
2016-05-21,FOODS_3_738,TX_2,1.5,1.5,0.0,31.26714324951172,31.26714324951172,46.90071487426758,46.90071487426758,0.0,0.0,32,HOLD,FOODS_3,TX,HOLD,0.0,False,False,False,HIGH
2016-05-21,FOODS_3_738,TX_3,1.5,1.5,0.0,19.182666778564453,19.182666778564453,28.77400016784668,28.77400016784668,0.0,0.0,31,HOLD,FOODS_3,TX,HOLD,0.0,False,False,False,HIGH
2016-05-21,FOODS_3_738,WI_1,1.5,1.5,0.0,23.12788200378418,23.12788200378418,34.69182300567627,34.69182300567627,0.0,0.0,32,HOLD,FOODS_3,WI,HOLD,0.0,False,False,False,HIGH
2016-05-21,FOODS_3_738,WI_2,1.5,1.5,0.0,12.436220169067383,12.436220169067383,18.654330253601074,18.654330253601074,0.0,0.0,31,HOLD,FOODS_3,WI,HOLD,0.0,False,False,False,HIGH
2016-05-21,FOODS_3_738,WI_3,1.5,1.48,-1.3333333333333344,13.49483871459961,13.756743431091309,20.242258071899414,20.359980278015136,0.11772220611572237,0.5815665707727834,24,CHANGE,FOODS_3,WI,DECREASE,1.3333333333333344,False,False,False,HIGH
2016-05-21,FOODS_3_753,CA_1,5.44,5.48,0.7352941176470594,19.860172271728516,19.774431228637695,108.03933715820314,108.36388313293457,0.32454597473143565,0.30039611799561444,6,CHANGE,FOODS_3,CA,INCREASE,0.7352941176470594,False,False,True,REVIEW
2016-05-21,FOODS_3_753,CA_2,5.44,5.44,0.0,23.034040451049805,23.034040451049805,125.30518005371094,125.30518005371094,0.0,0.0,47,HOLD,FOODS_3,CA,HOLD,0.0,False,False,False,HIGH
2016-05-21,FOODS_3_753,CA_3,5.44,5.44,0.0,30.27298355102539,30.27298355102539,164.68503051757813,164.68503051757813,0.0,0.0,47,HOLD,FOODS_3,CA,HOLD,0.0,False,False,False,HIGH
2016-05-21,FOODS_3_753,CA_4,5.44,5.44,0.0,23.37763786315918,23.37763786315918,127.17434997558594,127.17434997558594,0.0,0.0,47,HOLD,FOODS_3,CA,HOLD,0.0,False,False,False,HIGH
2016-05-21,FOODS_3_753,TX_1,4.68,5.48,17.09401709401711,11.816946029663086,10.431047439575195,55.30330741882324,57.162139968872076,1.858832550048838,3.361159823537351,6,CHANGE,FOODS_3,TX,INCREASE,17.09401709401711,True,False,True,REVIEW
2016-05-21,FOODS_3_753,TX_2,4.68,5.48,17.09401709401711,14.347016334533691,13.834485054016113,67.14403644561767,75.81297809600831,8.668941650390636,12.910962922838157,6,CHANGE,FOODS_3,TX,INCREASE,17.09401709401711,True,False,True,REVIEW
2016-05-21,FOODS_3_753,TX_3,4.68,5.48,17.09401709401711,9.752424240112305,9.342853546142578,45.641345443725584,51.19883743286133,5.557491989135748,12.176442072655307,7,CHANGE,FOODS_3,TX,INCREASE,17.09401709401711,True,False,True,REVIEW
2016-05-21,FOODS_3_753,WI_1,5.44,5.48,0.7352941176470594,20.75078773498535,20.835540771484375,112.88428527832032,114.17876342773438,1.2944781494140614,1.1467301637446508,6,CHANGE,FOODS_3,WI,INCREASE,0.7352941176470594,False,False,True,REVIEW
2016-05-21,FOODS_3_753,WI_2,5.44,5.44,0.0,15.572610855102539,15.572610855102539,84.71500305175782,84.71500305175782,0.0,0.0,47,HOLD,FOODS_3,WI,HOLD,0.0,False,False,False,HIGH
2016-05-21,FOODS_3_753,WI_3,5.44,5.44,0.0,18.739437103271484,18.739437103271484,101.94253784179688,101.94253784179688,0.0,0.0,46,HOLD,FOODS_3,WI,HOLD,0.0,False,False,False,HIGH
2016-05-21,FOODS_3_755,CA_1,0.94,0.94,0.0,76.76847839355469,76.76847839355469,72.1623696899414,72.1623696899414,0.0,0.0,40,HOLD,FOODS_3,CA,HOLD,0.0,False,False,False,HIGH
2016-05-21,FOODS_3_755,CA_2,0.94,0.94,0.0,65.79328155517578,65.79328155517578,61.84568466186523,61.84568466186523,0.0,0.0,40,HOLD,FOODS_3,CA,HOLD,0.0,False,False,False,HIGH
2016-05-21,FOODS_3_755,CA_3,0.94,1.14,21.276595744680847,47.159114837646484,38.99357223510742,44.329567947387694,44.45267234802246,0.12310440063476591,0.27770268544207716,10,CHANGE,FOODS_3,CA,INCREASE,21.276595744680847,True,False,False,REVIEW
2016-05-21,FOODS_3_755,CA_4,0.94,1.14,21.276595744680847,32.5645866394043,27.120033264160156,30.61071144104004,30.916837921142577,0.30612648010253807,1.0000632644300835,13,CHANGE,FOODS_3,CA,INCREASE,21.276595744680847,True,False,False,REVIEW
2016-05-21,FOODS_3_755,TX_1,0.94,0.94,0.0,17.711009979248047,17.711009979248047,16.648349380493162,16.648349380493162,0.0,0.0,40,HOLD,FOODS_3,TX,HOLD,0.0,False,False,False,HIGH
2016-05-21,FOODS_3_755,TX_2,0.94,1.14,21.276595744680847,12.558747291564941,10.367026329040527,11.805222454071044,11.8184100151062,0.013187561035156392,0.11170955131479667,14,CHANGE,FOODS_3,TX,INCREASE,21.276595744680847,True,False,False,REVIEW
2016-05-21,FOODS_3_755,TX_3,0.94,0.94,0.0,12.736297607421875,12.736297607421875,11.972119750976562,11.972119750976562,0.0,0.0,40,HOLD,FOODS_3,TX,HOLD,0.0,False,False,False,HIGH
2016-05-21,FOODS_3_755,WI_1,0.94,0.94,0.0,30.034210205078125,30.034210205078125,28.232157592773437,28.232157592773437,0.0,0.0,40,HOLD,FOODS_3,WI,HOLD,0.0,False,False,False,HIGH
2016-05-21,FOODS_3_755,WI_2,0.94,1.14,21.276595744680847,8.896103858947754,8.497045516967773,8.362337627410888,9.68663188934326,1.3242942619323728,15.836412268161377,13,CHANGE,FOODS_3,WI,INCREASE,21.276595744680847,True,False,False,REVIEW
2016-05-21,FOODS_3_755,WI_3,0.94,0.94,0.0,19.9198055267334,19.9198055267334,18.724617195129394,18.724617195129394,0.0,0.0,40,HOLD,FOODS_3,WI,HOLD,0.0,False,False,False,HIGH
2016-05-21,FOODS_3_767,CA_1,1.0,1.0,0.0,1.5001839399337769,1.5001839399337769,1.5001839399337769,1.5001839399337769,0.0,0.0,53,HOLD,FOODS_3,CA,HOLD,0.0,False,False,False,HIGH
2016-05-21,FOODS_3_767,CA_2,0.88,1.0,13.636363636363635,1.7800991535186768,10.414482116699219,1.5664872550964355,10.414482116699219,8.847994861602784,564.8303127150617,46,CHANGE,FOODS_3,CA,INCREASE,13.636363636363635,False,True,False,MEDIUM
2016-05-21,FOODS_3_767,CA_3,0.88,1.0,13.636363636363635,2.9929869174957275,14.929499626159668,2.63382848739624,14.929499626159668,12.295671138763428,466.83643971512845,37,CHANGE,FOODS_3,CA,INCREASE,13.636363636363635,False,True,False,MEDIUM
2016-05-21,FOODS_3_767,CA_4,1.0,1.0,0.0,0.9752305746078491,0.9752305746078491,0.9752305746078491,0.9752305746078491,0.0,0.0,53,HOLD,FOODS_3,CA,HOLD,0.0,False,False,False,HIGH
2016-05-21,FOODS_3_767,TX_1,0.94,0.94,0.0,1.1212116479873657,1.1212116479873657,1.0539389491081237,1.0539389491081237,0.0,0.0,52,HOLD,FOODS_3,TX,HOLD,0.0,False,False,False,HIGH
2016-05-21,FOODS_3_767,TX_2,0.94,0.94,0.0,1.3612576723098755,1.3612576723098755,1.279582211971283,1.279582211971283,0.0,0.0,53,HOLD,FOODS_3,TX,HOLD,0.0,False,False,False,HIGH
2016-05-21,FOODS_3_767,TX_3,0.94,0.94,0.0,1.6975187063217163,1.6975187063217163,1.5956675839424133,1.5956675839424133,0.0,0.0,53,HOLD,FOODS_3,TX,HOLD,0.0,False,False,False,HIGH
2016-05-21,FOODS_3_767,WI_1,0.94,0.94,0.0,0.8224155306816101,0.8224155306816101,0.7730705988407135,0.7730705988407135,0.0,0.0,53,HOLD,FOODS_3,WI,HOLD,0.0,False,False,False,HIGH
2016-05-21,FOODS_3_767,WI_2,0.94,0.94,0.0,0.8785040378570557,0.8785040378570557,0.8257937955856323,0.8257937955856323,0.0,0.0,53,HOLD,FOODS_3,WI,HOLD,0.0,False,False,False,HIGH
2016-05-21,FOODS_3_767,WI_3,0.94,0.94,0.0,0.7952169179916382,0.7952169179916382,0.7475039029121399,0.7475039029121399,0.0,0.0,53,HOLD,FOODS_3,WI,HOLD,0.0,False,False,False,HIGH
2016-05-21,FOODS_3_769,CA_1,1.25,1.38,10.399999999999991,29.74217987060547,28.285924911499023,37.177724838256836,39.034576377868646,1.8568515396118102,4.99452709301098,37,CHANGE,FOODS_3,CA,INCREASE,10.399999999999991,False,False,False,MEDIUM
2016-05-21,FOODS_3_769,CA_2,1.25,1.25,0.0,24.389957427978516,24.389957427978516,30.487446784973145,30.487446784973145,0.0,0.0,16,HOLD,FOODS_3,CA,HOLD,0.0,False,False,False,HIGH
2016-05-21,FOODS_3_769,CA_3,1.25,1.38,10.399999999999991,33.14545822143555,32.41351318359375,41.431822776794434,44.73064819335937,3.298825416564938,7.962057171215211,25,CHANGE,FOODS_3,CA,INCREASE,10.399999999999991,False,False,False,MEDIUM
2016-05-21,FOODS_3_769,CA_4,1.25,1.38,10.399999999999991,20.288599014282227,19.194671630859375,25.360748767852783,26.488646850585937,1.1278980827331537,4.447416332450224,37,CHANGE,FOODS_3,CA,INCREASE,10.399999999999991,False,False,False,MEDIUM
2016-05-21,FOODS_3_769,TX_1,1.25,1.38,10.399999999999991,14.003539085388184,13.125323295593262,17.50442385673523,18.1129461479187,0.6085222911834691,3.4763914320397706,37,CHANGE,FOODS_3,TX,INCREASE,10.399999999999991,False,False,False,MEDIUM
2016-05-21,FOODS_3_769,TX_2,1.25,1.38,10.399999999999991,14.741247177124023,14.178401947021484,18.42655897140503,19.56619468688965,1.1396357154846193,6.184745167305222,37,CHANGE,FOODS_3,TX,INCREASE,10.399999999999991,False,False,False,MEDIUM
2016-05-21,FOODS_3_769,TX_3,1.25,1.38,10.399999999999991,20.1653995513916,18.416296005249023,25.206749439239502,25.414488487243652,0.2077390480041501,0.824140568005018,37,CHANGE,FOODS_3,TX,INCREASE,10.399999999999991,False,False,False,MEDIUM
2016-05-21,FOODS_3_769,WI_1,1.25,1.25,0.0,28.796382904052734,28.796382904052734,35.99547863006592,35.99547863006592,0.0,0.0,16,HOLD,FOODS_3,WI,HOLD,0.0,False,False,False,HIGH
2016-05-21,FOODS_3_769,WI_2,1.25,1.25,0.0,35.94746780395508,35.94746780395508,44.93433475494385,44.93433475494385,0.0,0.0,16,HOLD,FOODS_3,WI,HOLD,0.0,False,False,False,HIGH
2016-05-21,FOODS_3_769,WI_3,1.25,1.25,0.0,18.929075241088867,18.929075241088867,23.661344051361084,23.661344051361084,0.0,0.0,16,HOLD,FOODS_3,WI,HOLD,0.0,False,False,False,HIGH
2016-05-21,FOODS_3_783,CA_1,5.44,5.44,0.0,34.86568069458008,34.86568069458008,189.66930297851565,189.66930297851565,0.0,0.0,47,HOLD,FOODS_3,CA,HOLD,0.0,False,False,False,HIGH
2016-05-21,FOODS_3_783,CA_2,5.44,5.44,0.0,20.233057022094727,20.233057022094727,110.06783020019532,110.06783020019532,0.0,0.0,47,HOLD,FOODS_3,CA,HOLD,0.0,False,False,False,HIGH
2016-05-21,FOODS_3_783,CA_3,5.44,5.44,0.0,23.873546600341797,23.873546600341797,129.8720935058594,129.8720935058594,0.0,0.0,47,HOLD,FOODS_3,CA,HOLD,0.0,False,False,False,HIGH
2016-05-21,FOODS_3_783,CA_4,5.44,5.44,0.0,18.981548309326172,18.981548309326172,103.25962280273438,103.25962280273438,0.0,0.0,47,HOLD,FOODS_3,CA,HOLD,0.0,False,False,False,HIGH
2016-05-21,FOODS_3_783,TX_1,4.68,5.48,17.09401709401711,8.625967025756836,8.261693000793457,40.36952568054199,45.27407764434815,4.904551963806156,12.149144388313033,6,CHANGE,FOODS_3,TX,INCREASE,17.09401709401711,True,False,True,REVIEW
2016-05-21,FOODS_3_783,TX_2,4.68,5.48,17.09401709401711,20.559337615966797,18.88865852355957,96.2177000427246,103.50984870910645,7.292148666381848,7.578801679050565,6,CHANGE,FOODS_3,TX,INCREASE,17.09401709401711,True,False,True,REVIEW
2016-05-21,FOODS_3_783,TX_3,4.68,5.48,17.09401709401711,14.352108001708984,13.83132553100586,67.16786544799804,75.79566390991212,8.627798461914082,12.845128253470852,7,CHANGE,FOODS_3,TX,INCREASE,17.09401709401711,True,False,True,REVIEW
2016-05-21,FOODS_3_783,WI_1,5.44,5.44,0.0,16.989858627319336,16.989858627319336,92.4248309326172,92.4248309326172,0.0,0.0,47,HOLD,FOODS_3,WI,HOLD,0.0,False,False,False,HIGH
2016-05-21,FOODS_3_783,WI_2,5.44,5.48,0.7352941176470594,12.38705062866211,12.668242454528809,67.38555541992189,69.42196865081787,2.036413230895988,3.022032271168225,6,CHANGE,FOODS_3,WI,INCREASE,0.7352941176470594,False,False,True,REVIEW
2016-05-21,FOODS_3_783,WI_3,5.44,5.48,0.7352941176470594,8.875805854797363,9.126849174499512,48.28438385009766,50.015133476257326,1.730749626159664,3.5844914818275417,6,CHANGE,FOODS_3,WI,INCREASE,0.7352941176470594,False,False,True,REVIEW
2016-05-21,FOODS_3_785,CA_1,3.0,3.0,0.0,126.74943542480469,126.74943542480469,380.24830627441406,380.24830627441406,0.0,0.0,53,HOLD,FOODS_3,CA,HOLD,0.0,False,False,False,HIGH
2016-05-21,FOODS_3_785,CA_2,3.0,3.0,0.0,43.9435920715332,43.9435920715332,131.8307762145996,131.8307762145996,0.0,0.0,47,HOLD,FOODS_3,CA,HOLD,0.0,False,False,False,HIGH
2016-05-21,FOODS_3_785,CA_3,3.0,3.0,0.0,117.37390899658203,117.37390899658203,352.1217269897461,352.1217269897461,0.0,0.0,37,HOLD,FOODS_3,CA,HOLD,0.0,False,False,False,HIGH
2016-05-21,FOODS_3_785,CA_4,3.0,3.0,0.0,38.50458526611328,38.50458526611328,115.51375579833984,115.51375579833984,0.0,0.0,53,HOLD,FOODS_3,CA,HOLD,0.0,False,False,False,HIGH
2016-05-21,FOODS_3_785,TX_1,3.0,3.0,0.0,56.285179138183594,56.285179138183594,168.85553741455078,168.85553741455078,0.0,0.0,48,HOLD,FOODS_3,TX,HOLD,0.0,False,False,False,HIGH
2016-05-21,FOODS_3_785,TX_2,3.0,3.0,0.0,43.381492614746094,43.381492614746094,130.14447784423828,130.14447784423828,0.0,0.0,48,HOLD,FOODS_3,TX,HOLD,0.0,False,False,False,HIGH
2016-05-21,FOODS_3_785,TX_3,3.0,3.0,0.0,80.78434753417969,80.78434753417969,242.35304260253906,242.35304260253906,0.0,0.0,48,HOLD,FOODS_3,TX,HOLD,0.0,False,False,False,HIGH
2016-05-21,FOODS_3_785,WI_1,3.0,3.0,0.0,88.28416442871094,88.28416442871094,264.8524932861328,264.8524932861328,0.0,0.0,53,HOLD,FOODS_3,WI,HOLD,0.0,False,False,False,HIGH
2016-05-21,FOODS_3_785,WI_2,3.0,3.0,0.0,43.05802917480469,43.05802917480469,129.17408752441406,129.17408752441406,0.0,0.0,53,HOLD,FOODS_3,WI,HOLD,0.0,False,False,False,HIGH
2016-05-21,FOODS_3_785,WI_3,3.0,3.0,0.0,88.52284240722656,88.52284240722656,265.5685272216797,265.5685272216797,0.0,0.0,53,HOLD,FOODS_3,WI,HOLD,0.0,False,False,False,HIGH
2016-05-21,FOODS_3_808,CA_1,1.0,1.0,0.0,2.8419039249420166,2.8419039249420166,2.8419039249420166,2.8419039249420166,0.0,0.0,53,HOLD,FOODS_3,CA,HOLD,0.0,False,False,False,HIGH
2016-05-21,FOODS_3_808,CA_2,0.88,1.0,13.636363636363635,3.0423500537872314,14.056977272033691,2.6772680473327637,14.056977272033691,11.379709224700928,425.04930487023887,46,CHANGE,FOODS_3,CA,INCREASE,13.636363636363635,False,True,False,MEDIUM
2016-05-21,FOODS_3_808,CA_3,0.88,1.0,13.636363636363635,6.260291576385498,28.484905242919922,5.509056587219239,28.484905242919922,22.975848655700684,417.0559567132349,33,CHANGE,FOODS_3,CA,INCREASE,13.636363636363635,False,True,False,MEDIUM
2016-05-21,FOODS_3_808,CA_4,1.0,1.0,0.0,2.6702353954315186,2.6702353954315186,2.6702353954315186,2.6702353954315186,0.0,0.0,53,HOLD,FOODS_3,CA,HOLD,0.0,False,False,False,HIGH
2016-05-21,FOODS_3_808,TX_1,1.0,0.94,-6.000000000000005,2.5166914463043213,12.390795707702637,2.5166914463043213,11.647347965240478,9.130656518936156,362.8039715533752,32,CHANGE,FOODS_3,TX,DECREASE,6.000000000000005,False,True,False,HIGH
2016-05-21,FOODS_3_808,TX_2,1.0,0.94,-6.000000000000005,2.912858724594116,13.350115776062012,2.912858724594116,12.54910882949829,9.636250104904175,330.81762680567044,32,CHANGE,FOODS_3,TX,DECREASE,6.000000000000005,False,True,False,HIGH
2016-05-21,FOODS_3_808,TX_3,1.0,0.94,-6.000000000000005,2.895322561264038,14.01353931427002,2.895322561264038,13.172726955413818,10.27740439414978,354.9657827990978,33,CHANGE,FOODS_3,TX,DECREASE,6.000000000000005,False,True,False,HIGH
2016-05-21,FOODS_3_808,WI_1,0.94,0.94,0.0,1.459039330482483,1.459039330482483,1.3714969706535338,1.3714969706535338,0.0,0.0,53,HOLD,FOODS_3,WI,HOLD,0.0,False,False,False,HIGH
2016-05-21,FOODS_3_808,WI_2,0.94,0.94,0.0,1.2760436534881592,1.2760436534881592,1.1994810342788695,1.1994810342788695,0.0,0.0,53,HOLD,FOODS_3,WI,HOLD,0.0,False,False,False,HIGH
2016-05-21,FOODS_3_808,WI_3,0.94,0.94,0.0,3.2038414478302,3.2038414478302,3.011610960960388,3.011610960960388,0.0,0.0,53,HOLD,FOODS_3,WI,HOLD,0.0,False,False,False,HIGH
2016-05-21,FOODS_3_822,CA_1,3.98,4.48,12.562814070351768,20.758249282836914,19.119277954101562,82.61783214569091,85.654365234375,3.036533088684095,3.6753967149965594,14,CHANGE,FOODS_3,CA,INCREASE,12.562814070351768,False,False,False,MEDIUM
2016-05-21,FOODS_3_822,CA_2,3.98,3.98,0.0,20.53184700012207,20.53184700012207,81.71675106048583,81.71675106048583,0.0,0.0,16,HOLD,FOODS_3,CA,HOLD,0.0,False,False,False,HIGH
2016-05-21,FOODS_3_822,CA_3,3.98,4.48,12.562814070351768,31.549158096313477,28.922897338867188,125.56564922332764,129.57458007812502,4.008930854797384,3.1926971107099598,13,CHANGE,FOODS_3,CA,INCREASE,12.562814070351768,False,False,False,MEDIUM
2016-05-21,FOODS_3_822,CA_4,3.98,4.48,12.562814070351768,7.9820661544799805,7.772932529449463,31.768623294830324,34.8227377319336,3.0541144371032765,9.613619100706417,13,CHANGE,FOODS_3,CA,INCREASE,12.562814070351768,False,False,False,MEDIUM
2016-05-21,FOODS_3_822,TX_1,3.98,4.48,12.562814070351768,9.542688369750977,8.971284866333008,37.97989971160889,40.19135620117188,2.211456489562991,5.822702288197565,14,CHANGE,FOODS_3,TX,INCREASE,12.562814070351768,False,False,False,MEDIUM
2016-05-21,FOODS_3_822,TX_2,3.98,4.48,12.562814070351768,12.716390609741211,12.08143138885498,50.61123462677002,54.124812622070316,3.5135779953002952,6.942288646406272,13,CHANGE,FOODS_3,TX,INCREASE,12.562814070351768,False,False,False,MEDIUM
2016-05-21,FOODS_3_822,TX_3,3.98,4.48,12.562814070351768,10.515829086303711,10.06178092956543,41.85299976348877,45.07677856445313,3.223778800964361,7.702623035820441,14,CHANGE,FOODS_3,TX,INCREASE,12.562814070351768,False,False,False,MEDIUM
2016-05-21,FOODS_3_822,WI_1,3.98,4.48,12.562814070351768,15.779032707214355,14.618814468383789,62.80055017471314,65.49228881835938,2.6917386436462465,4.286170481242192,14,CHANGE,FOODS_3,WI,INCREASE,12.562814070351768,False,False,False,MEDIUM
2016-05-21,FOODS_3_822,WI_2,3.98,4.48,12.562814070351768,36.1449089050293,33.33817672729492,143.8567374420166,149.35503173828127,5.498294296264675,3.822062417118862,14,CHANGE,FOODS_3,WI,INCREASE,12.562814070351768,False,False,False,MEDIUM
2016-05-21,FOODS_3_822,WI_3,3.98,4.48,12.562814070351768,13.333794593811035,12.59937572479248,53.06850248336792,56.44520324707032,3.376700763702395,6.362909457941986,13,CHANGE,FOODS_3,WI,INCREASE,12.562814070351768,False,False,False,MEDIUM
