dept_id,item_id,neighbor_item,price_change_events,source_up_events,source_down_events,cross_price_corr,absolute_cross_price_corr,relationship_type,edge_strength,edge_direction,direction_label,neighbor_total_units,neighbor_current_price,neighbor_recommended_price,neighbor_revenue_gain_pct,neighbor_connections,neighbor_strong_connections,strength_rank,neighbor_rank
FOODS_1,FOODS_1_012,FOODS_1_076,87,79,8,0.305421572112973,0.305421572112973,SUBSTITUTION_LIKE,MODERATE,OUTGOING,YOUR PRICE → NEIGHBOR DEMAND,14456,5.923,6.367,30.935287186037755,4,0,2,1
FOODS_1,FOODS_1_012,FOODS_1_061,43,31,12,0.3048601460934259,0.3048601460934259,SUBSTITUTION_LIKE,MODERATE,INCOMING,NEIGHBOR PRICE → YOUR DEMAND,40852,2.24,2.24,0.0,4,1,2,2
FOODS_1,FOODS_1_019,FOODS_1_150,33,16,17,-0.43753107794892143,0.43753107794892143,COMPLEMENT_LIKE,MODERATE,OUTGOING,YOUR PRICE → NEIGHBOR DEMAND,28907,5.28,5.28,0.0,1,0,2,1
FOODS_1,FOODS_1_019,FOODS_1_074,32,16,16,-0.30075927124411467,0.30075927124411467,COMPLEMENT_LIKE,MODERATE,OUTGOING,YOUR PRICE → NEIGHBOR DEMAND,20440,2.24,2.24,0.0,6,1,2,2
FOODS_1,FOODS_1_023,FOODS_1_076,63,39,24,0.3127883000120753,0.3127883000120753,SUBSTITUTION_LIKE,MODERATE,INCOMING,NEIGHBOR PRICE → YOUR DEMAND,14456,5.923,6.367,30.935287186037755,4,0,2,1
FOODS_1,FOODS_1_037,FOODS_1_074,65,44,21,0.44439812428748793,0.44439812428748793,SUBSTITUTION_LIKE,STRONG,OUTGOING,YOUR PRICE → NEIGHBOR DEMAND,20440,2.24,2.24,0.0,6,1,1,1
FOODS_1,FOODS_1_037,FOODS_1_166,46,30,16,0.4372218000340574,0.4372218000340574,SUBSTITUTION_LIKE,STRONG,INCOMING,NEIGHBOR PRICE → YOUR DEMAND,34716,2.24,2.24,0.0,2,2,1,2
FOODS_1,FOODS_1_037,FOODS_1_055,71,46,25,0.4346667474049141,0.4346667474049141,SUBSTITUTION_LIKE,STRONG,OUTGOING,YOUR PRICE → NEIGHBOR DEMAND,58142,4.2,4.2,0.0,7,4,1,3
FOODS_1,FOODS_1_037,FOODS_1_219,42,28,14,0.4128524777256972,0.4128524777256972,SUBSTITUTION_LIKE,STRONG,INCOMING,NEIGHBOR PRICE → YOUR DEMAND,41786,2.24,2.24,0.0,2,2,1,4
FOODS_1,FOODS_1_037,FOODS_1_061,39,27,12,0.5211076239015789,0.5211076239015789,SUBSTITUTION_LIKE,MODERATE,INCOMING,NEIGHBOR PRICE → YOUR DEMAND,40852,2.24,2.24,0.0,4,1,2,5
FOODS_1,FOODS_1_037,FOODS_1_206,60,41,19,-0.36466837345515735,0.36466837345515735,COMPLEMENT_LIKE,MODERATE,OUTGOING,YOUR PRICE → NEIGHBOR DEMAND,30494,2.23,2.18,0.4186333482364879,4,0,2,6
FOODS_1,FOODS_1_037,FOODS_1_201,52,34,18,0.32080552351619096,0.32080552351619096,SUBSTITUTION_LIKE,MODERATE,INCOMING,NEIGHBOR PRICE → YOUR DEMAND,30390,2.24,2.24,0.0,2,1,2,7
FOODS_1,FOODS_1_055,FOODS_1_201,52,33,19,0.640603372356574,0.640603372356574,SUBSTITUTION_LIKE,STRONG,OUTGOING,YOUR PRICE → NEIGHBOR DEMAND,30390,2.24,2.24,0.0,2,1,1,1
FOODS_1,FOODS_1_055,FOODS_1_166,51,32,19,0.610663436362315,0.610663436362315,SUBSTITUTION_LIKE,STRONG,OUTGOING,YOUR PRICE → NEIGHBOR DEMAND,34716,2.24,2.24,0.0,2,2,1,2
FOODS_1,FOODS_1_055,FOODS_1_219,49,31,18,0.5004888420013611,0.5004888420013611,SUBSTITUTION_LIKE,STRONG,OUTGOING,YOUR PRICE → NEIGHBOR DEMAND,41786,2.24,2.24,0.0,2,2,1,3
FOODS_1,FOODS_1_055,FOODS_1_037,71,46,25,0.4346667474049141,0.4346667474049141,SUBSTITUTION_LIKE,STRONG,INCOMING,NEIGHBOR PRICE → YOUR DEMAND,18103,3.4799999999999995,3.4799999999999995,0.0,7,4,1,4
FOODS_1,FOODS_1_055,FOODS_1_076,52,33,19,-0.38254129331440323,0.38254129331440323,COMPLEMENT_LIKE,MODERATE,OUTGOING,YOUR PRICE → NEIGHBOR DEMAND,14456,5.923,6.367,30.935287186037755,4,0,2,5
FOODS_1,FOODS_1_055,FOODS_1_206,50,33,17,-0.36561965523913265,0.36561965523913265,COMPLEMENT_LIKE,MODERATE,OUTGOING,YOUR PRICE → NEIGHBOR DEMAND,30494,2.23,2.18,0.4186333482364879,4,0,2,6
FOODS_1,FOODS_1_055,FOODS_1_074,47,29,18,-0.33474773636617805,0.33474773636617805,COMPLEMENT_LIKE,MODERATE,INCOMING,NEIGHBOR PRICE → YOUR DEMAND,20440,2.24,2.24,0.0,6,1,2,7
FOODS_1,FOODS_1_061,FOODS_1_187,60,40,20,-0.42104600608732506,0.42104600608732506,COMPLEMENT_LIKE,STRONG,INCOMING,NEIGHBOR PRICE → YOUR DEMAND,25028,9.98,9.964,2.3859160598133786,2,1,1,1
FOODS_1,FOODS_1_061,FOODS_1_037,39,27,12,0.5211076239015789,0.5211076239015789,SUBSTITUTION_LIKE,MODERATE,OUTGOING,YOUR PRICE → NEIGHBOR DEMAND,18103,3.4799999999999995,3.4799999999999995,0.0,7,4,2,2
FOODS_1,FOODS_1_061,FOODS_1_206,63,41,22,-0.334690349244976,0.334690349244976,COMPLEMENT_LIKE,MODERATE,INCOMING,NEIGHBOR PRICE → YOUR DEMAND,30494,2.23,2.18,0.4186333482364879,4,0,2,3
FOODS_1,FOODS_1_061,FOODS_1_012,43,31,12,0.3048601460934259,0.3048601460934259,SUBSTITUTION_LIKE,MODERATE,OUTGOING,YOUR PRICE → NEIGHBOR DEMAND,86633,6.318,6.302,82.64281030545649,2,0,2,4
FOODS_1,FOODS_1_074,FOODS_1_037,65,44,21,0.44439812428748793,0.44439812428748793,SUBSTITUTION_LIKE,STRONG,INCOMING,NEIGHBOR PRICE → YOUR DEMAND,18103,3.4799999999999995,3.4799999999999995,0.0,7,4,1,1
FOODS_1,FOODS_1_074,FOODS_1_076,90,62,28,0.37183506660414145,0.37183506660414145,SUBSTITUTION_LIKE,MODERATE,INCOMING,NEIGHBOR PRICE → YOUR DEMAND,14456,5.923,6.367,30.935287186037755,4,0,2,2
FOODS_1,FOODS_1_074,FOODS_1_055,47,29,18,-0.33474773636617805,0.33474773636617805,COMPLEMENT_LIKE,MODERATE,OUTGOING,YOUR PRICE → NEIGHBOR DEMAND,58142,4.2,4.2,0.0,7,4,2,3
FOODS_1,FOODS_1_074,FOODS_1_187,60,40,20,0.33091964183134726,0.33091964183134726,SUBSTITUTION_LIKE,MODERATE,INCOMING,NEIGHBOR PRICE → YOUR DEMAND,25028,9.98,9.964,2.3859160598133786,2,1,2,4
FOODS_1,FOODS_1_074,FOODS_1_206,39,27,12,-0.3216891059972006,0.3216891059972006,COMPLEMENT_LIKE,MODERATE,OUTGOING,YOUR PRICE → NEIGHBOR DEMAND,30494,2.23,2.18,0.4186333482364879,4,0,2,5
FOODS_1,FOODS_1_074,FOODS_1_019,32,16,16,-0.30075927124411467,0.30075927124411467,COMPLEMENT_LIKE,MODERATE,INCOMING,NEIGHBOR PRICE → YOUR DEMAND,65346,0.95,0.96,0.3763197280712189,2,0,2,6
FOODS_1,FOODS_1_076,FOODS_1_055,52,33,19,-0.38254129331440323,0.38254129331440323,COMPLEMENT_LIKE,MODERATE,INCOMING,NEIGHBOR PRICE → YOUR DEMAND,58142,4.2,4.2,0.0,7,4,2,1
FOODS_1,FOODS_1_076,FOODS_1_074,90,62,28,0.37183506660414145,0.37183506660414145,SUBSTITUTION_LIKE,MODERATE,OUTGOING,YOUR PRICE → NEIGHBOR DEMAND,20440,2.24,2.24,0.0,6,1,2,2
FOODS_1,FOODS_1_076,FOODS_1_023,63,39,24,0.3127883000120753,0.3127883000120753,SUBSTITUTION_LIKE,MODERATE,OUTGOING,YOUR PRICE → NEIGHBOR DEMAND,31165,6.318,6.31,0.09057016253227193,1,0,2,3
FOODS_1,FOODS_1_076,FOODS_1_012,87,79,8,0.305421572112973,0.305421572112973,SUBSTITUTION_LIKE,MODERATE,INCOMING,NEIGHBOR PRICE → YOUR DEMAND,86633,6.318,6.302,82.64281030545649,2,0,2,4
FOODS_1,FOODS_1_150,FOODS_1_019,33,16,17,-0.43753107794892143,0.43753107794892143,COMPLEMENT_LIKE,MODERATE,INCOMING,NEIGHBOR PRICE → YOUR DEMAND,65346,0.95,0.96,0.3763197280712189,2,0,2,1
FOODS_1,FOODS_1_166,FOODS_1_055,51,32,19,0.610663436362315,0.610663436362315,SUBSTITUTION_LIKE,STRONG,INCOMING,NEIGHBOR PRICE → YOUR DEMAND,58142,4.2,4.2,0.0,7,4,1,1
FOODS_1,FOODS_1_166,FOODS_1_037,46,30,16,0.4372218000340574,0.4372218000340574,SUBSTITUTION_LIKE,STRONG,OUTGOING,YOUR PRICE → NEIGHBOR DEMAND,18103,3.4799999999999995,3.4799999999999995,0.0,7,4,1,2
FOODS_1,FOODS_1_187,FOODS_1_061,60,40,20,-0.42104600608732506,0.42104600608732506,COMPLEMENT_LIKE,STRONG,OUTGOING,YOUR PRICE → NEIGHBOR DEMAND,40852,2.24,2.24,0.0,4,1,1,1
FOODS_1,FOODS_1_187,FOODS_1_074,60,40,20,0.33091964183134726,0.33091964183134726,SUBSTITUTION_LIKE,MODERATE,OUTGOING,YOUR PRICE → NEIGHBOR DEMAND,20440,2.24,2.24,0.0,6,1,2,2
FOODS_1,FOODS_1_201,FOODS_1_055,52,33,19,0.640603372356574,0.640603372356574,SUBSTITUTION_LIKE,STRONG,INCOMING,NEIGHBOR PRICE → YOUR DEMAND,58142,4.2,4.2,0.0,7,4,1,1
FOODS_1,FOODS_1_201,FOODS_1_037,52,34,18,0.32080552351619096,0.32080552351619096,SUBSTITUTION_LIKE,MODERATE,OUTGOING,YOUR PRICE → NEIGHBOR DEMAND,18103,3.4799999999999995,3.4799999999999995,0.0,7,4,2,2
FOODS_1,FOODS_1_206,FOODS_1_055,50,33,17,-0.36561965523913265,0.36561965523913265,COMPLEMENT_LIKE,MODERATE,INCOMING,NEIGHBOR PRICE → YOUR DEMAND,58142,4.2,4.2,0.0,7,4,2,1
FOODS_1,FOODS_1_206,FOODS_1_037,60,41,19,-0.36466837345515735,0.36466837345515735,COMPLEMENT_LIKE,MODERATE,INCOMING,NEIGHBOR PRICE → YOUR DEMAND,18103,3.4799999999999995,3.4799999999999995,0.0,7,4,2,2
FOODS_1,FOODS_1_206,FOODS_1_061,63,41,22,-0.334690349244976,0.334690349244976,COMPLEMENT_LIKE,MODERATE,OUTGOING,YOUR PRICE → NEIGHBOR DEMAND,40852,2.24,2.24,0.0,4,1,2,3
FOODS_1,FOODS_1_206,FOODS_1_074,39,27,12,-0.3216891059972006,0.3216891059972006,COMPLEMENT_LIKE,MODERATE,INCOMING,NEIGHBOR PRICE → YOUR DEMAND,20440,2.24,2.24,0.0,6,1,2,4
FOODS_1,FOODS_1_219,FOODS_1_055,49,31,18,0.5004888420013611,0.5004888420013611,SUBSTITUTION_LIKE,STRONG,INCOMING,NEIGHBOR PRICE → YOUR DEMAND,58142,4.2,4.2,0.0,7,4,1,1
FOODS_1,FOODS_1_219,FOODS_1_037,42,28,14,0.4128524777256972,0.4128524777256972,SUBSTITUTION_LIKE,STRONG,OUTGOING,YOUR PRICE → NEIGHBOR DEMAND,18103,3.4799999999999995,3.4799999999999995,0.0,7,4,1,2
FOODS_2,FOODS_2_019,FOODS_2_285,36,26,10,0.5740884253249914,0.5740884253249914,SUBSTITUTION_LIKE,MODERATE,INCOMING,NEIGHBOR PRICE → YOUR DEMAND,53434,3.9799999999999995,3.9799999999999995,0.0,10,5,2,1
FOODS_2,FOODS_2_019,FOODS_2_166,62,41,21,0.3600974338395222,0.3600974338395222,SUBSTITUTION_LIKE,MODERATE,OUTGOING,YOUR PRICE → NEIGHBOR DEMAND,46463,2.087,2.087,0.0,13,8,2,2
FOODS_2,FOODS_2_019,FOODS_2_291,52,28,24,0.3130044973607362,0.3130044973607362,SUBSTITUTION_LIKE,MODERATE,INCOMING,NEIGHBOR PRICE → YOUR DEMAND,30273,6.980000000000001,6.980000000000001,0.0,11,5,2,3
FOODS_2,FOODS_2_021,FOODS_2_052,81,42,39,0.5006592130612088,0.5006592130612088,SUBSTITUTION_LIKE,STRONG,INCOMING,NEIGHBOR PRICE → YOUR DEMAND,28317,13.970000000000002,13.970000000000002,0.0,7,4,1,1
FOODS_2,FOODS_2_021,FOODS_2_061,49,36,13,0.4493515545612328,0.4493515545612328,SUBSTITUTION_LIKE,STRONG,OUTGOING,YOUR PRICE → NEIGHBOR DEMAND,38144,2.0,2.0,0.0,4,2,1,2
FOODS_2,FOODS_2_021,FOODS_2_119,49,36,13,0.40506426895025227,0.40506426895025227,SUBSTITUTION_LIKE,STRONG,OUTGOING,YOUR PRICE → NEIGHBOR DEMAND,28503,2.535,2.535,0.0,11,6,1,3
FOODS_2,FOODS_2_021,FOODS_2_380,49,36,13,-0.39601515166584816,0.39601515166584816,COMPLEMENT_LIKE,MODERATE,OUTGOING,YOUR PRICE → NEIGHBOR DEMAND,59402,4.97,4.97,0.0,8,2,2,4
FOODS_2,FOODS_2_021,FOODS_2_294,50,19,31,0.3789204598054227,0.3789204598054227,SUBSTITUTION_LIKE,MODERATE,INCOMING,NEIGHBOR PRICE → YOUR DEMAND,50991,1.0,1.0,0.0,13,5,2,5
FOODS_2,FOODS_2_021,FOODS_2_119,57,28,29,0.30419853628479687,0.30419853628479687,SUBSTITUTION_LIKE,MODERATE,INCOMING,NEIGHBOR PRICE → YOUR DEMAND,28503,2.535,2.535,0.0,11,6,2,6
FOODS_2,FOODS_2_034,FOODS_2_212,42,19,23,0.5178810359886333,0.5178810359886333,SUBSTITUTION_LIKE,STRONG,OUTGOING,YOUR PRICE → NEIGHBOR DEMAND,26164,4.88,4.989,0.37612015112116576,8,3,1,1
FOODS_2,FOODS_2_034,FOODS_2_063,50,27,23,-0.330485606135939,0.330485606135939,COMPLEMENT_LIKE,MODERATE,OUTGOING,YOUR PRICE → NEIGHBOR DEMAND,44949,2.798,2.786,0.214632339041238,13,2,2,2
FOODS_2,FOODS_2_036,FOODS_2_240,57,27,30,-0.5378768536432411,0.5378768536432411,COMPLEMENT_LIKE,STRONG,INCOMING,NEIGHBOR PRICE → YOUR DEMAND,54213,2.087,2.087,0.0,14,5,1,1
FOODS_2,FOODS_2_036,FOODS_2_399,71,41,30,0.461037489490989,0.461037489490989,SUBSTITUTION_LIKE,STRONG,INCOMING,NEIGHBOR PRICE → YOUR DEMAND,23626,2.0,2.028,0.533516799538305,5,1,1,2
FOODS_2,FOODS_2_036,FOODS_2_183,89,41,48,-0.4453121312473688,0.4453121312473688,COMPLEMENT_LIKE,STRONG,OUTGOING,YOUR PRICE → NEIGHBOR DEMAND,54138,8.98,8.98,0.0,7,4,1,3
FOODS_2,FOODS_2_036,FOODS_2_388,81,38,43,0.4223222768337599,0.4223222768337599,SUBSTITUTION_LIKE,STRONG,OUTGOING,YOUR PRICE → NEIGHBOR DEMAND,31274,2.98,2.98,0.0,5,2,1,4
FOODS_2,FOODS_2_036,FOODS_2_182,71,42,29,0.3932539330791222,0.3932539330791222,SUBSTITUTION_LIKE,MODERATE,INCOMING,NEIGHBOR PRICE → YOUR DEMAND,20952,2.0,2.0140000000000002,0.14239347641917144,6,2,2,5
FOODS_2,FOODS_2_036,FOODS_2_212,60,42,18,-0.35045237967217724,0.35045237967217724,COMPLEMENT_LIKE,MODERATE,INCOMING,NEIGHBOR PRICE → YOUR DEMAND,26164,4.88,4.989,0.37612015112116576,8,3,2,6
FOODS_2,FOODS_2_036,FOODS_2_381,52,27,25,-0.30994608418504577,0.30994608418504577,COMPLEMENT_LIKE,MODERATE,INCOMING,NEIGHBOR PRICE → YOUR DEMAND,33059,2.5,2.5,0.0,7,2,2,7
FOODS_2,FOODS_2_036,FOODS_2_291,90,40,50,0.3088237707947768,0.3088237707947768,SUBSTITUTION_LIKE,MODERATE,OUTGOING,YOUR PRICE → NEIGHBOR DEMAND,30273,6.980000000000001,6.980000000000001,0.0,11,5,2,8
FOODS_2,FOODS_2_052,FOODS_2_360,95,51,44,0.5074408422472036,0.5074408422472036,SUBSTITUTION_LIKE,STRONG,OUTGOING,YOUR PRICE → NEIGHBOR DEMAND,261878,0.9399999999999998,0.9399999999999998,0.0,8,5,1,1
FOODS_2,FOODS_2_052,FOODS_2_021,81,42,39,0.5006592130612088,0.5006592130612088,SUBSTITUTION_LIKE,STRONG,OUTGOING,YOUR PRICE → NEIGHBOR DEMAND,123205,0.94,0.94,0.0,6,3,1,2
FOODS_2,FOODS_2_052,FOODS_2_128,82,43,39,0.4923414869765199,0.4923414869765199,SUBSTITUTION_LIKE,STRONG,OUTGOING,YOUR PRICE → NEIGHBOR DEMAND,151901,0.9399999999999998,0.9399999999999998,0.0,6,4,1,3
FOODS_2,FOODS_2_052,FOODS_2_274,62,35,27,0.48715352564853126,0.48715352564853126,SUBSTITUTION_LIKE,STRONG,INCOMING,NEIGHBOR PRICE → YOUR DEMAND,31241,6.980000000000001,6.980000000000001,0.0,3,1,1,4
FOODS_2,FOODS_2_052,FOODS_2_240,94,50,44,-0.3997608326681619,0.3997608326681619,COMPLEMENT_LIKE,MODERATE,OUTGOING,YOUR PRICE → NEIGHBOR DEMAND,54213,2.087,2.087,0.0,14,5,2,5
FOODS_2,FOODS_2_052,FOODS_2_360,57,41,16,-0.323144459551044,0.323144459551044,COMPLEMENT_LIKE,MODERATE,INCOMING,NEIGHBOR PRICE → YOUR DEMAND,261878,0.9399999999999998,0.9399999999999998,0.0,8,5,2,6
FOODS_2,FOODS_2_052,FOODS_2_294,86,44,42,-0.321068684515495,0.321068684515495,COMPLEMENT_LIKE,MODERATE,OUTGOING,YOUR PRICE → NEIGHBOR DEMAND,50991,1.0,1.0,0.0,13,5,2,7
FOODS_2,FOODS_2_056,FOODS_2_294,61,20,41,-0.5190013844051181,0.5190013844051181,COMPLEMENT_LIKE,STRONG,INCOMING,NEIGHBOR PRICE → YOUR DEMAND,50991,1.0,1.0,0.0,13,5,1,1
FOODS_2,FOODS_2_056,FOODS_2_166,57,34,23,-0.411399939918551,0.411399939918551,COMPLEMENT_LIKE,STRONG,OUTGOING,YOUR PRICE → NEIGHBOR DEMAND,46463,2.087,2.087,0.0,13,8,1,2
FOODS_2,FOODS_2_056,FOODS_2_240,56,34,22,-0.3801047552859935,0.3801047552859935,COMPLEMENT_LIKE,MODERATE,OUTGOING,YOUR PRICE → NEIGHBOR DEMAND,54213,2.087,2.087,0.0,14,5,2,3
FOODS_2,FOODS_2_056,FOODS_2_063,44,33,11,-0.3708971209756471,0.3708971209756471,COMPLEMENT_LIKE,MODERATE,INCOMING,NEIGHBOR PRICE → YOUR DEMAND,44949,2.798,2.786,0.214632339041238,13,2,2,4
FOODS_2,FOODS_2_056,FOODS_2_152,63,43,20,0.3249263765822392,0.3249263765822392,SUBSTITUTION_LIKE,MODERATE,INCOMING,NEIGHBOR PRICE → YOUR DEMAND,81865,2.3600000000000003,2.3600000000000003,0.0,7,1,2,5
FOODS_2,FOODS_2_056,FOODS_2_182,53,30,23,-0.31843327270914373,0.31843327270914373,COMPLEMENT_LIKE,MODERATE,OUTGOING,YOUR PRICE → NEIGHBOR DEMAND,20952,2.0,2.0140000000000002,0.14239347641917144,6,2,2,6
FOODS_2,FOODS_2_061,FOODS_2_021,49,36,13,0.4493515545612328,0.4493515545612328,SUBSTITUTION_LIKE,STRONG,INCOMING,NEIGHBOR PRICE → YOUR DEMAND,123205,0.94,0.94,0.0,6,3,1,1
FOODS_2,FOODS_2_061,FOODS_2_128,48,36,12,0.446244354697675,0.446244354697675,SUBSTITUTION_LIKE,STRONG,INCOMING,NEIGHBOR PRICE → YOUR DEMAND,151901,0.9399999999999998,0.9399999999999998,0.0,6,4,1,2
FOODS_2,FOODS_2_061,FOODS_2_240,42,25,17,-0.33269258675894775,0.33269258675894775,COMPLEMENT_LIKE,MODERATE,OUTGOING,YOUR PRICE → NEIGHBOR DEMAND,54213,2.087,2.087,0.0,14,5,2,3
FOODS_2,FOODS_2_061,FOODS_2_166,39,23,16,-0.3284314407366877,0.3284314407366877,COMPLEMENT_LIKE,MODERATE,OUTGOING,YOUR PRICE → NEIGHBOR DEMAND,46463,2.087,2.087,0.0,13,8,2,4
FOODS_2,FOODS_2_063,FOODS_2_166,45,33,12,0.4412065167921735,0.4412065167921735,SUBSTITUTION_LIKE,STRONG,OUTGOING,YOUR PRICE → NEIGHBOR DEMAND,46463,2.087,2.087,0.0,13,8,1,1
FOODS_2,FOODS_2_063,FOODS_2_360,58,42,16,0.41002849808112496,0.41002849808112496,SUBSTITUTION_LIKE,STRONG,INCOMING,NEIGHBOR PRICE → YOUR DEMAND,261878,0.9399999999999998,0.9399999999999998,0.0,8,5,1,2
FOODS_2,FOODS_2_063,FOODS_2_212,34,23,11,0.651266309239577,0.651266309239577,SUBSTITUTION_LIKE,MODERATE,OUTGOING,YOUR PRICE → NEIGHBOR DEMAND,26164,4.88,4.989,0.37612015112116576,8,3,2,3
FOODS_2,FOODS_2_063,FOODS_2_240,46,35,11,0.37421357912728165,0.37421357912728165,SUBSTITUTION_LIKE,MODERATE,OUTGOING,YOUR PRICE → NEIGHBOR DEMAND,54213,2.087,2.087,0.0,14,5,2,4
FOODS_2,FOODS_2_063,FOODS_2_182,68,40,28,-0.37176323559007995,0.37176323559007995,COMPLEMENT_LIKE,MODERATE,INCOMING,NEIGHBOR PRICE → YOUR DEMAND,20952,2.0,2.0140000000000002,0.14239347641917144,6,2,2,5
FOODS_2,FOODS_2_063,FOODS_2_056,44,33,11,-0.3708971209756471,0.3708971209756471,COMPLEMENT_LIKE,MODERATE,OUTGOING,YOUR PRICE → NEIGHBOR DEMAND,53850,6.980000000000001,6.980000000000001,0.0,6,2,2,6
FOODS_2,FOODS_2_063,FOODS_2_399,69,41,28,-0.3601975124160731,0.3601975124160731,COMPLEMENT_LIKE,MODERATE,INCOMING,NEIGHBOR PRICE → YOUR DEMAND,23626,2.0,2.028,0.533516799538305,5,1,2,7
FOODS_2,FOODS_2_063,FOODS_2_152,57,41,16,-0.35931978237776013,0.35931978237776013,COMPLEMENT_LIKE,MODERATE,INCOMING,NEIGHBOR PRICE → YOUR DEMAND,81865,2.3600000000000003,2.3600000000000003,0.0,7,1,2,8
FOODS_2,FOODS_2_063,FOODS_2_380,36,25,11,-0.34996595268911834,0.34996595268911834,COMPLEMENT_LIKE,MODERATE,OUTGOING,YOUR PRICE → NEIGHBOR DEMAND,59402,4.97,4.97,0.0,8,2,2,9
FOODS_2,FOODS_2_063,FOODS_2_381,58,30,28,-0.3468158313869347,0.3468158313869347,COMPLEMENT_LIKE,MODERATE,INCOMING,NEIGHBOR PRICE → YOUR DEMAND,33059,2.5,2.5,0.0,7,2,2,10
FOODS_2,FOODS_2_063,FOODS_2_034,50,27,23,-0.330485606135939,0.330485606135939,COMPLEMENT_LIKE,MODERATE,INCOMING,NEIGHBOR PRICE → YOUR DEMAND,25008,2.5,2.5,0.0,2,1,2,11
FOODS_2,FOODS_2_063,FOODS_2_119,46,34,12,-0.3250660560618161,0.3250660560618161,COMPLEMENT_LIKE,MODERATE,OUTGOING,YOUR PRICE → NEIGHBOR DEMAND,28503,2.535,2.535,0.0,11,6,2,12
FOODS_2,FOODS_2_063,FOODS_2_119,62,30,32,-0.3156998894966127,0.3156998894966127,COMPLEMENT_LIKE,MODERATE,INCOMING,NEIGHBOR PRICE → YOUR DEMAND,28503,2.535,2.535,0.0,11,6,2,13
FOODS_2,FOODS_2_119,FOODS_2_285,45,33,12,0.5927568004858086,0.5927568004858086,SUBSTITUTION_LIKE,STRONG,INCOMING,NEIGHBOR PRICE → YOUR DEMAND,53434,3.9799999999999995,3.9799999999999995,0.0,10,5,1,1
FOODS_2,FOODS_2_119,FOODS_2_128,49,36,13,0.48521866280259673,0.48521866280259673,SUBSTITUTION_LIKE,STRONG,INCOMING,NEIGHBOR PRICE → YOUR DEMAND,151901,0.9399999999999998,0.9399999999999998,0.0,6,4,1,2
FOODS_2,FOODS_2_119,FOODS_2_183,44,29,15,0.43310094171541874,0.43310094171541874,SUBSTITUTION_LIKE,STRONG,INCOMING,NEIGHBOR PRICE → YOUR DEMAND,54138,8.98,8.98,0.0,7,4,1,3
FOODS_2,FOODS_2_119,FOODS_2_322,40,27,13,0.41918892368211313,0.41918892368211313,SUBSTITUTION_LIKE,STRONG,INCOMING,NEIGHBOR PRICE → YOUR DEMAND,44964,2.9010000000000002,2.9010000000000002,0.0,1,1,1,4
FOODS_2,FOODS_2_119,FOODS_2_212,58,29,29,0.4066719656441871,0.4066719656441871,SUBSTITUTION_LIKE,STRONG,OUTGOING,YOUR PRICE → NEIGHBOR DEMAND,26164,4.88,4.989,0.37612015112116576,8,3,1,5
FOODS_2,FOODS_2_119,FOODS_2_021,49,36,13,0.40506426895025227,0.40506426895025227,SUBSTITUTION_LIKE,STRONG,INCOMING,NEIGHBOR PRICE → YOUR DEMAND,123205,0.94,0.94,0.0,6,3,1,6
FOODS_2,FOODS_2_119,FOODS_2_381,56,25,31,0.3351947653582003,0.3351947653582003,SUBSTITUTION_LIKE,MODERATE,OUTGOING,YOUR PRICE → NEIGHBOR DEMAND,33059,2.5,2.5,0.0,7,2,2,7
FOODS_2,FOODS_2_119,FOODS_2_063,46,34,12,-0.3250660560618161,0.3250660560618161,COMPLEMENT_LIKE,MODERATE,INCOMING,NEIGHBOR PRICE → YOUR DEMAND,44949,2.798,2.786,0.214632339041238,13,2,2,8
FOODS_2,FOODS_2_119,FOODS_2_360,56,40,16,0.3197418832025274,0.3197418832025274,SUBSTITUTION_LIKE,MODERATE,INCOMING,NEIGHBOR PRICE → YOUR DEMAND,261878,0.9399999999999998,0.9399999999999998,0.0,8,5,2,9
FOODS_2,FOODS_2_119,FOODS_2_063,62,30,32,-0.3156998894966127,0.3156998894966127,COMPLEMENT_LIKE,MODERATE,OUTGOING,YOUR PRICE → NEIGHBOR DEMAND,44949,2.798,2.786,0.214632339041238,13,2,2,10
FOODS_2,FOODS_2_119,FOODS_2_021,57,28,29,0.30419853628479687,0.30419853628479687,SUBSTITUTION_LIKE,MODERATE,OUTGOING,YOUR PRICE → NEIGHBOR DEMAND,123205,0.94,0.94,0.0,6,3,2,11
FOODS_2,FOODS_2_128,FOODS_2_052,82,43,39,0.4923414869765199,0.4923414869765199,SUBSTITUTION_LIKE,STRONG,INCOMING,NEIGHBOR PRICE → YOUR DEMAND,28317,13.970000000000002,13.970000000000002,0.0,7,4,1,1
FOODS_2,FOODS_2_128,FOODS_2_119,49,36,13,0.48521866280259673,0.48521866280259673,SUBSTITUTION_LIKE,STRONG,OUTGOING,YOUR PRICE → NEIGHBOR DEMAND,28503,2.535,2.535,0.0,11,6,1,2
FOODS_2,FOODS_2_128,FOODS_2_061,48,36,12,0.446244354697675,0.446244354697675,SUBSTITUTION_LIKE,STRONG,OUTGOING,YOUR PRICE → NEIGHBOR DEMAND,38144,2.0,2.0,0.0,4,2,1,3
FOODS_2,FOODS_2_128,FOODS_2_294,50,19,31,0.4004202328387594,0.4004202328387594,SUBSTITUTION_LIKE,STRONG,INCOMING,NEIGHBOR PRICE → YOUR DEMAND,50991,1.0,1.0,0.0,13,5,1,4
FOODS_2,FOODS_2_128,FOODS_2_380,49,36,13,-0.371067771498068,0.371067771498068,COMPLEMENT_LIKE,MODERATE,OUTGOING,YOUR PRICE → NEIGHBOR DEMAND,59402,4.97,4.97,0.0,8,2,2,5
FOODS_2,FOODS_2_128,FOODS_2_380,62,30,32,-0.30501557583360317,0.30501557583360317,COMPLEMENT_LIKE,MODERATE,INCOMING,NEIGHBOR PRICE → YOUR DEMAND,59402,4.97,4.97,0.0,8,2,2,6
FOODS_2,FOODS_2_152,FOODS_2_380,64,30,34,0.4590287376210172,0.4590287376210172,SUBSTITUTION_LIKE,STRONG,INCOMING,NEIGHBOR PRICE → YOUR DEMAND,59402,4.97,4.97,0.0,8,2,1,1
FOODS_2,FOODS_2_152,FOODS_2_063,57,41,16,-0.35931978237776013,0.35931978237776013,COMPLEMENT_LIKE,MODERATE,OUTGOING,YOUR PRICE → NEIGHBOR DEMAND,44949,2.798,2.786,0.214632339041238,13,2,2,2
FOODS_2,FOODS_2_152,FOODS_2_285,53,34,19,-0.3323158230675023,0.3323158230675023,COMPLEMENT_LIKE,MODERATE,OUTGOING,YOUR PRICE → NEIGHBOR DEMAND,53434,3.9799999999999995,3.9799999999999995,0.0,10,5,2,3
FOODS_2,FOODS_2_152,FOODS_2_274,60,36,24,-0.3314901874952922,0.3314901874952922,COMPLEMENT_LIKE,MODERATE,INCOMING,NEIGHBOR PRICE → YOUR DEMAND,31241,6.980000000000001,6.980000000000001,0.0,3,1,2,4
FOODS_2,FOODS_2_152,FOODS_2_381,59,30,29,0.32829799148876954,0.32829799148876954,SUBSTITUTION_LIKE,MODERATE,INCOMING,NEIGHBOR PRICE → YOUR DEMAND,33059,2.5,2.5,0.0,7,2,2,5
FOODS_2,FOODS_2_152,FOODS_2_056,63,43,20,0.3249263765822392,0.3249263765822392,SUBSTITUTION_LIKE,MODERATE,OUTGOING,YOUR PRICE → NEIGHBOR DEMAND,53850,6.980000000000001,6.980000000000001,0.0,6,2,2,6
FOODS_2,FOODS_2_152,FOODS_2_294,57,22,35,0.3210641598360455,0.3210641598360455,SUBSTITUTION_LIKE,MODERATE,INCOMING,NEIGHBOR PRICE → YOUR DEMAND,50991,1.0,1.0,0.0,13,5,2,7
FOODS_2,FOODS_2_166,FOODS_2_291,57,34,23,-0.6192398268629992,0.6192398268629992,COMPLEMENT_LIKE,STRONG,INCOMING,NEIGHBOR PRICE → YOUR DEMAND,30273,6.980000000000001,6.980000000000001,0.0,11,5,1,1
FOODS_2,FOODS_2_166,FOODS_2_182,50,23,27,-0.5518316658406807,0.5518316658406807,COMPLEMENT_LIKE,STRONG,OUTGOING,YOUR PRICE → NEIGHBOR DEMAND,20952,2.0,2.0140000000000002,0.14239347641917144,6,2,1,2
FOODS_2,FOODS_2_166,FOODS_2_285,40,27,13,-0.46998948913919103,0.46998948913919103,COMPLEMENT_LIKE,STRONG,INCOMING,NEIGHBOR PRICE → YOUR DEMAND,53434,3.9799999999999995,3.9799999999999995,0.0,10,5,1,3
FOODS_2,FOODS_2_166,FOODS_2_388,53,25,28,0.46519376762332676,0.46519376762332676,SUBSTITUTION_LIKE,STRONG,OUTGOING,YOUR PRICE → NEIGHBOR DEMAND,31274,2.98,2.98,0.0,5,2,1,4
FOODS_2,FOODS_2_166,FOODS_2_063,45,33,12,0.4412065167921735,0.4412065167921735,SUBSTITUTION_LIKE,STRONG,INCOMING,NEIGHBOR PRICE → YOUR DEMAND,44949,2.798,2.786,0.214632339041238,13,2,1,5
FOODS_2,FOODS_2_166,FOODS_2_291,52,25,27,0.4410374101886759,0.4410374101886759,SUBSTITUTION_LIKE,STRONG,OUTGOING,YOUR PRICE → NEIGHBOR DEMAND,30273,6.980000000000001,6.980000000000001,0.0,11,5,1,6
FOODS_2,FOODS_2_166,FOODS_2_056,57,34,23,-0.411399939918551,0.411399939918551,COMPLEMENT_LIKE,STRONG,INCOMING,NEIGHBOR PRICE → YOUR DEMAND,53850,6.980000000000001,6.980000000000001,0.0,6,2,1,7
FOODS_2,FOODS_2_166,FOODS_2_391,56,26,30,-0.4025500341839183,0.4025500341839183,COMPLEMENT_LIKE,STRONG,OUTGOING,YOUR PRICE → NEIGHBOR DEMAND,29240,2.0,2.0140000000000002,0.10009203113495864,4,1,1,8
FOODS_2,FOODS_2_166,FOODS_2_019,62,41,21,0.3600974338395222,0.3600974338395222,SUBSTITUTION_LIKE,MODERATE,INCOMING,NEIGHBOR PRICE → YOUR DEMAND,99979,3.2880000000000003,3.254,0.9934737562267172,3,0,2,9
FOODS_2,FOODS_2_166,FOODS_2_294,57,27,30,0.33674643943123905,0.33674643943123905,SUBSTITUTION_LIKE,MODERATE,OUTGOING,YOUR PRICE → NEIGHBOR DEMAND,50991,1.0,1.0,0.0,13,5,2,10
FOODS_2,FOODS_2_166,FOODS_2_061,39,23,16,-0.3284314407366877,0.3284314407366877,COMPLEMENT_LIKE,MODERATE,INCOMING,NEIGHBOR PRICE → YOUR DEMAND,38144,2.0,2.0,0.0,4,2,2,11
FOODS_2,FOODS_2_166,FOODS_2_399,51,24,27,-0.32652854971502276,0.32652854971502276,COMPLEMENT_LIKE,MODERATE,OUTGOING,YOUR PRICE → NEIGHBOR DEMAND,23626,2.0,2.028,0.533516799538305,5,1,2,12
FOODS_2,FOODS_2_166,FOODS_2_388,58,37,21,-0.31802907760370513,0.31802907760370513,COMPLEMENT_LIKE,MODERATE,INCOMING,NEIGHBOR PRICE → YOUR DEMAND,31274,2.98,2.98,0.0,5,2,2,13
FOODS_2,FOODS_2_182,FOODS_2_240,53,25,28,-0.5697210098086939,0.5697210098086939,COMPLEMENT_LIKE,STRONG,INCOMING,NEIGHBOR PRICE → YOUR DEMAND,54213,2.087,2.087,0.0,14,5,1,1
FOODS_2,FOODS_2_182,FOODS_2_166,50,23,27,-0.5518316658406807,0.5518316658406807,COMPLEMENT_LIKE,STRONG,INCOMING,NEIGHBOR PRICE → YOUR DEMAND,46463,2.087,2.087,0.0,13,8,1,2
FOODS_2,FOODS_2_182,FOODS_2_036,71,42,29,0.3932539330791222,0.3932539330791222,SUBSTITUTION_LIKE,MODERATE,OUTGOING,YOUR PRICE → NEIGHBOR DEMAND,39668,3.596,3.596,0.0,8,4,2,3
FOODS_2,FOODS_2_182,FOODS_2_063,68,40,28,-0.37176323559007995,0.37176323559007995,COMPLEMENT_LIKE,MODERATE,OUTGOING,YOUR PRICE → NEIGHBOR DEMAND,44949,2.798,2.786,0.214632339041238,13,2,2,4
FOODS_2,FOODS_2_182,FOODS_2_294,51,19,32,-0.3381058791742007,0.3381058791742007,COMPLEMENT_LIKE,MODERATE,INCOMING,NEIGHBOR PRICE → YOUR DEMAND,50991,1.0,1.0,0.0,13,5,2,5
FOODS_2,FOODS_2_182,FOODS_2_056,53,30,23,-0.31843327270914373,0.31843327270914373,COMPLEMENT_LIKE,MODERATE,INCOMING,NEIGHBOR PRICE → YOUR DEMAND,53850,6.980000000000001,6.980000000000001,0.0,6,2,2,6
FOODS_2,FOODS_2_183,FOODS_2_294,52,21,31,-0.5731350045364456,0.5731350045364456,COMPLEMENT_LIKE,STRONG,INCOMING,NEIGHBOR PRICE → YOUR DEMAND,50991,1.0,1.0,0.0,13,5,1,1
FOODS_2,FOODS_2_183,FOODS_2_036,89,41,48,-0.4453121312473688,0.4453121312473688,COMPLEMENT_LIKE,STRONG,INCOMING,NEIGHBOR PRICE → YOUR DEMAND,39668,3.596,3.596,0.0,8,4,1,2
FOODS_2,FOODS_2_183,FOODS_2_119,44,29,15,0.43310094171541874,0.43310094171541874,SUBSTITUTION_LIKE,STRONG,OUTGOING,YOUR PRICE → NEIGHBOR DEMAND,28503,2.535,2.535,0.0,11,6,1,3
FOODS_2,FOODS_2_183,FOODS_2_360,56,40,16,-0.40062640592795634,0.40062640592795634,COMPLEMENT_LIKE,STRONG,INCOMING,NEIGHBOR PRICE → YOUR DEMAND,261878,0.9399999999999998,0.9399999999999998,0.0,8,5,1,4
FOODS_2,FOODS_2_183,FOODS_2_212,35,25,10,0.47054196764885187,0.47054196764885187,SUBSTITUTION_LIKE,MODERATE,OUTGOING,YOUR PRICE → NEIGHBOR DEMAND,26164,4.88,4.989,0.37612015112116576,8,3,2,5
FOODS_2,FOODS_2_183,FOODS_2_399,39,25,14,-0.457295901708792,0.457295901708792,COMPLEMENT_LIKE,MODERATE,OUTGOING,YOUR PRICE → NEIGHBOR DEMAND,23626,2.0,2.028,0.533516799538305,5,1,2,6
FOODS_2,FOODS_2_183,FOODS_2_391,77,45,32,-0.3536338080610583,0.3536338080610583,COMPLEMENT_LIKE,MODERATE,INCOMING,NEIGHBOR PRICE → YOUR DEMAND,29240,2.0,2.0140000000000002,0.10009203113495864,4,1,2,7
FOODS_2,FOODS_2_197,FOODS_2_285,45,32,13,0.5158132358390195,0.5158132358390195,SUBSTITUTION_LIKE,STRONG,INCOMING,NEIGHBOR PRICE → YOUR DEMAND,53434,3.9799999999999995,3.9799999999999995,0.0,10,5,1,1
FOODS_2,FOODS_2_197,FOODS_2_291,55,31,24,0.31708288957999725,0.31708288957999725,SUBSTITUTION_LIKE,MODERATE,INCOMING,NEIGHBOR PRICE → YOUR DEMAND,30273,6.980000000000001,6.980000000000001,0.0,11,5,2,2
FOODS_2,FOODS_2_212,FOODS_2_034,42,19,23,0.5178810359886333,0.5178810359886333,SUBSTITUTION_LIKE,STRONG,INCOMING,NEIGHBOR PRICE → YOUR DEMAND,25008,2.5,2.5,0.0,2,1,1,1
FOODS_2,FOODS_2_212,FOODS_2_381,45,20,25,0.40808033580639297,0.40808033580639297,SUBSTITUTION_LIKE,STRONG,INCOMING,NEIGHBOR PRICE → YOUR DEMAND,33059,2.5,2.5,0.0,7,2,1,2
FOODS_2,FOODS_2_212,FOODS_2_119,58,29,29,0.4066719656441871,0.4066719656441871,SUBSTITUTION_LIKE,STRONG,INCOMING,NEIGHBOR PRICE → YOUR DEMAND,28503,2.535,2.535,0.0,11,6,1,3
FOODS_2,FOODS_2_212,FOODS_2_063,34,23,11,0.651266309239577,0.651266309239577,SUBSTITUTION_LIKE,MODERATE,INCOMING,NEIGHBOR PRICE → YOUR DEMAND,44949,2.798,2.786,0.214632339041238,13,2,2,4
FOODS_2,FOODS_2_212,FOODS_2_183,35,25,10,0.47054196764885187,0.47054196764885187,SUBSTITUTION_LIKE,MODERATE,INCOMING,NEIGHBOR PRICE → YOUR DEMAND,54138,8.98,8.98,0.0,7,4,2,5
FOODS_2,FOODS_2_212,FOODS_2_036,60,42,18,-0.35045237967217724,0.35045237967217724,COMPLEMENT_LIKE,MODERATE,OUTGOING,YOUR PRICE → NEIGHBOR DEMAND,39668,3.596,3.596,0.0,8,4,2,6
FOODS_2,FOODS_2_212,FOODS_2_294,46,19,27,0.3358868320928203,0.3358868320928203,SUBSTITUTION_LIKE,MODERATE,INCOMING,NEIGHBOR PRICE → YOUR DEMAND,50991,1.0,1.0,0.0,13,5,2,7
FOODS_2,FOODS_2_212,FOODS_2_291,56,33,23,0.3162982659694176,0.3162982659694176,SUBSTITUTION_LIKE,MODERATE,INCOMING,NEIGHBOR PRICE → YOUR DEMAND,30273,6.980000000000001,6.980000000000001,0.0,11,5,2,8
FOODS_2,FOODS_2_240,FOODS_2_291,56,33,23,-0.6178625658945269,0.6178625658945269,COMPLEMENT_LIKE,STRONG,INCOMING,NEIGHBOR PRICE → YOUR DEMAND,30273,6.980000000000001,6.980000000000001,0.0,11,5,1,1
FOODS_2,FOODS_2_240,FOODS_2_182,53,25,28,-0.5697210098086939,0.5697210098086939,COMPLEMENT_LIKE,STRONG,OUTGOING,YOUR PRICE → NEIGHBOR DEMAND,20952,2.0,2.0140000000000002,0.14239347641917144,6,2,1,2
FOODS_2,FOODS_2_240,FOODS_2_036,57,27,30,-0.5378768536432411,0.5378768536432411,COMPLEMENT_LIKE,STRONG,OUTGOING,YOUR PRICE → NEIGHBOR DEMAND,39668,3.596,3.596,0.0,8,4,1,3
FOODS_2,FOODS_2_240,FOODS_2_285,43,30,13,-0.44846598603030385,0.44846598603030385,COMPLEMENT_LIKE,STRONG,INCOMING,NEIGHBOR PRICE → YOUR DEMAND,53434,3.9799999999999995,3.9799999999999995,0.0,10,5,1,4
FOODS_2,FOODS_2_240,FOODS_2_294,60,28,32,0.40822947350830796,0.40822947350830796,SUBSTITUTION_LIKE,STRONG,OUTGOING,YOUR PRICE → NEIGHBOR DEMAND,50991,1.0,1.0,0.0,13,5,1,5
FOODS_2,FOODS_2_240,FOODS_2_052,94,50,44,-0.3997608326681619,0.3997608326681619,COMPLEMENT_LIKE,MODERATE,INCOMING,NEIGHBOR PRICE → YOUR DEMAND,28317,13.970000000000002,13.970000000000002,0.0,7,4,2,6
FOODS_2,FOODS_2_240,FOODS_2_291,55,25,30,0.3916487080652785,0.3916487080652785,SUBSTITUTION_LIKE,MODERATE,OUTGOING,YOUR PRICE → NEIGHBOR DEMAND,30273,6.980000000000001,6.980000000000001,0.0,11,5,2,7
FOODS_2,FOODS_2_240,FOODS_2_391,59,28,31,-0.38881522157530246,0.38881522157530246,COMPLEMENT_LIKE,MODERATE,OUTGOING,YOUR PRICE → NEIGHBOR DEMAND,29240,2.0,2.0140000000000002,0.10009203113495864,4,1,2,8
FOODS_2,FOODS_2_240,FOODS_2_056,56,34,22,-0.3801047552859935,0.3801047552859935,COMPLEMENT_LIKE,MODERATE,INCOMING,NEIGHBOR PRICE → YOUR DEMAND,53850,6.980000000000001,6.980000000000001,0.0,6,2,2,9
FOODS_2,FOODS_2_240,FOODS_2_399,55,26,29,-0.37891722871878963,0.37891722871878963,COMPLEMENT_LIKE,MODERATE,OUTGOING,YOUR PRICE → NEIGHBOR DEMAND,23626,2.0,2.028,0.533516799538305,5,1,2,10
FOODS_2,FOODS_2_240,FOODS_2_063,46,35,11,0.37421357912728165,0.37421357912728165,SUBSTITUTION_LIKE,MODERATE,INCOMING,NEIGHBOR PRICE → YOUR DEMAND,44949,2.798,2.786,0.214632339041238,13,2,2,11
FOODS_2,FOODS_2_240,FOODS_2_388,58,27,31,0.36592052144011894,0.36592052144011894,SUBSTITUTION_LIKE,MODERATE,OUTGOING,YOUR PRICE → NEIGHBOR DEMAND,31274,2.98,2.98,0.0,5,2,2,12
FOODS_2,FOODS_2_240,FOODS_2_061,42,25,17,-0.33269258675894775,0.33269258675894775,COMPLEMENT_LIKE,MODERATE,INCOMING,NEIGHBOR PRICE → YOUR DEMAND,38144,2.0,2.0,0.0,4,2,2,13
FOODS_2,FOODS_2_240,FOODS_2_381,57,27,30,0.31935391234234695,0.31935391234234695,SUBSTITUTION_LIKE,MODERATE,OUTGOING,YOUR PRICE → NEIGHBOR DEMAND,33059,2.5,2.5,0.0,7,2,2,14
FOODS_2,FOODS_2_274,FOODS_2_052,62,35,27,0.48715352564853126,0.48715352564853126,SUBSTITUTION_LIKE,STRONG,OUTGOING,YOUR PRICE → NEIGHBOR DEMAND,28317,13.970000000000002,13.970000000000002,0.0,7,4,1,1
FOODS_2,FOODS_2_274,FOODS_2_285,31,22,9,-0.4286951670274089,0.4286951670274089,COMPLEMENT_LIKE,MODERATE,INCOMING,NEIGHBOR PRICE → YOUR DEMAND,53434,3.9799999999999995,3.9799999999999995,0.0,10,5,2,2
FOODS_2,FOODS_2_274,FOODS_2_152,60,36,24,-0.3314901874952922,0.3314901874952922,COMPLEMENT_LIKE,MODERATE,OUTGOING,YOUR PRICE → NEIGHBOR DEMAND,81865,2.3600000000000003,2.3600000000000003,0.0,7,1,2,3
FOODS_2,FOODS_2_285,FOODS_2_119,45,33,12,0.5927568004858086,0.5927568004858086,SUBSTITUTION_LIKE,STRONG,OUTGOING,YOUR PRICE → NEIGHBOR DEMAND,28503,2.535,2.535,0.0,11,6,1,1
FOODS_2,FOODS_2_285,FOODS_2_197,45,32,13,0.5158132358390195,0.5158132358390195,SUBSTITUTION_LIKE,STRONG,OUTGOING,YOUR PRICE → NEIGHBOR DEMAND,164027,3.2880000000000003,3.2479999999999998,0.4831665250402393,2,1,1,2
FOODS_2,FOODS_2_285,FOODS_2_166,40,27,13,-0.46998948913919103,0.46998948913919103,COMPLEMENT_LIKE,STRONG,OUTGOING,YOUR PRICE → NEIGHBOR DEMAND,46463,2.087,2.087,0.0,13,8,1,3
FOODS_2,FOODS_2_285,FOODS_2_240,43,30,13,-0.44846598603030385,0.44846598603030385,COMPLEMENT_LIKE,STRONG,OUTGOING,YOUR PRICE → NEIGHBOR DEMAND,54213,2.087,2.087,0.0,14,5,1,4
FOODS_2,FOODS_2_285,FOODS_2_360,58,42,16,-0.433654827728481,0.433654827728481,COMPLEMENT_LIKE,STRONG,INCOMING,NEIGHBOR PRICE → YOUR DEMAND,261878,0.9399999999999998,0.9399999999999998,0.0,8,5,1,5
FOODS_2,FOODS_2_285,FOODS_2_019,36,26,10,0.5740884253249914,0.5740884253249914,SUBSTITUTION_LIKE,MODERATE,OUTGOING,YOUR PRICE → NEIGHBOR DEMAND,99979,3.2880000000000003,3.254,0.9934737562267172,3,0,2,6
FOODS_2,FOODS_2_285,FOODS_2_274,31,22,9,-0.4286951670274089,0.4286951670274089,COMPLEMENT_LIKE,MODERATE,OUTGOING,YOUR PRICE → NEIGHBOR DEMAND,31241,6.980000000000001,6.980000000000001,0.0,3,1,2,7
FOODS_2,FOODS_2_285,FOODS_2_360,46,34,12,-0.33292413173458896,0.33292413173458896,COMPLEMENT_LIKE,MODERATE,OUTGOING,YOUR PRICE → NEIGHBOR DEMAND,261878,0.9399999999999998,0.9399999999999998,0.0,8,5,2,8
FOODS_2,FOODS_2_285,FOODS_2_152,53,34,19,-0.3323158230675023,0.3323158230675023,COMPLEMENT_LIKE,MODERATE,INCOMING,NEIGHBOR PRICE → YOUR DEMAND,81865,2.3600000000000003,2.3600000000000003,0.0,7,1,2,9
FOODS_2,FOODS_2_285,FOODS_2_388,43,32,11,0.313042386215246,0.313042386215246,SUBSTITUTION_LIKE,MODERATE,OUTGOING,YOUR PRICE → NEIGHBOR DEMAND,31274,2.98,2.98,0.0,5,2,2,10
FOODS_2,FOODS_2_291,FOODS_2_166,57,34,23,-0.6192398268629992,0.6192398268629992,COMPLEMENT_LIKE,STRONG,OUTGOING,YOUR PRICE → NEIGHBOR DEMAND,46463,2.087,2.087,0.0,13,8,1,1
FOODS_2,FOODS_2_291,FOODS_2_240,56,33,23,-0.6178625658945269,0.6178625658945269,COMPLEMENT_LIKE,STRONG,OUTGOING,YOUR PRICE → NEIGHBOR DEMAND,54213,2.087,2.087,0.0,14,5,1,2
FOODS_2,FOODS_2_291,FOODS_2_294,53,17,36,-0.45179307384678274,0.45179307384678274,COMPLEMENT_LIKE,STRONG,INCOMING,NEIGHBOR PRICE → YOUR DEMAND,50991,1.0,1.0,0.0,13,5,1,3
FOODS_2,FOODS_2_291,FOODS_2_360,55,32,23,0.4465323302389594,0.4465323302389594,SUBSTITUTION_LIKE,STRONG,OUTGOING,YOUR PRICE → NEIGHBOR DEMAND,261878,0.9399999999999998,0.9399999999999998,0.0,8,5,1,4
FOODS_2,FOODS_2_291,FOODS_2_166,52,25,27,0.4410374101886759,0.4410374101886759,SUBSTITUTION_LIKE,STRONG,INCOMING,NEIGHBOR PRICE → YOUR DEMAND,46463,2.087,2.087,0.0,13,8,1,5
FOODS_2,FOODS_2_291,FOODS_2_240,55,25,30,0.3916487080652785,0.3916487080652785,SUBSTITUTION_LIKE,MODERATE,INCOMING,NEIGHBOR PRICE → YOUR DEMAND,54213,2.087,2.087,0.0,14,5,2,6
FOODS_2,FOODS_2_291,FOODS_2_391,57,33,24,-0.329523458366924,0.329523458366924,COMPLEMENT_LIKE,MODERATE,OUTGOING,YOUR PRICE → NEIGHBOR DEMAND,29240,2.0,2.0140000000000002,0.10009203113495864,4,1,2,7
FOODS_2,FOODS_2_291,FOODS_2_197,55,31,24,0.31708288957999725,0.31708288957999725,SUBSTITUTION_LIKE,MODERATE,OUTGOING,YOUR PRICE → NEIGHBOR DEMAND,164027,3.2880000000000003,3.2479999999999998,0.4831665250402393,2,1,2,8
FOODS_2,FOODS_2_291,FOODS_2_212,56,33,23,0.3162982659694176,0.3162982659694176,SUBSTITUTION_LIKE,MODERATE,OUTGOING,YOUR PRICE → NEIGHBOR DEMAND,26164,4.88,4.989,0.37612015112116576,8,3,2,9
FOODS_2,FOODS_2_291,FOODS_2_019,52,28,24,0.3130044973607362,0.3130044973607362,SUBSTITUTION_LIKE,MODERATE,OUTGOING,YOUR PRICE → NEIGHBOR DEMAND,99979,3.2880000000000003,3.254,0.9934737562267172,3,0,2,10
FOODS_2,FOODS_2_291,FOODS_2_036,90,40,50,0.3088237707947768,0.3088237707947768,SUBSTITUTION_LIKE,MODERATE,INCOMING,NEIGHBOR PRICE → YOUR DEMAND,39668,3.596,3.596,0.0,8,4,2,11
FOODS_2,FOODS_2_294,FOODS_2_183,52,21,31,-0.5731350045364456,0.5731350045364456,COMPLEMENT_LIKE,STRONG,OUTGOING,YOUR PRICE → NEIGHBOR DEMAND,54138,8.98,8.98,0.0,7,4,1,1
FOODS_2,FOODS_2_294,FOODS_2_056,61,20,41,-0.5190013844051181,0.5190013844051181,COMPLEMENT_LIKE,STRONG,OUTGOING,YOUR PRICE → NEIGHBOR DEMAND,53850,6.980000000000001,6.980000000000001,0.0,6,2,1,2
FOODS_2,FOODS_2_294,FOODS_2_291,53,17,36,-0.45179307384678274,0.45179307384678274,COMPLEMENT_LIKE,STRONG,OUTGOING,YOUR PRICE → NEIGHBOR DEMAND,30273,6.980000000000001,6.980000000000001,0.0,11,5,1,3
FOODS_2,FOODS_2_294,FOODS_2_240,60,28,32,0.40822947350830796,0.40822947350830796,SUBSTITUTION_LIKE,STRONG,INCOMING,NEIGHBOR PRICE → YOUR DEMAND,54213,2.087,2.087,0.0,14,5,1,4
FOODS_2,FOODS_2_294,FOODS_2_128,50,19,31,0.4004202328387594,0.4004202328387594,SUBSTITUTION_LIKE,STRONG,OUTGOING,YOUR PRICE → NEIGHBOR DEMAND,151901,0.9399999999999998,0.9399999999999998,0.0,6,4,1,5
FOODS_2,FOODS_2_294,FOODS_2_380,50,19,31,-0.38576602696292883,0.38576602696292883,COMPLEMENT_LIKE,MODERATE,OUTGOING,YOUR PRICE → NEIGHBOR DEMAND,59402,4.97,4.97,0.0,8,2,2,6
FOODS_2,FOODS_2_294,FOODS_2_021,50,19,31,0.3789204598054227,0.3789204598054227,SUBSTITUTION_LIKE,MODERATE,OUTGOING,YOUR PRICE → NEIGHBOR DEMAND,123205,0.94,0.94,0.0,6,3,2,7
FOODS_2,FOODS_2_294,FOODS_2_380,59,28,31,0.37450560675410094,0.37450560675410094,SUBSTITUTION_LIKE,MODERATE,INCOMING,NEIGHBOR PRICE → YOUR DEMAND,59402,4.97,4.97,0.0,8,2,2,8
FOODS_2,FOODS_2_294,FOODS_2_182,51,19,32,-0.3381058791742007,0.3381058791742007,COMPLEMENT_LIKE,MODERATE,OUTGOING,YOUR PRICE → NEIGHBOR DEMAND,20952,2.0,2.0140000000000002,0.14239347641917144,6,2,2,9
FOODS_2,FOODS_2_294,FOODS_2_166,57,27,30,0.33674643943123905,0.33674643943123905,SUBSTITUTION_LIKE,MODERATE,INCOMING,NEIGHBOR PRICE → YOUR DEMAND,46463,2.087,2.087,0.0,13,8,2,10
FOODS_2,FOODS_2_294,FOODS_2_212,46,19,27,0.3358868320928203,0.3358868320928203,SUBSTITUTION_LIKE,MODERATE,OUTGOING,YOUR PRICE → NEIGHBOR DEMAND,26164,4.88,4.989,0.37612015112116576,8,3,2,11
FOODS_2,FOODS_2_294,FOODS_2_052,86,44,42,-0.321068684515495,0.321068684515495,COMPLEMENT_LIKE,MODERATE,INCOMING,NEIGHBOR PRICE → YOUR DEMAND,28317,13.970000000000002,13.970000000000002,0.0,7,4,2,12
FOODS_2,FOODS_2_294,FOODS_2_152,57,22,35,0.3210641598360455,0.3210641598360455,SUBSTITUTION_LIKE,MODERATE,OUTGOING,YOUR PRICE → NEIGHBOR DEMAND,81865,2.3600000000000003,2.3600000000000003,0.0,7,1,2,13
FOODS_2,FOODS_2_322,FOODS_2_119,40,27,13,0.41918892368211313,0.41918892368211313,SUBSTITUTION_LIKE,STRONG,OUTGOING,YOUR PRICE → NEIGHBOR DEMAND,28503,2.535,2.535,0.0,11,6,1,1
FOODS_2,FOODS_2_360,FOODS_2_052,95,51,44,0.5074408422472036,0.5074408422472036,SUBSTITUTION_LIKE,STRONG,INCOMING,NEIGHBOR PRICE → YOUR DEMAND,28317,13.970000000000002,13.970000000000002,0.0,7,4,1,1
FOODS_2,FOODS_2_360,FOODS_2_291,55,32,23,0.4465323302389594,0.4465323302389594,SUBSTITUTION_LIKE,STRONG,INCOMING,NEIGHBOR PRICE → YOUR DEMAND,30273,6.980000000000001,6.980000000000001,0.0,11,5,1,2
FOODS_2,FOODS_2_360,FOODS_2_285,58,42,16,-0.433654827728481,0.433654827728481,COMPLEMENT_LIKE,STRONG,OUTGOING,YOUR PRICE → NEIGHBOR DEMAND,53434,3.9799999999999995,3.9799999999999995,0.0,10,5,1,3
FOODS_2,FOODS_2_360,FOODS_2_063,58,42,16,0.41002849808112496,0.41002849808112496,SUBSTITUTION_LIKE,STRONG,OUTGOING,YOUR PRICE → NEIGHBOR DEMAND,44949,2.798,2.786,0.214632339041238,13,2,1,4
FOODS_2,FOODS_2_360,FOODS_2_183,56,40,16,-0.40062640592795634,0.40062640592795634,COMPLEMENT_LIKE,STRONG,OUTGOING,YOUR PRICE → NEIGHBOR DEMAND,54138,8.98,8.98,0.0,7,4,1,5
FOODS_2,FOODS_2_360,FOODS_2_285,46,34,12,-0.33292413173458896,0.33292413173458896,COMPLEMENT_LIKE,MODERATE,INCOMING,NEIGHBOR PRICE → YOUR DEMAND,53434,3.9799999999999995,3.9799999999999995,0.0,10,5,2,6
FOODS_2,FOODS_2_360,FOODS_2_052,57,41,16,-0.323144459551044,0.323144459551044,COMPLEMENT_LIKE,MODERATE,OUTGOING,YOUR PRICE → NEIGHBOR DEMAND,28317,13.970000000000002,13.970000000000002,0.0,7,4,2,7
FOODS_2,FOODS_2_360,FOODS_2_119,56,40,16,0.3197418832025274,0.3197418832025274,SUBSTITUTION_LIKE,MODERATE,OUTGOING,YOUR PRICE → NEIGHBOR DEMAND,28503,2.535,2.535,0.0,11,6,2,8
FOODS_2,FOODS_2_380,FOODS_2_152,64,30,34,0.4590287376210172,0.4590287376210172,SUBSTITUTION_LIKE,STRONG,OUTGOING,YOUR PRICE → NEIGHBOR DEMAND,81865,2.3600000000000003,2.3600000000000003,0.0,7,1,1,1
FOODS_2,FOODS_2_380,FOODS_2_381,64,31,33,0.4132911051476455,0.4132911051476455,SUBSTITUTION_LIKE,STRONG,OUTGOING,YOUR PRICE → NEIGHBOR DEMAND,33059,2.5,2.5,0.0,7,2,1,2
FOODS_2,FOODS_2_380,FOODS_2_021,49,36,13,-0.39601515166584816,0.39601515166584816,COMPLEMENT_LIKE,MODERATE,INCOMING,NEIGHBOR PRICE → YOUR DEMAND,123205,0.94,0.94,0.0,6,3,2,3
FOODS_2,FOODS_2_380,FOODS_2_294,50,19,31,-0.38576602696292883,0.38576602696292883,COMPLEMENT_LIKE,MODERATE,INCOMING,NEIGHBOR PRICE → YOUR DEMAND,50991,1.0,1.0,0.0,13,5,2,4
FOODS_2,FOODS_2_380,FOODS_2_294,59,28,31,0.37450560675410094,0.37450560675410094,SUBSTITUTION_LIKE,MODERATE,OUTGOING,YOUR PRICE → NEIGHBOR DEMAND,50991,1.0,1.0,0.0,13,5,2,5
FOODS_2,FOODS_2_380,FOODS_2_128,49,36,13,-0.371067771498068,0.371067771498068,COMPLEMENT_LIKE,MODERATE,INCOMING,NEIGHBOR PRICE → YOUR DEMAND,151901,0.9399999999999998,0.9399999999999998,0.0,6,4,2,6
FOODS_2,FOODS_2_380,FOODS_2_063,36,25,11,-0.34996595268911834,0.34996595268911834,COMPLEMENT_LIKE,MODERATE,INCOMING,NEIGHBOR PRICE → YOUR DEMAND,44949,2.798,2.786,0.214632339041238,13,2,2,7
FOODS_2,FOODS_2_380,FOODS_2_128,62,30,32,-0.30501557583360317,0.30501557583360317,COMPLEMENT_LIKE,MODERATE,OUTGOING,YOUR PRICE → NEIGHBOR DEMAND,151901,0.9399999999999998,0.9399999999999998,0.0,6,4,2,8
FOODS_2,FOODS_2_381,FOODS_2_380,64,31,33,0.4132911051476455,0.4132911051476455,SUBSTITUTION_LIKE,STRONG,INCOMING,NEIGHBOR PRICE → YOUR DEMAND,59402,4.97,4.97,0.0,8,2,1,1
FOODS_2,FOODS_2_381,FOODS_2_212,45,20,25,0.40808033580639297,0.40808033580639297,SUBSTITUTION_LIKE,STRONG,OUTGOING,YOUR PRICE → NEIGHBOR DEMAND,26164,4.88,4.989,0.37612015112116576,8,3,1,2
FOODS_2,FOODS_2_381,FOODS_2_063,58,30,28,-0.3468158313869347,0.3468158313869347,COMPLEMENT_LIKE,MODERATE,OUTGOING,YOUR PRICE → NEIGHBOR DEMAND,44949,2.798,2.786,0.214632339041238,13,2,2,3
FOODS_2,FOODS_2_381,FOODS_2_119,56,25,31,0.3351947653582003,0.3351947653582003,SUBSTITUTION_LIKE,MODERATE,INCOMING,NEIGHBOR PRICE → YOUR DEMAND,28503,2.535,2.535,0.0,11,6,2,4
FOODS_2,FOODS_2_381,FOODS_2_152,59,30,29,0.32829799148876954,0.32829799148876954,SUBSTITUTION_LIKE,MODERATE,OUTGOING,YOUR PRICE → NEIGHBOR DEMAND,81865,2.3600000000000003,2.3600000000000003,0.0,7,1,2,5
FOODS_2,FOODS_2_381,FOODS_2_240,57,27,30,0.31935391234234695,0.31935391234234695,SUBSTITUTION_LIKE,MODERATE,INCOMING,NEIGHBOR PRICE → YOUR DEMAND,54213,2.087,2.087,0.0,14,5,2,6
FOODS_2,FOODS_2_381,FOODS_2_036,52,27,25,-0.30994608418504577,0.30994608418504577,COMPLEMENT_LIKE,MODERATE,OUTGOING,YOUR PRICE → NEIGHBOR DEMAND,39668,3.596,3.596,0.0,8,4,2,7
FOODS_2,FOODS_2_388,FOODS_2_166,53,25,28,0.46519376762332676,0.46519376762332676,SUBSTITUTION_LIKE,STRONG,INCOMING,NEIGHBOR PRICE → YOUR DEMAND,46463,2.087,2.087,0.0,13,8,1,1
FOODS_2,FOODS_2_388,FOODS_2_036,81,38,43,0.4223222768337599,0.4223222768337599,SUBSTITUTION_LIKE,STRONG,INCOMING,NEIGHBOR PRICE → YOUR DEMAND,39668,3.596,3.596,0.0,8,4,1,2
FOODS_2,FOODS_2_388,FOODS_2_240,58,27,31,0.36592052144011894,0.36592052144011894,SUBSTITUTION_LIKE,MODERATE,INCOMING,NEIGHBOR PRICE → YOUR DEMAND,54213,2.087,2.087,0.0,14,5,2,3
FOODS_2,FOODS_2_388,FOODS_2_166,58,37,21,-0.31802907760370513,0.31802907760370513,COMPLEMENT_LIKE,MODERATE,OUTGOING,YOUR PRICE → NEIGHBOR DEMAND,46463,2.087,2.087,0.0,13,8,2,4
FOODS_2,FOODS_2_388,FOODS_2_285,43,32,11,0.313042386215246,0.313042386215246,SUBSTITUTION_LIKE,MODERATE,INCOMING,NEIGHBOR PRICE → YOUR DEMAND,53434,3.9799999999999995,3.9799999999999995,0.0,10,5,2,5
FOODS_2,FOODS_2_391,FOODS_2_166,56,26,30,-0.4025500341839183,0.4025500341839183,COMPLEMENT_LIKE,STRONG,INCOMING,NEIGHBOR PRICE → YOUR DEMAND,46463,2.087,2.087,0.0,13,8,1,1
FOODS_2,FOODS_2_391,FOODS_2_240,59,28,31,-0.38881522157530246,0.38881522157530246,COMPLEMENT_LIKE,MODERATE,INCOMING,NEIGHBOR PRICE → YOUR DEMAND,54213,2.087,2.087,0.0,14,5,2,2
FOODS_2,FOODS_2_391,FOODS_2_183,77,45,32,-0.3536338080610583,0.3536338080610583,COMPLEMENT_LIKE,MODERATE,OUTGOING,YOUR PRICE → NEIGHBOR DEMAND,54138,8.98,8.98,0.0,7,4,2,3
FOODS_2,FOODS_2_391,FOODS_2_291,57,33,24,-0.329523458366924,0.329523458366924,COMPLEMENT_LIKE,MODERATE,INCOMING,NEIGHBOR PRICE → YOUR DEMAND,30273,6.980000000000001,6.980000000000001,0.0,11,5,2,4
FOODS_2,FOODS_2_399,FOODS_2_036,71,41,30,0.461037489490989,0.461037489490989,SUBSTITUTION_LIKE,STRONG,OUTGOING,YOUR PRICE → NEIGHBOR DEMAND,39668,3.596,3.596,0.0,8,4,1,1
FOODS_2,FOODS_2_399,FOODS_2_183,39,25,14,-0.457295901708792,0.457295901708792,COMPLEMENT_LIKE,MODERATE,INCOMING,NEIGHBOR PRICE → YOUR DEMAND,54138,8.98,8.98,0.0,7,4,2,2
FOODS_2,FOODS_2_399,FOODS_2_240,55,26,29,-0.37891722871878963,0.37891722871878963,COMPLEMENT_LIKE,MODERATE,INCOMING,NEIGHBOR PRICE → YOUR DEMAND,54213,2.087,2.087,0.0,14,5,2,3
FOODS_2,FOODS_2_399,FOODS_2_063,69,41,28,-0.3601975124160731,0.3601975124160731,COMPLEMENT_LIKE,MODERATE,OUTGOING,YOUR PRICE → NEIGHBOR DEMAND,44949,2.798,2.786,0.214632339041238,13,2,2,4
FOODS_2,FOODS_2_399,FOODS_2_166,51,24,27,-0.32652854971502276,0.32652854971502276,COMPLEMENT_LIKE,MODERATE,INCOMING,NEIGHBOR PRICE → YOUR DEMAND,46463,2.087,2.087,0.0,13,8,2,5
FOODS_3,FOODS_3_020,FOODS_3_202,70,31,39,0.48871041068869553,0.48871041068869553,SUBSTITUTION_LIKE,STRONG,OUTGOING,YOUR PRICE → NEIGHBOR DEMAND,300529,4.354,4.538,5.4647069483600585,12,4,1,1
FOODS_3,FOODS_3_020,FOODS_3_348,69,35,34,0.46475832602894146,0.46475832602894146,SUBSTITUTION_LIKE,STRONG,OUTGOING,YOUR PRICE → NEIGHBOR DEMAND,110424,0.8,0.8,0.0,10,3,1,2
FOODS_3,FOODS_3_020,FOODS_3_406,64,32,32,0.4618209811472377,0.4618209811472377,SUBSTITUTION_LIKE,STRONG,OUTGOING,YOUR PRICE → NEIGHBOR DEMAND,143394,0.8,0.8,0.0,9,6,1,3
FOODS_3,FOODS_3_020,FOODS_3_339,71,35,36,0.45396653187480956,0.45396653187480956,SUBSTITUTION_LIKE,STRONG,OUTGOING,YOUR PRICE → NEIGHBOR DEMAND,57815,0.8,0.8,0.0,9,3,1,4
FOODS_3,FOODS_3_020,FOODS_3_704,69,29,40,0.4495648464647962,0.4495648464647962,SUBSTITUTION_LIKE,STRONG,OUTGOING,YOUR PRICE → NEIGHBOR DEMAND,73910,4.16,4.548,10.0258584898117,11,4,1,5
FOODS_3,FOODS_3_020,FOODS_3_501,68,32,36,0.44072177478618574,0.44072177478618574,SUBSTITUTION_LIKE,STRONG,OUTGOING,YOUR PRICE → NEIGHBOR DEMAND,202850,0.8,0.8,0.0,7,4,1,6
FOODS_3,FOODS_3_020,FOODS_3_136,72,32,40,0.43636292345669503,0.43636292345669503,SUBSTITUTION_LIKE,STRONG,OUTGOING,YOUR PRICE → NEIGHBOR DEMAND,102353,4.548,4.548,0.0,7,5,1,7
FOODS_3,FOODS_3_020,FOODS_3_295,70,34,36,0.42787763898767117,0.42787763898767117,SUBSTITUTION_LIKE,STRONG,OUTGOING,YOUR PRICE → NEIGHBOR DEMAND,205086,0.8,0.8,0.0,8,4,1,8
FOODS_3,FOODS_3_020,FOODS_3_785,61,29,32,-0.4223423025478685,0.4223423025478685,COMPLEMENT_LIKE,STRONG,OUTGOING,YOUR PRICE → NEIGHBOR DEMAND,127067,3.0,3.0,0.0,5,1,1,9
FOODS_3,FOODS_3_020,FOODS_3_324,64,31,33,-0.41873359473488814,0.41873359473488814,COMPLEMENT_LIKE,STRONG,OUTGOING,YOUR PRICE → NEIGHBOR DEMAND,68825,3.0,3.0,0.0,3,1,1,10
FOODS_3,FOODS_3_020,FOODS_3_578,61,30,31,-0.4096818803879659,0.4096818803879659,COMPLEMENT_LIKE,STRONG,OUTGOING,YOUR PRICE → NEIGHBOR DEMAND,44205,3.0,2.95,1.488947527505101,3,1,1,11
FOODS_3,FOODS_3_020,FOODS_3_133,67,32,35,0.3978631686855044,0.3978631686855044,SUBSTITUTION_LIKE,MODERATE,OUTGOING,YOUR PRICE → NEIGHBOR DEMAND,91206,0.8,0.8,0.0,7,2,2,12
FOODS_3,FOODS_3_020,FOODS_3_115,71,31,40,0.39138833049655797,0.39138833049655797,SUBSTITUTION_LIKE,MODERATE,OUTGOING,YOUR PRICE → NEIGHBOR DEMAND,29715,4.548,4.548,0.0,8,2,2,13
FOODS_3,FOODS_3_020,FOODS_3_319,77,35,42,-0.3639782316081932,0.3639782316081932,COMPLEMENT_LIKE,MODERATE,OUTGOING,YOUR PRICE → NEIGHBOR DEMAND,208363,0.9400000000000001,0.9640000000000001,52.956237551409046,4,0,2,14
FOODS_3,FOODS_3_020,FOODS_3_769,84,43,41,-0.3413423322991535,0.3413423322991535,COMPLEMENT_LIKE,MODERATE,INCOMING,NEIGHBOR PRICE → YOUR DEMAND,75137,1.25,1.3279999999999998,2.7889277764026423,9,4,2,15
FOODS_3,FOODS_3_020,FOODS_3_594,73,33,40,-0.31622979415136376,0.31622979415136376,COMPLEMENT_LIKE,MODERATE,OUTGOING,YOUR PRICE → NEIGHBOR DEMAND,67226,0.9400000000000001,0.9640000000000001,61.16521367134385,3,0,2,16
FOODS_3,FOODS_3_020,FOODS_3_808,76,35,41,-0.3098717012708319,0.3098717012708319,COMPLEMENT_LIKE,MODERATE,OUTGOING,YOUR PRICE → NEIGHBOR DEMAND,281888,0.958,0.9640000000000001,189.06926427416172,3,0,2,17
FOODS_3,FOODS_3_020,FOODS_3_635,75,35,40,-0.30389697073918126,0.30389697073918126,COMPLEMENT_LIKE,MODERATE,OUTGOING,YOUR PRICE → NEIGHBOR DEMAND,282174,0.915,0.9640000000000001,91.80927126337357,1,0,2,18
FOODS_3,FOODS_3_030,FOODS_3_734,56,47,9,-0.6283903544847287,0.6283903544847287,COMPLEMENT_LIKE,MODERATE,INCOMING,NEIGHBOR PRICE → YOUR DEMAND,99695,1.78,1.78,0.0,15,9,2,1
FOODS_3,FOODS_3_030,FOODS_3_769,58,33,25,-0.3762118636766842,0.3762118636766842,COMPLEMENT_LIKE,MODERATE,INCOMING,NEIGHBOR PRICE → YOUR DEMAND,75137,1.25,1.3279999999999998,2.7889277764026423,9,4,2,2
FOODS_3,FOODS_3_030,FOODS_3_681,88,48,40,0.37018415788311376,0.37018415788311376,SUBSTITUTION_LIKE,MODERATE,INCOMING,NEIGHBOR PRICE → YOUR DEMAND,256134,1.0,1.15,1.719391868817898,15,2,2,3
FOODS_3,FOODS_3_030,FOODS_3_086,73,38,35,0.3647961410475938,0.3647961410475938,SUBSTITUTION_LIKE,MODERATE,INCOMING,NEIGHBOR PRICE → YOUR DEMAND,124231,1.0,1.1,3.0974471586479426,16,3,2,4
FOODS_3,FOODS_3_030,FOODS_3_202,100,54,46,-0.34365372069376543,0.34365372069376543,COMPLEMENT_LIKE,MODERATE,OUTGOING,YOUR PRICE → NEIGHBOR DEMAND,300529,4.354,4.538,5.4647069483600585,12,4,2,5
FOODS_3,FOODS_3_030,FOODS_3_231,94,40,54,0.3217168022147508,0.3217168022147508,SUBSTITUTION_LIKE,MODERATE,INCOMING,NEIGHBOR PRICE → YOUR DEMAND,67196,5.212000000000001,5.46,2.9024303739662183,20,14,2,6
FOODS_3,FOODS_3_030,FOODS_3_136,100,54,46,-0.31802287456719275,0.31802287456719275,COMPLEMENT_LIKE,MODERATE,OUTGOING,YOUR PRICE → NEIGHBOR DEMAND,102353,4.548,4.548,0.0,7,5,2,7
FOODS_3,FOODS_3_030,FOODS_3_281,61,35,26,-0.3101271421638667,0.3101271421638667,COMPLEMENT_LIKE,MODERATE,INCOMING,NEIGHBOR PRICE → YOUR DEMAND,179140,1.25,1.3419999999999999,4.875086617086171,7,6,2,8
FOODS_3,FOODS_3_030,FOODS_3_755,81,38,43,0.3024697770463048,0.3024697770463048,SUBSTITUTION_LIKE,MODERATE,INCOMING,NEIGHBOR PRICE → YOUR DEMAND,94227,0.9399999999999998,1.02,1.7225887769348334,15,5,2,9
FOODS_3,FOODS_3_086,FOODS_3_783,74,44,30,-0.45532954719697394,0.45532954719697394,COMPLEMENT_LIKE,STRONG,OUTGOING,YOUR PRICE → NEIGHBOR DEMAND,63981,5.212000000000001,5.46,3.917959807383022,12,3,1,1
FOODS_3,FOODS_3_086,FOODS_3_231,75,44,31,-0.4520242367193745,0.4520242367193745,COMPLEMENT_LIKE,STRONG,OUTGOING,YOUR PRICE → NEIGHBOR DEMAND,67196,5.212000000000001,5.46,2.9024303739662183,20,14,1,2
FOODS_3,FOODS_3_086,FOODS_3_136,72,39,33,-0.4182246290454389,0.4182246290454389,COMPLEMENT_LIKE,STRONG,OUTGOING,YOUR PRICE → NEIGHBOR DEMAND,102353,4.548,4.548,0.0,7,5,1,3
FOODS_3,FOODS_3_086,FOODS_3_822,76,43,33,0.38678762013738055,0.38678762013738055,SUBSTITUTION_LIKE,MODERATE,OUTGOING,YOUR PRICE → NEIGHBOR DEMAND,58903,3.9799999999999995,4.430000000000001,5.142046925314025,5,1,2,4
FOODS_3,FOODS_3_086,FOODS_3_727,76,42,34,0.36584655056183757,0.36584655056183757,SUBSTITUTION_LIKE,MODERATE,OUTGOING,YOUR PRICE → NEIGHBOR DEMAND,42864,3.9799999999999995,4.430000000000001,5.715828309969308,13,6,2,5
FOODS_3,FOODS_3_086,FOODS_3_030,73,38,35,0.3647961410475938,0.3647961410475938,SUBSTITUTION_LIKE,MODERATE,OUTGOING,YOUR PRICE → NEIGHBOR DEMAND,182547,1.342,1.3809999999999998,0.5113449034151669,9,0,2,6
FOODS_3,FOODS_3_086,FOODS_3_224,78,43,35,0.3638564843926304,0.3638564843926304,SUBSTITUTION_LIKE,MODERATE,OUTGOING,YOUR PRICE → NEIGHBOR DEMAND,38420,3.9799999999999995,4.430000000000001,4.275087971354468,9,4,2,7
FOODS_3,FOODS_3_086,FOODS_3_704,74,40,34,-0.3565283243918021,0.3565283243918021,COMPLEMENT_LIKE,MODERATE,OUTGOING,YOUR PRICE → NEIGHBOR DEMAND,73910,4.16,4.548,10.0258584898117,11,4,2,8
FOODS_3,FOODS_3_086,FOODS_3_115,72,39,33,-0.35508780964579173,0.35508780964579173,COMPLEMENT_LIKE,MODERATE,OUTGOING,YOUR PRICE → NEIGHBOR DEMAND,29715,4.548,4.548,0.0,8,2,2,9
FOODS_3,FOODS_3_086,FOODS_3_202,71,39,32,-0.34781453507085786,0.34781453507085786,COMPLEMENT_LIKE,MODERATE,OUTGOING,YOUR PRICE → NEIGHBOR DEMAND,300529,4.354,4.538,5.4647069483600585,12,4,2,10
FOODS_3,FOODS_3_086,FOODS_3_753,73,44,29,-0.3408130711393263,0.3408130711393263,COMPLEMENT_LIKE,MODERATE,OUTGOING,YOUR PRICE → NEIGHBOR DEMAND,58631,5.212000000000001,5.46,2.9895691100771082,19,7,2,11
FOODS_3,FOODS_3_086,FOODS_3_257,77,43,34,0.32897843448898156,0.32897843448898156,SUBSTITUTION_LIKE,MODERATE,OUTGOING,YOUR PRICE → NEIGHBOR DEMAND,40397,3.9799999999999995,4.28,2.338099453358067,8,6,2,12
FOODS_3,FOODS_3_086,FOODS_3_348,74,41,33,0.3218737097986777,0.3218737097986777,SUBSTITUTION_LIKE,MODERATE,OUTGOING,YOUR PRICE → NEIGHBOR DEMAND,110424,0.8,0.8,0.0,10,3,2,13
FOODS_3,FOODS_3_086,FOODS_3_547,79,44,35,0.3206993776634014,0.3206993776634014,SUBSTITUTION_LIKE,MODERATE,OUTGOING,YOUR PRICE → NEIGHBOR DEMAND,181908,0.25,0.25,0.0,1,0,2,14
FOODS_3,FOODS_3_086,FOODS_3_124,73,43,30,-0.3200264898268106,0.3200264898268106,COMPLEMENT_LIKE,MODERATE,OUTGOING,YOUR PRICE → NEIGHBOR DEMAND,70025,5.212000000000001,5.452,2.8554300716516408,15,6,2,15
FOODS_3,FOODS_3_086,FOODS_3_318,76,41,35,-0.3170525852958893,0.3170525852958893,COMPLEMENT_LIKE,MODERATE,OUTGOING,YOUR PRICE → NEIGHBOR DEMAND,264845,1.48,1.48,0.0,9,2,2,16
FOODS_3,FOODS_3_090,FOODS_3_231,95,41,54,0.566263769724686,0.566263769724686,SUBSTITUTION_LIKE,STRONG,INCOMING,NEIGHBOR PRICE → YOUR DEMAND,67196,5.212000000000001,5.46,2.9024303739662183,20,14,1,1
FOODS_3,FOODS_3_090,FOODS_3_124,100,43,57,0.5145556934616234,0.5145556934616234,SUBSTITUTION_LIKE,STRONG,INCOMING,NEIGHBOR PRICE → YOUR DEMAND,70025,5.212000000000001,5.452,2.8554300716516408,15,6,1,2
FOODS_3,FOODS_3_090,FOODS_3_257,120,65,55,-0.5135704943659134,0.5135704943659134,COMPLEMENT_LIKE,STRONG,INCOMING,NEIGHBOR PRICE → YOUR DEMAND,40397,3.9799999999999995,4.28,2.338099453358067,8,6,1,3
FOODS_3,FOODS_3_090,FOODS_3_491,41,17,24,-0.510296114234043,0.510296114234043,COMPLEMENT_LIKE,STRONG,OUTGOING,YOUR PRICE → NEIGHBOR DEMAND,199199,1.522,1.484,0.7514846316029966,13,7,1,4
FOODS_3,FOODS_3_090,FOODS_3_727,121,61,60,-0.4991180106636819,0.4991180106636819,COMPLEMENT_LIKE,STRONG,INCOMING,NEIGHBOR PRICE → YOUR DEMAND,42864,3.9799999999999995,4.430000000000001,5.715828309969308,13,6,1,5
FOODS_3,FOODS_3_090,FOODS_3_753,98,42,56,0.4405412005850933,0.4405412005850933,SUBSTITUTION_LIKE,STRONG,INCOMING,NEIGHBOR PRICE → YOUR DEMAND,58631,5.212000000000001,5.46,2.9895691100771082,19,7,1,6
FOODS_3,FOODS_3_090,FOODS_3_224,131,69,62,-0.4326836162762789,0.4326836162762789,COMPLEMENT_LIKE,STRONG,INCOMING,NEIGHBOR PRICE → YOUR DEMAND,38420,3.9799999999999995,4.430000000000001,4.275087971354468,9,4,1,7
FOODS_3,FOODS_3_090,FOODS_3_318,136,85,51,-0.3572092883754248,0.3572092883754248,COMPLEMENT_LIKE,MODERATE,OUTGOING,YOUR PRICE → NEIGHBOR DEMAND,264845,1.48,1.48,0.0,9,2,2,8
FOODS_3,FOODS_3_090,FOODS_3_783,99,41,58,0.3443330913073818,0.3443330913073818,SUBSTITUTION_LIKE,MODERATE,INCOMING,NEIGHBOR PRICE → YOUR DEMAND,63981,5.212000000000001,5.46,3.917959807383022,12,3,2,9
FOODS_3,FOODS_3_090,FOODS_3_219,137,86,51,-0.3292799487266801,0.3292799487266801,COMPLEMENT_LIKE,MODERATE,OUTGOING,YOUR PRICE → NEIGHBOR DEMAND,86822,1.431,1.48,3.4468442163874733,7,2,2,10
FOODS_3,FOODS_3_090,FOODS_3_822,174,91,83,-0.30564259833138246,0.30564259833138246,COMPLEMENT_LIKE,MODERATE,INCOMING,NEIGHBOR PRICE → YOUR DEMAND,58903,3.9799999999999995,4.430000000000001,5.142046925314025,5,1,2,11
FOODS_3,FOODS_3_090,FOODS_3_723,33,21,12,0.30285281911030615,0.30285281911030615,SUBSTITUTION_LIKE,MODERATE,INCOMING,NEIGHBOR PRICE → YOUR DEMAND,289170,1.54,1.524,0.2724308698247844,14,9,2,12
FOODS_3,FOODS_3_090,FOODS_3_432,147,76,71,-0.3002379381140047,0.3002379381140047,COMPLEMENT_LIKE,MODERATE,INCOMING,NEIGHBOR PRICE → YOUR DEMAND,35368,3.9799999999999995,4.430000000000001,5.583794691712483,5,1,2,13
FOODS_3,FOODS_3_115,FOODS_3_281,92,46,46,-0.46059056643859525,0.46059056643859525,COMPLEMENT_LIKE,STRONG,INCOMING,NEIGHBOR PRICE → YOUR DEMAND,179140,1.25,1.3419999999999999,4.875086617086171,7,6,1,1
FOODS_3,FOODS_3_115,FOODS_3_769,84,43,41,-0.4106173084905333,0.4106173084905333,COMPLEMENT_LIKE,STRONG,INCOMING,NEIGHBOR PRICE → YOUR DEMAND,75137,1.25,1.3279999999999998,2.7889277764026423,9,4,1,2
FOODS_3,FOODS_3_115,FOODS_3_020,71,31,40,0.39138833049655797,0.39138833049655797,SUBSTITUTION_LIKE,MODERATE,INCOMING,NEIGHBOR PRICE → YOUR DEMAND,60041,0.9399999999999998,1.0399999999999998,6.303625203168995,18,11,2,3
FOODS_3,FOODS_3_115,FOODS_3_202,67,36,31,0.364432094119968,0.364432094119968,SUBSTITUTION_LIKE,MODERATE,OUTGOING,YOUR PRICE → NEIGHBOR DEMAND,300529,4.354,4.538,5.4647069483600585,12,4,2,4
FOODS_3,FOODS_3_115,FOODS_3_755,75,32,43,0.35676933788965776,0.35676933788965776,SUBSTITUTION_LIKE,MODERATE,INCOMING,NEIGHBOR PRICE → YOUR DEMAND,94227,0.9399999999999998,1.02,1.7225887769348334,15,5,2,5
FOODS_3,FOODS_3_115,FOODS_3_086,72,39,33,-0.35508780964579173,0.35508780964579173,COMPLEMENT_LIKE,MODERATE,INCOMING,NEIGHBOR PRICE → YOUR DEMAND,124231,1.0,1.1,3.0974471586479426,16,3,2,6
FOODS_3,FOODS_3_115,FOODS_3_681,85,47,38,-0.3456318053624332,0.3456318053624332,COMPLEMENT_LIKE,MODERATE,INCOMING,NEIGHBOR PRICE → YOUR DEMAND,256134,1.0,1.15,1.719391868817898,15,2,2,7
FOODS_3,FOODS_3_115,FOODS_3_351,89,39,50,0.3203059322362093,0.3203059322362093,SUBSTITUTION_LIKE,MODERATE,INCOMING,NEIGHBOR PRICE → YOUR DEMAND,79784,0.9399999999999998,0.9799999999999999,1.7581875450597273,4,0,2,8
FOODS_3,FOODS_3_124,FOODS_3_723,100,43,57,0.5466703398105868,0.5466703398105868,SUBSTITUTION_LIKE,STRONG,OUTGOING,YOUR PRICE → NEIGHBOR DEMAND,289170,1.54,1.524,0.2724308698247844,14,9,1,1
FOODS_3,FOODS_3_124,FOODS_3_090,100,43,57,0.5145556934616234,0.5145556934616234,SUBSTITUTION_LIKE,STRONG,OUTGOING,YOUR PRICE → NEIGHBOR DEMAND,1017916,1.522,1.502,0.8034918062283172,13,7,1,2
FOODS_3,FOODS_3_124,FOODS_3_295,95,40,55,0.478410523088485,0.478410523088485,SUBSTITUTION_LIKE,STRONG,OUTGOING,YOUR PRICE → NEIGHBOR DEMAND,205086,0.8,0.8,0.0,8,4,1,3
FOODS_3,FOODS_3_124,FOODS_3_491,100,43,57,0.46781957680811614,0.46781957680811614,SUBSTITUTION_LIKE,STRONG,OUTGOING,YOUR PRICE → NEIGHBOR DEMAND,199199,1.522,1.484,0.7514846316029966,13,7,1,4
FOODS_3,FOODS_3_124,FOODS_3_406,95,42,53,0.4637737914322387,0.4637737914322387,SUBSTITUTION_LIKE,STRONG,OUTGOING,YOUR PRICE → NEIGHBOR DEMAND,143394,0.8,0.8,0.0,9,6,1,5
FOODS_3,FOODS_3_124,FOODS_3_501,97,41,56,0.4406573294394386,0.4406573294394386,SUBSTITUTION_LIKE,STRONG,OUTGOING,YOUR PRICE → NEIGHBOR DEMAND,202850,0.8,0.8,0.0,7,4,1,6
FOODS_3,FOODS_3_124,FOODS_3_318,100,42,58,0.3956030885571902,0.3956030885571902,SUBSTITUTION_LIKE,MODERATE,OUTGOING,YOUR PRICE → NEIGHBOR DEMAND,264845,1.48,1.48,0.0,9,2,2,7
FOODS_3,FOODS_3_124,FOODS_3_219,97,42,55,0.3858102563357253,0.3858102563357253,SUBSTITUTION_LIKE,MODERATE,OUTGOING,YOUR PRICE → NEIGHBOR DEMAND,86822,1.431,1.48,3.4468442163874733,7,2,2,8
FOODS_3,FOODS_3_124,FOODS_3_738,100,43,57,0.3852457463938204,0.3852457463938204,SUBSTITUTION_LIKE,MODERATE,OUTGOING,YOUR PRICE → NEIGHBOR DEMAND,74134,1.54,1.528,0.22603473296964025,10,4,2,9
FOODS_3,FOODS_3_124,FOODS_3_348,88,35,53,0.3685828936966873,0.3685828936966873,SUBSTITUTION_LIKE,MODERATE,OUTGOING,YOUR PRICE → NEIGHBOR DEMAND,110424,0.8,0.8,0.0,10,3,2,10
FOODS_3,FOODS_3_124,FOODS_3_133,92,36,56,0.3522539052421826,0.3522539052421826,SUBSTITUTION_LIKE,MODERATE,OUTGOING,YOUR PRICE → NEIGHBOR DEMAND,91206,0.8,0.8,0.0,7,2,2,11
FOODS_3,FOODS_3_124,FOODS_3_285,98,42,56,0.3332871248629282,0.3332871248629282,SUBSTITUTION_LIKE,MODERATE,OUTGOING,YOUR PRICE → NEIGHBOR DEMAND,54076,1.2129999999999999,1.3279999999999998,6.00750730792519,6,0,2,12
FOODS_3,FOODS_3_124,FOODS_3_324,84,36,48,-0.3326170996380477,0.3326170996380477,COMPLEMENT_LIKE,MODERATE,OUTGOING,YOUR PRICE → NEIGHBOR DEMAND,68825,3.0,3.0,0.0,3,1,2,13
FOODS_3,FOODS_3_124,FOODS_3_339,91,35,56,0.32585506009685017,0.32585506009685017,SUBSTITUTION_LIKE,MODERATE,OUTGOING,YOUR PRICE → NEIGHBOR DEMAND,57815,0.8,0.8,0.0,9,3,2,14
FOODS_3,FOODS_3_124,FOODS_3_086,73,43,30,-0.3200264898268106,0.3200264898268106,COMPLEMENT_LIKE,MODERATE,INCOMING,NEIGHBOR PRICE → YOUR DEMAND,124231,1.0,1.1,3.0974471586479426,16,3,2,15
FOODS_3,FOODS_3_133,FOODS_3_753,92,37,55,0.4199509779474047,0.4199509779474047,SUBSTITUTION_LIKE,STRONG,INCOMING,NEIGHBOR PRICE → YOUR DEMAND,58631,5.212000000000001,5.46,2.9895691100771082,19,7,1,1
FOODS_3,FOODS_3_133,FOODS_3_231,89,35,54,0.40162422109921675,0.40162422109921675,SUBSTITUTION_LIKE,STRONG,INCOMING,NEIGHBOR PRICE → YOUR DEMAND,67196,5.212000000000001,5.46,2.9024303739662183,20,14,1,2
FOODS_3,FOODS_3_133,FOODS_3_020,67,32,35,0.3978631686855044,0.3978631686855044,SUBSTITUTION_LIKE,MODERATE,INCOMING,NEIGHBOR PRICE → YOUR DEMAND,60041,0.9399999999999998,1.0399999999999998,6.303625203168995,18,11,2,3
FOODS_3,FOODS_3_133,FOODS_3_755,69,35,34,0.39707725390039933,0.39707725390039933,SUBSTITUTION_LIKE,MODERATE,INCOMING,NEIGHBOR PRICE → YOUR DEMAND,94227,0.9399999999999998,1.02,1.7225887769348334,15,5,2,4
FOODS_3,FOODS_3_133,FOODS_3_734,59,49,10,-0.3536402508620738,0.3536402508620738,COMPLEMENT_LIKE,MODERATE,INCOMING,NEIGHBOR PRICE → YOUR DEMAND,99695,1.78,1.78,0.0,15,9,2,5
FOODS_3,FOODS_3_133,FOODS_3_124,92,36,56,0.3522539052421826,0.3522539052421826,SUBSTITUTION_LIKE,MODERATE,INCOMING,NEIGHBOR PRICE → YOUR DEMAND,70025,5.212000000000001,5.452,2.8554300716516408,15,6,2,6
FOODS_3,FOODS_3_133,FOODS_3_783,93,37,56,0.3188852551518194,0.3188852551518194,SUBSTITUTION_LIKE,MODERATE,INCOMING,NEIGHBOR PRICE → YOUR DEMAND,63981,5.212000000000001,5.46,3.917959807383022,12,3,2,7
FOODS_3,FOODS_3_136,FOODS_3_281,93,48,45,-0.5439091817191374,0.5439091817191374,COMPLEMENT_LIKE,STRONG,INCOMING,NEIGHBOR PRICE → YOUR DEMAND,179140,1.25,1.3419999999999999,4.875086617086171,7,6,1,1
FOODS_3,FOODS_3_136,FOODS_3_769,86,45,41,-0.4626420724368534,0.4626420724368534,COMPLEMENT_LIKE,STRONG,INCOMING,NEIGHBOR PRICE → YOUR DEMAND,75137,1.25,1.3279999999999998,2.7889277764026423,9,4,1,2
FOODS_3,FOODS_3_136,FOODS_3_020,72,32,40,0.43636292345669503,0.43636292345669503,SUBSTITUTION_LIKE,STRONG,INCOMING,NEIGHBOR PRICE → YOUR DEMAND,60041,0.9399999999999998,1.0399999999999998,6.303625203168995,18,11,1,3
FOODS_3,FOODS_3_136,FOODS_3_755,74,31,43,0.43241743579665665,0.43241743579665665,SUBSTITUTION_LIKE,STRONG,INCOMING,NEIGHBOR PRICE → YOUR DEMAND,94227,0.9399999999999998,1.02,1.7225887769348334,15,5,1,4
FOODS_3,FOODS_3_136,FOODS_3_086,72,39,33,-0.4182246290454389,0.4182246290454389,COMPLEMENT_LIKE,STRONG,INCOMING,NEIGHBOR PRICE → YOUR DEMAND,124231,1.0,1.1,3.0974471586479426,16,3,1,5
FOODS_3,FOODS_3_136,FOODS_3_681,85,47,38,-0.3832899137780741,0.3832899137780741,COMPLEMENT_LIKE,MODERATE,INCOMING,NEIGHBOR PRICE → YOUR DEMAND,256134,1.0,1.15,1.719391868817898,15,2,2,6
FOODS_3,FOODS_3_136,FOODS_3_030,100,54,46,-0.31802287456719275,0.31802287456719275,COMPLEMENT_LIKE,MODERATE,INCOMING,NEIGHBOR PRICE → YOUR DEMAND,182547,1.342,1.3809999999999998,0.5113449034151669,9,0,2,7
FOODS_3,FOODS_3_202,FOODS_3_281,90,47,43,-0.5473508608116461,0.5473508608116461,COMPLEMENT_LIKE,STRONG,INCOMING,NEIGHBOR PRICE → YOUR DEMAND,179140,1.25,1.3419999999999999,4.875086617086171,7,6,1,1
FOODS_3,FOODS_3_202,FOODS_3_020,70,31,39,0.48871041068869553,0.48871041068869553,SUBSTITUTION_LIKE,STRONG,INCOMING,NEIGHBOR PRICE → YOUR DEMAND,60041,0.9399999999999998,1.0399999999999998,6.303625203168995,18,11,1,2
FOODS_3,FOODS_3_202,FOODS_3_769,83,44,39,-0.4803818063989337,0.4803818063989337,COMPLEMENT_LIKE,STRONG,INCOMING,NEIGHBOR PRICE → YOUR DEMAND,75137,1.25,1.3279999999999998,2.7889277764026423,9,4,1,3
FOODS_3,FOODS_3_202,FOODS_3_755,72,30,42,0.46727289984007986,0.46727289984007986,SUBSTITUTION_LIKE,STRONG,INCOMING,NEIGHBOR PRICE → YOUR DEMAND,94227,0.9399999999999998,1.02,1.7225887769348334,15,5,1,4
FOODS_3,FOODS_3_202,FOODS_3_115,67,36,31,0.364432094119968,0.364432094119968,SUBSTITUTION_LIKE,MODERATE,INCOMING,NEIGHBOR PRICE → YOUR DEMAND,29715,4.548,4.548,0.0,8,2,2,5
FOODS_3,FOODS_3_202,FOODS_3_704,55,27,28,0.36145125848177856,0.36145125848177856,SUBSTITUTION_LIKE,MODERATE,INCOMING,NEIGHBOR PRICE → YOUR DEMAND,73910,4.16,4.548,10.0258584898117,11,4,2,6
FOODS_3,FOODS_3_202,FOODS_3_681,84,47,37,-0.3502099212863388,0.3502099212863388,COMPLEMENT_LIKE,MODERATE,INCOMING,NEIGHBOR PRICE → YOUR DEMAND,256134,1.0,1.15,1.719391868817898,15,2,2,7
FOODS_3,FOODS_3_202,FOODS_3_086,71,39,32,-0.34781453507085786,0.34781453507085786,COMPLEMENT_LIKE,MODERATE,INCOMING,NEIGHBOR PRICE → YOUR DEMAND,124231,1.0,1.1,3.0974471586479426,16,3,2,8
FOODS_3,FOODS_3_202,FOODS_3_030,100,54,46,-0.34365372069376543,0.34365372069376543,COMPLEMENT_LIKE,MODERATE,INCOMING,NEIGHBOR PRICE → YOUR DEMAND,182547,1.342,1.3809999999999998,0.5113449034151669,9,0,2,9
FOODS_3,FOODS_3_202,FOODS_3_738,140,90,50,-0.31434289159579515,0.31434289159579515,COMPLEMENT_LIKE,MODERATE,INCOMING,NEIGHBOR PRICE → YOUR DEMAND,74134,1.54,1.528,0.22603473296964025,10,4,2,10
FOODS_3,FOODS_3_202,FOODS_3_723,139,89,50,-0.30357217145855037,0.30357217145855037,COMPLEMENT_LIKE,MODERATE,INCOMING,NEIGHBOR PRICE → YOUR DEMAND,289170,1.54,1.524,0.2724308698247844,14,9,2,11
FOODS_3,FOODS_3_202,FOODS_3_491,136,86,50,-0.30063054707023684,0.30063054707023684,COMPLEMENT_LIKE,MODERATE,INCOMING,NEIGHBOR PRICE → YOUR DEMAND,199199,1.522,1.484,0.7514846316029966,13,7,2,12
FOODS_3,FOODS_3_219,FOODS_3_231,91,40,51,0.43124191679460866,0.43124191679460866,SUBSTITUTION_LIKE,STRONG,INCOMING,NEIGHBOR PRICE → YOUR DEMAND,67196,5.212000000000001,5.46,2.9024303739662183,20,14,1,1
FOODS_3,FOODS_3_219,FOODS_3_723,125,82,43,-0.4062461857601915,0.4062461857601915,COMPLEMENT_LIKE,STRONG,INCOMING,NEIGHBOR PRICE → YOUR DEMAND,289170,1.54,1.524,0.2724308698247844,14,9,1,2
FOODS_3,FOODS_3_219,FOODS_3_124,97,42,55,0.3858102563357253,0.3858102563357253,SUBSTITUTION_LIKE,MODERATE,INCOMING,NEIGHBOR PRICE → YOUR DEMAND,70025,5.212000000000001,5.452,2.8554300716516408,15,6,2,3
FOODS_3,FOODS_3_219,FOODS_3_753,94,41,53,0.3780159385268662,0.3780159385268662,SUBSTITUTION_LIKE,MODERATE,INCOMING,NEIGHBOR PRICE → YOUR DEMAND,58631,5.212000000000001,5.46,2.9895691100771082,19,7,2,4
FOODS_3,FOODS_3_219,FOODS_3_738,124,84,40,-0.33530534314997995,0.33530534314997995,COMPLEMENT_LIKE,MODERATE,INCOMING,NEIGHBOR PRICE → YOUR DEMAND,74134,1.54,1.528,0.22603473296964025,10,4,2,5
FOODS_3,FOODS_3_219,FOODS_3_090,137,86,51,-0.3292799487266801,0.3292799487266801,COMPLEMENT_LIKE,MODERATE,INCOMING,NEIGHBOR PRICE → YOUR DEMAND,1017916,1.522,1.502,0.8034918062283172,13,7,2,6
FOODS_3,FOODS_3_219,FOODS_3_491,121,82,39,-0.30810068316248373,0.30810068316248373,COMPLEMENT_LIKE,MODERATE,INCOMING,NEIGHBOR PRICE → YOUR DEMAND,199199,1.522,1.484,0.7514846316029966,13,7,2,7
FOODS_3,FOODS_3_224,FOODS_3_734,58,48,10,-0.5872453084489919,0.5872453084489919,COMPLEMENT_LIKE,STRONG,INCOMING,NEIGHBOR PRICE → YOUR DEMAND,99695,1.78,1.78,0.0,15,9,1,1
FOODS_3,FOODS_3_224,FOODS_3_090,131,69,62,-0.4326836162762789,0.4326836162762789,COMPLEMENT_LIKE,STRONG,OUTGOING,YOUR PRICE → NEIGHBOR DEMAND,1017916,1.522,1.502,0.8034918062283172,13,7,1,2
FOODS_3,FOODS_3_224,FOODS_3_491,130,69,61,-0.41501018301443054,0.41501018301443054,COMPLEMENT_LIKE,STRONG,OUTGOING,YOUR PRICE → NEIGHBOR DEMAND,199199,1.522,1.484,0.7514846316029966,13,7,1,3
FOODS_3,FOODS_3_224,FOODS_3_723,129,69,60,-0.4039877922702114,0.4039877922702114,COMPLEMENT_LIKE,STRONG,OUTGOING,YOUR PRICE → NEIGHBOR DEMAND,289170,1.54,1.524,0.2724308698247844,14,9,1,4
FOODS_3,FOODS_3_224,FOODS_3_274,126,66,60,-0.3812074112786168,0.3812074112786168,COMPLEMENT_LIKE,MODERATE,OUTGOING,YOUR PRICE → NEIGHBOR DEMAND,43997,1.54,1.52,0.7351279086583498,4,1,2,5
FOODS_3,FOODS_3_224,FOODS_3_727,41,22,19,0.3649411853318081,0.3649411853318081,SUBSTITUTION_LIKE,MODERATE,OUTGOING,YOUR PRICE → NEIGHBOR DEMAND,42864,3.9799999999999995,4.430000000000001,5.715828309969308,13,6,2,6
FOODS_3,FOODS_3_224,FOODS_3_086,78,43,35,0.3638564843926304,0.3638564843926304,SUBSTITUTION_LIKE,MODERATE,INCOMING,NEIGHBOR PRICE → YOUR DEMAND,124231,1.0,1.1,3.0974471586479426,16,3,2,7
FOODS_3,FOODS_3_224,FOODS_3_738,128,68,60,-0.36297582893015623,0.36297582893015623,COMPLEMENT_LIKE,MODERATE,OUTGOING,YOUR PRICE → NEIGHBOR DEMAND,74134,1.54,1.528,0.22603473296964025,10,4,2,8
FOODS_3,FOODS_3_224,FOODS_3_681,91,51,40,0.3303200662821277,0.3303200662821277,SUBSTITUTION_LIKE,MODERATE,INCOMING,NEIGHBOR PRICE → YOUR DEMAND,256134,1.0,1.15,1.719391868817898,15,2,2,9
FOODS_3,FOODS_3_231,FOODS_3_723,95,41,54,0.577336347098964,0.577336347098964,SUBSTITUTION_LIKE,STRONG,OUTGOING,YOUR PRICE → NEIGHBOR DEMAND,289170,1.54,1.524,0.2724308698247844,14,9,1,1
FOODS_3,FOODS_3_231,FOODS_3_090,95,41,54,0.566263769724686,0.566263769724686,SUBSTITUTION_LIKE,STRONG,OUTGOING,YOUR PRICE → NEIGHBOR DEMAND,1017916,1.522,1.502,0.8034918062283172,13,7,1,2
FOODS_3,FOODS_3_231,FOODS_3_295,90,37,53,0.5520191131605923,0.5520191131605923,SUBSTITUTION_LIKE,STRONG,OUTGOING,YOUR PRICE → NEIGHBOR DEMAND,205086,0.8,0.8,0.0,8,4,1,3
FOODS_3,FOODS_3_231,FOODS_3_406,89,39,50,0.543773275605483,0.543773275605483,SUBSTITUTION_LIKE,STRONG,OUTGOING,YOUR PRICE → NEIGHBOR DEMAND,143394,0.8,0.8,0.0,9,6,1,4
FOODS_3,FOODS_3_231,FOODS_3_491,95,41,54,0.5140490950234419,0.5140490950234419,SUBSTITUTION_LIKE,STRONG,OUTGOING,YOUR PRICE → NEIGHBOR DEMAND,199199,1.522,1.484,0.7514846316029966,13,7,1,5
FOODS_3,FOODS_3_231,FOODS_3_501,92,38,54,0.4986021845561004,0.4986021845561004,SUBSTITUTION_LIKE,STRONG,OUTGOING,YOUR PRICE → NEIGHBOR DEMAND,202850,0.8,0.8,0.0,7,4,1,6
FOODS_3,FOODS_3_231,FOODS_3_681,87,52,35,-0.46939331023181535,0.46939331023181535,COMPLEMENT_LIKE,STRONG,INCOMING,NEIGHBOR PRICE → YOUR DEMAND,256134,1.0,1.15,1.719391868817898,15,2,1,7
FOODS_3,FOODS_3_231,FOODS_3_318,94,40,54,0.46872387753915673,0.46872387753915673,SUBSTITUTION_LIKE,STRONG,OUTGOING,YOUR PRICE → NEIGHBOR DEMAND,264845,1.48,1.48,0.0,9,2,1,8
FOODS_3,FOODS_3_231,FOODS_3_086,75,44,31,-0.4520242367193745,0.4520242367193745,COMPLEMENT_LIKE,STRONG,INCOMING,NEIGHBOR PRICE → YOUR DEMAND,124231,1.0,1.1,3.0974471586479426,16,3,1,9
FOODS_3,FOODS_3_231,FOODS_3_348,85,34,51,0.4516814372763822,0.4516814372763822,SUBSTITUTION_LIKE,STRONG,OUTGOING,YOUR PRICE → NEIGHBOR DEMAND,110424,0.8,0.8,0.0,10,3,1,10
FOODS_3,FOODS_3_231,FOODS_3_219,91,40,51,0.43124191679460866,0.43124191679460866,SUBSTITUTION_LIKE,STRONG,OUTGOING,YOUR PRICE → NEIGHBOR DEMAND,86822,1.431,1.48,3.4468442163874733,7,2,1,11
FOODS_3,FOODS_3_231,FOODS_3_738,94,40,54,0.4136449958501851,0.4136449958501851,SUBSTITUTION_LIKE,STRONG,OUTGOING,YOUR PRICE → NEIGHBOR DEMAND,74134,1.54,1.528,0.22603473296964025,10,4,1,12
FOODS_3,FOODS_3_231,FOODS_3_339,87,33,54,0.4114618554645587,0.4114618554645587,SUBSTITUTION_LIKE,STRONG,OUTGOING,YOUR PRICE → NEIGHBOR DEMAND,57815,0.8,0.8,0.0,9,3,1,13
FOODS_3,FOODS_3_231,FOODS_3_133,89,35,54,0.40162422109921675,0.40162422109921675,SUBSTITUTION_LIKE,STRONG,OUTGOING,YOUR PRICE → NEIGHBOR DEMAND,91206,0.8,0.8,0.0,7,2,1,14
FOODS_3,FOODS_3_231,FOODS_3_785,74,31,43,-0.3519317083170351,0.3519317083170351,COMPLEMENT_LIKE,MODERATE,OUTGOING,YOUR PRICE → NEIGHBOR DEMAND,127067,3.0,3.0,0.0,5,1,2,15
FOODS_3,FOODS_3_231,FOODS_3_435,92,39,53,0.34550906037806006,0.34550906037806006,SUBSTITUTION_LIKE,MODERATE,OUTGOING,YOUR PRICE → NEIGHBOR DEMAND,101212,1.48,1.48,0.0,1,0,2,16
FOODS_3,FOODS_3_231,FOODS_3_808,89,37,52,-0.337881738030797,0.337881738030797,COMPLEMENT_LIKE,MODERATE,OUTGOING,YOUR PRICE → NEIGHBOR DEMAND,281888,0.958,0.9640000000000001,189.06926427416172,3,0,2,17
FOODS_3,FOODS_3_231,FOODS_3_285,92,39,53,0.33437832070356915,0.33437832070356915,SUBSTITUTION_LIKE,MODERATE,OUTGOING,YOUR PRICE → NEIGHBOR DEMAND,54076,1.2129999999999999,1.3279999999999998,6.00750730792519,6,0,2,18
FOODS_3,FOODS_3_231,FOODS_3_594,84,34,50,-0.3328443361955974,0.3328443361955974,COMPLEMENT_LIKE,MODERATE,OUTGOING,YOUR PRICE → NEIGHBOR DEMAND,67226,0.9400000000000001,0.9640000000000001,61.16521367134385,3,0,2,19
FOODS_3,FOODS_3_231,FOODS_3_030,94,40,54,0.3217168022147508,0.3217168022147508,SUBSTITUTION_LIKE,MODERATE,OUTGOING,YOUR PRICE → NEIGHBOR DEMAND,182547,1.342,1.3809999999999998,0.5113449034151669,9,0,2,20
FOODS_3,FOODS_3_257,FOODS_3_734,59,49,10,-0.5699658543131059,0.5699658543131059,COMPLEMENT_LIKE,STRONG,INCOMING,NEIGHBOR PRICE → YOUR DEMAND,99695,1.78,1.78,0.0,15,9,1,1
FOODS_3,FOODS_3_257,FOODS_3_090,120,65,55,-0.5135704943659134,0.5135704943659134,COMPLEMENT_LIKE,STRONG,OUTGOING,YOUR PRICE → NEIGHBOR DEMAND,1017916,1.522,1.502,0.8034918062283172,13,7,1,2
FOODS_3,FOODS_3_257,FOODS_3_723,118,65,53,-0.5031782553176131,0.5031782553176131,COMPLEMENT_LIKE,STRONG,OUTGOING,YOUR PRICE → NEIGHBOR DEMAND,289170,1.54,1.524,0.2724308698247844,14,9,1,3
FOODS_3,FOODS_3_257,FOODS_3_491,119,65,54,-0.49779778760333226,0.49779778760333226,COMPLEMENT_LIKE,STRONG,OUTGOING,YOUR PRICE → NEIGHBOR DEMAND,199199,1.522,1.484,0.7514846316029966,13,7,1,4
FOODS_3,FOODS_3_257,FOODS_3_274,115,63,52,-0.49494239277079827,0.49494239277079827,COMPLEMENT_LIKE,STRONG,OUTGOING,YOUR PRICE → NEIGHBOR DEMAND,43997,1.54,1.52,0.7351279086583498,4,1,1,5
FOODS_3,FOODS_3_257,FOODS_3_738,119,65,54,-0.44030924969014257,0.44030924969014257,COMPLEMENT_LIKE,STRONG,OUTGOING,YOUR PRICE → NEIGHBOR DEMAND,74134,1.54,1.528,0.22603473296964025,10,4,1,6
FOODS_3,FOODS_3_257,FOODS_3_681,124,69,55,-0.3743821792499374,0.3743821792499374,COMPLEMENT_LIKE,MODERATE,OUTGOING,YOUR PRICE → NEIGHBOR DEMAND,256134,1.0,1.15,1.719391868817898,15,2,2,7
FOODS_3,FOODS_3_257,FOODS_3_086,77,43,34,0.32897843448898156,0.32897843448898156,SUBSTITUTION_LIKE,MODERATE,INCOMING,NEIGHBOR PRICE → YOUR DEMAND,124231,1.0,1.1,3.0974471586479426,16,3,2,8
FOODS_3,FOODS_3_274,FOODS_3_257,115,63,52,-0.49494239277079827,0.49494239277079827,COMPLEMENT_LIKE,STRONG,INCOMING,NEIGHBOR PRICE → YOUR DEMAND,40397,3.9799999999999995,4.28,2.338099453358067,8,6,1,1
FOODS_3,FOODS_3_274,FOODS_3_727,116,59,57,-0.39381779895213465,0.39381779895213465,COMPLEMENT_LIKE,MODERATE,INCOMING,NEIGHBOR PRICE → YOUR DEMAND,42864,3.9799999999999995,4.430000000000001,5.715828309969308,13,6,2,2
FOODS_3,FOODS_3_274,FOODS_3_224,126,66,60,-0.3812074112786168,0.3812074112786168,COMPLEMENT_LIKE,MODERATE,INCOMING,NEIGHBOR PRICE → YOUR DEMAND,38420,3.9799999999999995,4.430000000000001,4.275087971354468,9,4,2,3
FOODS_3,FOODS_3_274,FOODS_3_753,93,39,54,0.3344336329661993,0.3344336329661993,SUBSTITUTION_LIKE,MODERATE,INCOMING,NEIGHBOR PRICE → YOUR DEMAND,58631,5.212000000000001,5.46,2.9895691100771082,19,7,2,4
FOODS_3,FOODS_3_281,FOODS_3_202,90,47,43,-0.5473508608116461,0.5473508608116461,COMPLEMENT_LIKE,STRONG,OUTGOING,YOUR PRICE → NEIGHBOR DEMAND,300529,4.354,4.538,5.4647069483600585,12,4,1,1
FOODS_3,FOODS_3_281,FOODS_3_136,93,48,45,-0.5439091817191374,0.5439091817191374,COMPLEMENT_LIKE,STRONG,OUTGOING,YOUR PRICE → NEIGHBOR DEMAND,102353,4.548,4.548,0.0,7,5,1,2
FOODS_3,FOODS_3_281,FOODS_3_704,90,47,43,-0.46846086768809403,0.46846086768809403,COMPLEMENT_LIKE,STRONG,OUTGOING,YOUR PRICE → NEIGHBOR DEMAND,73910,4.16,4.548,10.0258584898117,11,4,1,3
FOODS_3,FOODS_3_281,FOODS_3_115,92,46,46,-0.46059056643859525,0.46059056643859525,COMPLEMENT_LIKE,STRONG,OUTGOING,YOUR PRICE → NEIGHBOR DEMAND,29715,4.548,4.548,0.0,8,2,1,4
FOODS_3,FOODS_3_281,FOODS_3_727,101,55,46,-0.40671620278426684,0.40671620278426684,COMPLEMENT_LIKE,STRONG,INCOMING,NEIGHBOR PRICE → YOUR DEMAND,42864,3.9799999999999995,4.430000000000001,5.715828309969308,13,6,1,5
FOODS_3,FOODS_3_281,FOODS_3_734,59,49,10,-0.40223218893535195,0.40223218893535195,COMPLEMENT_LIKE,STRONG,INCOMING,NEIGHBOR PRICE → YOUR DEMAND,99695,1.78,1.78,0.0,15,9,1,6
FOODS_3,FOODS_3_281,FOODS_3_030,61,35,26,-0.3101271421638667,0.3101271421638667,COMPLEMENT_LIKE,MODERATE,OUTGOING,YOUR PRICE → NEIGHBOR DEMAND,182547,1.342,1.3809999999999998,0.5113449034151669,9,0,2,7
FOODS_3,FOODS_3_285,FOODS_3_727,103,57,46,-0.36436717787615985,0.36436717787615985,COMPLEMENT_LIKE,MODERATE,INCOMING,NEIGHBOR PRICE → YOUR DEMAND,42864,3.9799999999999995,4.430000000000001,5.715828309969308,13,6,2,1
FOODS_3,FOODS_3_285,FOODS_3_231,92,39,53,0.33437832070356915,0.33437832070356915,SUBSTITUTION_LIKE,MODERATE,INCOMING,NEIGHBOR PRICE → YOUR DEMAND,67196,5.212000000000001,5.46,2.9024303739662183,20,14,2,2
FOODS_3,FOODS_3_285,FOODS_3_124,98,42,56,0.3332871248629282,0.3332871248629282,SUBSTITUTION_LIKE,MODERATE,INCOMING,NEIGHBOR PRICE → YOUR DEMAND,70025,5.212000000000001,5.452,2.8554300716516408,15,6,2,3
FOODS_3,FOODS_3_285,FOODS_3_734,59,49,10,-0.3200471691178717,0.3200471691178717,COMPLEMENT_LIKE,MODERATE,INCOMING,NEIGHBOR PRICE → YOUR DEMAND,99695,1.78,1.78,0.0,15,9,2,4
FOODS_3,FOODS_3_285,FOODS_3_753,96,41,55,0.31387521803986757,0.31387521803986757,SUBSTITUTION_LIKE,MODERATE,INCOMING,NEIGHBOR PRICE → YOUR DEMAND,58631,5.212000000000001,5.46,2.9895691100771082,19,7,2,5
FOODS_3,FOODS_3_285,FOODS_3_704,105,56,49,-0.31114555322420245,0.31114555322420245,COMPLEMENT_LIKE,MODERATE,OUTGOING,YOUR PRICE → NEIGHBOR DEMAND,73910,4.16,4.548,10.0258584898117,11,4,2,6
FOODS_3,FOODS_3_295,FOODS_3_231,90,37,53,0.5520191131605923,0.5520191131605923,SUBSTITUTION_LIKE,STRONG,INCOMING,NEIGHBOR PRICE → YOUR DEMAND,67196,5.212000000000001,5.46,2.9024303739662183,20,14,1,1
FOODS_3,FOODS_3_295,FOODS_3_124,95,40,55,0.478410523088485,0.478410523088485,SUBSTITUTION_LIKE,STRONG,INCOMING,NEIGHBOR PRICE → YOUR DEMAND,70025,5.212000000000001,5.452,2.8554300716516408,15,6,1,2
FOODS_3,FOODS_3_295,FOODS_3_753,96,40,56,0.42895971282624307,0.42895971282624307,SUBSTITUTION_LIKE,STRONG,INCOMING,NEIGHBOR PRICE → YOUR DEMAND,58631,5.212000000000001,5.46,2.9895691100771082,19,7,1,3
FOODS_3,FOODS_3_295,FOODS_3_020,70,34,36,0.42787763898767117,0.42787763898767117,SUBSTITUTION_LIKE,STRONG,INCOMING,NEIGHBOR PRICE → YOUR DEMAND,60041,0.9399999999999998,1.0399999999999998,6.303625203168995,18,11,1,4
FOODS_3,FOODS_3_295,FOODS_3_734,50,41,9,-0.470244198881808,0.470244198881808,COMPLEMENT_LIKE,MODERATE,INCOMING,NEIGHBOR PRICE → YOUR DEMAND,99695,1.78,1.78,0.0,15,9,2,5
FOODS_3,FOODS_3_295,FOODS_3_755,71,36,35,0.39123647556928315,0.39123647556928315,SUBSTITUTION_LIKE,MODERATE,INCOMING,NEIGHBOR PRICE → YOUR DEMAND,94227,0.9399999999999998,1.02,1.7225887769348334,15,5,2,6
FOODS_3,FOODS_3_295,FOODS_3_783,95,40,55,0.36549202078265763,0.36549202078265763,SUBSTITUTION_LIKE,MODERATE,INCOMING,NEIGHBOR PRICE → YOUR DEMAND,63981,5.212000000000001,5.46,3.917959807383022,12,3,2,7
FOODS_3,FOODS_3_295,FOODS_3_727,124,62,62,0.32520340357022576,0.32520340357022576,SUBSTITUTION_LIKE,MODERATE,INCOMING,NEIGHBOR PRICE → YOUR DEMAND,42864,3.9799999999999995,4.430000000000001,5.715828309969308,13,6,2,8
FOODS_3,FOODS_3_318,FOODS_3_231,94,40,54,0.46872387753915673,0.46872387753915673,SUBSTITUTION_LIKE,STRONG,INCOMING,NEIGHBOR PRICE → YOUR DEMAND,67196,5.212000000000001,5.46,2.9024303739662183,20,14,1,1
FOODS_3,FOODS_3_318,FOODS_3_723,122,80,42,-0.42140735535230167,0.42140735535230167,COMPLEMENT_LIKE,STRONG,INCOMING,NEIGHBOR PRICE → YOUR DEMAND,289170,1.54,1.524,0.2724308698247844,14,9,1,2
FOODS_3,FOODS_3_318,FOODS_3_124,100,42,58,0.3956030885571902,0.3956030885571902,SUBSTITUTION_LIKE,MODERATE,INCOMING,NEIGHBOR PRICE → YOUR DEMAND,70025,5.212000000000001,5.452,2.8554300716516408,15,6,2,3
FOODS_3,FOODS_3_318,FOODS_3_090,136,85,51,-0.3572092883754248,0.3572092883754248,COMPLEMENT_LIKE,MODERATE,INCOMING,NEIGHBOR PRICE → YOUR DEMAND,1017916,1.522,1.502,0.8034918062283172,13,7,2,4
FOODS_3,FOODS_3_318,FOODS_3_753,97,41,56,0.35175744081424704,0.35175744081424704,SUBSTITUTION_LIKE,MODERATE,INCOMING,NEIGHBOR PRICE → YOUR DEMAND,58631,5.212000000000001,5.46,2.9895691100771082,19,7,2,5
FOODS_3,FOODS_3_318,FOODS_3_738,123,82,41,-0.34419128935184773,0.34419128935184773,COMPLEMENT_LIKE,MODERATE,INCOMING,NEIGHBOR PRICE → YOUR DEMAND,74134,1.54,1.528,0.22603473296964025,10,4,2,6
FOODS_3,FOODS_3_318,FOODS_3_491,120,82,38,-0.3362762128931263,0.3362762128931263,COMPLEMENT_LIKE,MODERATE,INCOMING,NEIGHBOR PRICE → YOUR DEMAND,199199,1.522,1.484,0.7514846316029966,13,7,2,7
FOODS_3,FOODS_3_318,FOODS_3_681,88,48,40,-0.32139980392255885,0.32139980392255885,COMPLEMENT_LIKE,MODERATE,INCOMING,NEIGHBOR PRICE → YOUR DEMAND,256134,1.0,1.15,1.719391868817898,15,2,2,8
FOODS_3,FOODS_3_318,FOODS_3_086,76,41,35,-0.3170525852958893,0.3170525852958893,COMPLEMENT_LIKE,MODERATE,INCOMING,NEIGHBOR PRICE → YOUR DEMAND,124231,1.0,1.1,3.0974471586479426,16,3,2,9
FOODS_3,FOODS_3_319,FOODS_3_020,77,35,42,-0.3639782316081932,0.3639782316081932,COMPLEMENT_LIKE,MODERATE,INCOMING,NEIGHBOR PRICE → YOUR DEMAND,60041,0.9399999999999998,1.0399999999999998,6.303625203168995,18,11,2,1
FOODS_3,FOODS_3_319,FOODS_3_753,95,39,56,-0.3325592496050698,0.3325592496050698,COMPLEMENT_LIKE,MODERATE,INCOMING,NEIGHBOR PRICE → YOUR DEMAND,58631,5.212000000000001,5.46,2.9895691100771082,19,7,2,2
FOODS_3,FOODS_3_319,FOODS_3_704,50,21,29,0.3008081599603776,0.3008081599603776,SUBSTITUTION_LIKE,MODERATE,OUTGOING,YOUR PRICE → NEIGHBOR DEMAND,73910,4.16,4.548,10.0258584898117,11,4,2,3
FOODS_3,FOODS_3_319,FOODS_3_785,42,15,27,0.3003511578400428,0.3003511578400428,SUBSTITUTION_LIKE,MODERATE,OUTGOING,YOUR PRICE → NEIGHBOR DEMAND,127067,3.0,3.0,0.0,5,1,2,4
FOODS_3,FOODS_3_324,FOODS_3_020,64,31,33,-0.41873359473488814,0.41873359473488814,COMPLEMENT_LIKE,STRONG,INCOMING,NEIGHBOR PRICE → YOUR DEMAND,60041,0.9399999999999998,1.0399999999999998,6.303625203168995,18,11,1,1
FOODS_3,FOODS_3_324,FOODS_3_755,66,33,33,-0.37051140064957777,0.37051140064957777,COMPLEMENT_LIKE,MODERATE,INCOMING,NEIGHBOR PRICE → YOUR DEMAND,94227,0.9399999999999998,1.02,1.7225887769348334,15,5,2,2
FOODS_3,FOODS_3_324,FOODS_3_124,84,36,48,-0.3326170996380477,0.3326170996380477,COMPLEMENT_LIKE,MODERATE,INCOMING,NEIGHBOR PRICE → YOUR DEMAND,70025,5.212000000000001,5.452,2.8554300716516408,15,6,2,3
FOODS_3,FOODS_3_339,FOODS_3_020,71,35,36,0.45396653187480956,0.45396653187480956,SUBSTITUTION_LIKE,STRONG,INCOMING,NEIGHBOR PRICE → YOUR DEMAND,60041,0.9399999999999998,1.0399999999999998,6.303625203168995,18,11,1,1
FOODS_3,FOODS_3_339,FOODS_3_231,87,33,54,0.4114618554645587,0.4114618554645587,SUBSTITUTION_LIKE,STRONG,INCOMING,NEIGHBOR PRICE → YOUR DEMAND,67196,5.212000000000001,5.46,2.9024303739662183,20,14,1,2
FOODS_3,FOODS_3_339,FOODS_3_755,69,36,33,0.4025130934116957,0.4025130934116957,SUBSTITUTION_LIKE,STRONG,INCOMING,NEIGHBOR PRICE → YOUR DEMAND,94227,0.9399999999999998,1.02,1.7225887769348334,15,5,1,3
FOODS_3,FOODS_3_339,FOODS_3_734,59,49,10,-0.3702425141337933,0.3702425141337933,COMPLEMENT_LIKE,MODERATE,INCOMING,NEIGHBOR PRICE → YOUR DEMAND,99695,1.78,1.78,0.0,15,9,2,4
FOODS_3,FOODS_3_339,FOODS_3_355,78,37,41,0.35227904065764504,0.35227904065764504,SUBSTITUTION_LIKE,MODERATE,INCOMING,NEIGHBOR PRICE → YOUR DEMAND,47919,0.9399999999999998,1.0399999999999998,4.261122978026966,3,0,2,5
FOODS_3,FOODS_3_339,FOODS_3_124,91,35,56,0.32585506009685017,0.32585506009685017,SUBSTITUTION_LIKE,MODERATE,INCOMING,NEIGHBOR PRICE → YOUR DEMAND,70025,5.212000000000001,5.452,2.8554300716516408,15,6,2,6
FOODS_3,FOODS_3_339,FOODS_3_783,91,35,56,0.3106812963653106,0.3106812963653106,SUBSTITUTION_LIKE,MODERATE,INCOMING,NEIGHBOR PRICE → YOUR DEMAND,63981,5.212000000000001,5.46,3.917959807383022,12,3,2,7
FOODS_3,FOODS_3_339,FOODS_3_681,87,49,38,0.30594178283494794,0.30594178283494794,SUBSTITUTION_LIKE,MODERATE,INCOMING,NEIGHBOR PRICE → YOUR DEMAND,256134,1.0,1.15,1.719391868817898,15,2,2,8
FOODS_3,FOODS_3_339,FOODS_3_541,64,27,37,0.303950382137624,0.303950382137624,SUBSTITUTION_LIKE,MODERATE,INCOMING,NEIGHBOR PRICE → YOUR DEMAND,272632,0.915,0.9640000000000001,157.00594263275397,2,0,2,9
FOODS_3,FOODS_3_348,FOODS_3_020,69,35,34,0.46475832602894146,0.46475832602894146,SUBSTITUTION_LIKE,STRONG,INCOMING,NEIGHBOR PRICE → YOUR DEMAND,60041,0.9399999999999998,1.0399999999999998,6.303625203168995,18,11,1,1
FOODS_3,FOODS_3_348,FOODS_3_231,85,34,51,0.4516814372763822,0.4516814372763822,SUBSTITUTION_LIKE,STRONG,INCOMING,NEIGHBOR PRICE → YOUR DEMAND,67196,5.212000000000001,5.46,2.9024303739662183,20,14,1,2
FOODS_3,FOODS_3_348,FOODS_3_734,59,49,10,-0.4089647295530888,0.4089647295530888,COMPLEMENT_LIKE,STRONG,INCOMING,NEIGHBOR PRICE → YOUR DEMAND,99695,1.78,1.78,0.0,15,9,1,3
FOODS_3,FOODS_3_348,FOODS_3_755,72,37,35,0.3989499228776231,0.3989499228776231,SUBSTITUTION_LIKE,MODERATE,INCOMING,NEIGHBOR PRICE → YOUR DEMAND,94227,0.9399999999999998,1.02,1.7225887769348334,15,5,2,4
FOODS_3,FOODS_3_348,FOODS_3_124,88,35,53,0.3685828936966873,0.3685828936966873,SUBSTITUTION_LIKE,MODERATE,INCOMING,NEIGHBOR PRICE → YOUR DEMAND,70025,5.212000000000001,5.452,2.8554300716516408,15,6,2,5
FOODS_3,FOODS_3_348,FOODS_3_753,89,36,53,0.3641594088663528,0.3641594088663528,SUBSTITUTION_LIKE,MODERATE,INCOMING,NEIGHBOR PRICE → YOUR DEMAND,58631,5.212000000000001,5.46,2.9895691100771082,19,7,2,6
FOODS_3,FOODS_3_348,FOODS_3_086,74,41,33,0.3218737097986777,0.3218737097986777,SUBSTITUTION_LIKE,MODERATE,INCOMING,NEIGHBOR PRICE → YOUR DEMAND,124231,1.0,1.1,3.0974471586479426,16,3,2,7
FOODS_3,FOODS_3_348,FOODS_3_355,78,37,41,0.310251319726475,0.310251319726475,SUBSTITUTION_LIKE,MODERATE,INCOMING,NEIGHBOR PRICE → YOUR DEMAND,47919,0.9399999999999998,1.0399999999999998,4.261122978026966,3,0,2,8
FOODS_3,FOODS_3_348,FOODS_3_351,88,45,43,0.3091773964411574,0.3091773964411574,SUBSTITUTION_LIKE,MODERATE,INCOMING,NEIGHBOR PRICE → YOUR DEMAND,79784,0.9399999999999998,0.9799999999999999,1.7581875450597273,4,0,2,9
FOODS_3,FOODS_3_348,FOODS_3_783,88,34,54,0.30059405522681837,0.30059405522681837,SUBSTITUTION_LIKE,MODERATE,INCOMING,NEIGHBOR PRICE → YOUR DEMAND,63981,5.212000000000001,5.46,3.917959807383022,12,3,2,10
FOODS_3,FOODS_3_351,FOODS_3_578,76,36,40,-0.3386407809095142,0.3386407809095142,COMPLEMENT_LIKE,MODERATE,OUTGOING,YOUR PRICE → NEIGHBOR DEMAND,44205,3.0,2.95,1.488947527505101,3,1,2,1
FOODS_3,FOODS_3_351,FOODS_3_115,89,39,50,0.3203059322362093,0.3203059322362093,SUBSTITUTION_LIKE,MODERATE,OUTGOING,YOUR PRICE → NEIGHBOR DEMAND,29715,4.548,4.548,0.0,8,2,2,2
FOODS_3,FOODS_3_351,FOODS_3_406,86,41,45,0.317872265580395,0.317872265580395,SUBSTITUTION_LIKE,MODERATE,OUTGOING,YOUR PRICE → NEIGHBOR DEMAND,143394,0.8,0.8,0.0,9,6,2,3
FOODS_3,FOODS_3_351,FOODS_3_348,88,45,43,0.3091773964411574,0.3091773964411574,SUBSTITUTION_LIKE,MODERATE,OUTGOING,YOUR PRICE → NEIGHBOR DEMAND,110424,0.8,0.8,0.0,10,3,2,4
FOODS_3,FOODS_3_355,FOODS_3_339,78,37,41,0.35227904065764504,0.35227904065764504,SUBSTITUTION_LIKE,MODERATE,OUTGOING,YOUR PRICE → NEIGHBOR DEMAND,57815,0.8,0.8,0.0,9,3,2,1
FOODS_3,FOODS_3_355,FOODS_3_406,76,37,39,0.31490923286218026,0.31490923286218026,SUBSTITUTION_LIKE,MODERATE,OUTGOING,YOUR PRICE → NEIGHBOR DEMAND,143394,0.8,0.8,0.0,9,6,2,2
FOODS_3,FOODS_3_355,FOODS_3_348,78,37,41,0.310251319726475,0.310251319726475,SUBSTITUTION_LIKE,MODERATE,OUTGOING,YOUR PRICE → NEIGHBOR DEMAND,110424,0.8,0.8,0.0,10,3,2,3
FOODS_3,FOODS_3_406,FOODS_3_231,89,39,50,0.543773275605483,0.543773275605483,SUBSTITUTION_LIKE,STRONG,INCOMING,NEIGHBOR PRICE → YOUR DEMAND,67196,5.212000000000001,5.46,2.9024303739662183,20,14,1,1
FOODS_3,FOODS_3_406,FOODS_3_124,95,42,53,0.4637737914322387,0.4637737914322387,SUBSTITUTION_LIKE,STRONG,INCOMING,NEIGHBOR PRICE → YOUR DEMAND,70025,5.212000000000001,5.452,2.8554300716516408,15,6,1,2
FOODS_3,FOODS_3_406,FOODS_3_020,64,32,32,0.4618209811472377,0.4618209811472377,SUBSTITUTION_LIKE,STRONG,INCOMING,NEIGHBOR PRICE → YOUR DEMAND,60041,0.9399999999999998,1.0399999999999998,6.303625203168995,18,11,1,3
FOODS_3,FOODS_3_406,FOODS_3_753,93,41,52,0.41602136583098964,0.41602136583098964,SUBSTITUTION_LIKE,STRONG,INCOMING,NEIGHBOR PRICE → YOUR DEMAND,58631,5.212000000000001,5.46,2.9895691100771082,19,7,1,4
FOODS_3,FOODS_3_406,FOODS_3_734,51,41,10,-0.415786244884085,0.415786244884085,COMPLEMENT_LIKE,STRONG,INCOMING,NEIGHBOR PRICE → YOUR DEMAND,99695,1.78,1.78,0.0,15,9,1,5
FOODS_3,FOODS_3_406,FOODS_3_755,70,36,34,0.41441370143533857,0.41441370143533857,SUBSTITUTION_LIKE,STRONG,INCOMING,NEIGHBOR PRICE → YOUR DEMAND,94227,0.9399999999999998,1.02,1.7225887769348334,15,5,1,6
FOODS_3,FOODS_3_406,FOODS_3_783,93,41,52,0.3788297107196436,0.3788297107196436,SUBSTITUTION_LIKE,MODERATE,INCOMING,NEIGHBOR PRICE → YOUR DEMAND,63981,5.212000000000001,5.46,3.917959807383022,12,3,2,7
FOODS_3,FOODS_3_406,FOODS_3_351,86,41,45,0.317872265580395,0.317872265580395,SUBSTITUTION_LIKE,MODERATE,INCOMING,NEIGHBOR PRICE → YOUR DEMAND,79784,0.9399999999999998,0.9799999999999999,1.7581875450597273,4,0,2,8
FOODS_3,FOODS_3_406,FOODS_3_355,76,37,39,0.31490923286218026,0.31490923286218026,SUBSTITUTION_LIKE,MODERATE,INCOMING,NEIGHBOR PRICE → YOUR DEMAND,47919,0.9399999999999998,1.0399999999999998,4.261122978026966,3,0,2,9
FOODS_3,FOODS_3_432,FOODS_3_734,58,48,10,-0.516429786521062,0.516429786521062,COMPLEMENT_LIKE,STRONG,INCOMING,NEIGHBOR PRICE → YOUR DEMAND,99695,1.78,1.78,0.0,15,9,1,1
FOODS_3,FOODS_3_432,FOODS_3_681,90,50,40,0.33984101997644206,0.33984101997644206,SUBSTITUTION_LIKE,MODERATE,INCOMING,NEIGHBOR PRICE → YOUR DEMAND,256134,1.0,1.15,1.719391868817898,15,2,2,2
FOODS_3,FOODS_3_432,FOODS_3_723,144,76,68,-0.3251718985198637,0.3251718985198637,COMPLEMENT_LIKE,MODERATE,OUTGOING,YOUR PRICE → NEIGHBOR DEMAND,289170,1.54,1.524,0.2724308698247844,14,9,2,3
FOODS_3,FOODS_3_432,FOODS_3_491,145,76,69,-0.3009650606411788,0.3009650606411788,COMPLEMENT_LIKE,MODERATE,OUTGOING,YOUR PRICE → NEIGHBOR DEMAND,199199,1.522,1.484,0.7514846316029966,13,7,2,4
FOODS_3,FOODS_3_432,FOODS_3_090,147,76,71,-0.3002379381140047,0.3002379381140047,COMPLEMENT_LIKE,MODERATE,OUTGOING,YOUR PRICE → NEIGHBOR DEMAND,1017916,1.522,1.502,0.8034918062283172,13,7,2,5
FOODS_3,FOODS_3_435,FOODS_3_231,92,39,53,0.34550906037806006,0.34550906037806006,SUBSTITUTION_LIKE,MODERATE,INCOMING,NEIGHBOR PRICE → YOUR DEMAND,67196,5.212000000000001,5.46,2.9024303739662183,20,14,2,1
FOODS_3,FOODS_3_491,FOODS_3_231,95,41,54,0.5140490950234419,0.5140490950234419,SUBSTITUTION_LIKE,STRONG,INCOMING,NEIGHBOR PRICE → YOUR DEMAND,67196,5.212000000000001,5.46,2.9024303739662183,20,14,1,1
FOODS_3,FOODS_3_491,FOODS_3_090,41,17,24,-0.510296114234043,0.510296114234043,COMPLEMENT_LIKE,STRONG,INCOMING,NEIGHBOR PRICE → YOUR DEMAND,1017916,1.522,1.502,0.8034918062283172,13,7,1,2
FOODS_3,FOODS_3_491,FOODS_3_257,119,65,54,-0.49779778760333226,0.49779778760333226,COMPLEMENT_LIKE,STRONG,INCOMING,NEIGHBOR PRICE → YOUR DEMAND,40397,3.9799999999999995,4.28,2.338099453358067,8,6,1,3
FOODS_3,FOODS_3_491,FOODS_3_727,120,61,59,-0.49055359551429706,0.49055359551429706,COMPLEMENT_LIKE,STRONG,INCOMING,NEIGHBOR PRICE → YOUR DEMAND,42864,3.9799999999999995,4.430000000000001,5.715828309969308,13,6,1,4
FOODS_3,FOODS_3_491,FOODS_3_124,100,43,57,0.46781957680811614,0.46781957680811614,SUBSTITUTION_LIKE,STRONG,INCOMING,NEIGHBOR PRICE → YOUR DEMAND,70025,5.212000000000001,5.452,2.8554300716516408,15,6,1,5
FOODS_3,FOODS_3_491,FOODS_3_753,98,42,56,0.4406458117987696,0.4406458117987696,SUBSTITUTION_LIKE,STRONG,INCOMING,NEIGHBOR PRICE → YOUR DEMAND,58631,5.212000000000001,5.46,2.9895691100771082,19,7,1,6
FOODS_3,FOODS_3_491,FOODS_3_224,130,69,61,-0.41501018301443054,0.41501018301443054,COMPLEMENT_LIKE,STRONG,INCOMING,NEIGHBOR PRICE → YOUR DEMAND,38420,3.9799999999999995,4.430000000000001,4.275087971354468,9,4,1,7
FOODS_3,FOODS_3_491,FOODS_3_783,99,41,58,0.3514996804946117,0.3514996804946117,SUBSTITUTION_LIKE,MODERATE,INCOMING,NEIGHBOR PRICE → YOUR DEMAND,63981,5.212000000000001,5.46,3.917959807383022,12,3,2,8
FOODS_3,FOODS_3_491,FOODS_3_318,120,82,38,-0.3362762128931263,0.3362762128931263,COMPLEMENT_LIKE,MODERATE,OUTGOING,YOUR PRICE → NEIGHBOR DEMAND,264845,1.48,1.48,0.0,9,2,2,9
FOODS_3,FOODS_3_491,FOODS_3_219,121,82,39,-0.30810068316248373,0.30810068316248373,COMPLEMENT_LIKE,MODERATE,OUTGOING,YOUR PRICE → NEIGHBOR DEMAND,86822,1.431,1.48,3.4468442163874733,7,2,2,10
FOODS_3,FOODS_3_491,FOODS_3_704,140,91,49,-0.30156116486285633,0.30156116486285633,COMPLEMENT_LIKE,MODERATE,OUTGOING,YOUR PRICE → NEIGHBOR DEMAND,73910,4.16,4.548,10.0258584898117,11,4,2,11
FOODS_3,FOODS_3_491,FOODS_3_432,145,76,69,-0.3009650606411788,0.3009650606411788,COMPLEMENT_LIKE,MODERATE,INCOMING,NEIGHBOR PRICE → YOUR DEMAND,35368,3.9799999999999995,4.430000000000001,5.583794691712483,5,1,2,12
FOODS_3,FOODS_3_491,FOODS_3_202,136,86,50,-0.30063054707023684,0.30063054707023684,COMPLEMENT_LIKE,MODERATE,OUTGOING,YOUR PRICE → NEIGHBOR DEMAND,300529,4.354,4.538,5.4647069483600585,12,4,2,13
FOODS_3,FOODS_3_501,FOODS_3_231,92,38,54,0.4986021845561004,0.4986021845561004,SUBSTITUTION_LIKE,STRONG,INCOMING,NEIGHBOR PRICE → YOUR DEMAND,67196,5.212000000000001,5.46,2.9024303739662183,20,14,1,1
FOODS_3,FOODS_3_501,FOODS_3_734,51,41,10,-0.47938455829690263,0.47938455829690263,COMPLEMENT_LIKE,STRONG,INCOMING,NEIGHBOR PRICE → YOUR DEMAND,99695,1.78,1.78,0.0,15,9,1,2
FOODS_3,FOODS_3_501,FOODS_3_020,68,32,36,0.44072177478618574,0.44072177478618574,SUBSTITUTION_LIKE,STRONG,INCOMING,NEIGHBOR PRICE → YOUR DEMAND,60041,0.9399999999999998,1.0399999999999998,6.303625203168995,18,11,1,3
FOODS_3,FOODS_3_501,FOODS_3_124,97,41,56,0.4406573294394386,0.4406573294394386,SUBSTITUTION_LIKE,STRONG,INCOMING,NEIGHBOR PRICE → YOUR DEMAND,70025,5.212000000000001,5.452,2.8554300716516408,15,6,1,4
FOODS_3,FOODS_3_501,FOODS_3_753,97,41,56,0.39284324258028275,0.39284324258028275,SUBSTITUTION_LIKE,MODERATE,INCOMING,NEIGHBOR PRICE → YOUR DEMAND,58631,5.212000000000001,5.46,2.9895691100771082,19,7,2,5
FOODS_3,FOODS_3_501,FOODS_3_755,72,35,37,0.3887338542451658,0.3887338542451658,SUBSTITUTION_LIKE,MODERATE,INCOMING,NEIGHBOR PRICE → YOUR DEMAND,94227,0.9399999999999998,1.02,1.7225887769348334,15,5,2,6
FOODS_3,FOODS_3_501,FOODS_3_783,97,40,57,0.35522433281224497,0.35522433281224497,SUBSTITUTION_LIKE,MODERATE,INCOMING,NEIGHBOR PRICE → YOUR DEMAND,63981,5.212000000000001,5.46,3.917959807383022,12,3,2,7
FOODS_3,FOODS_3_541,FOODS_3_339,64,27,37,0.303950382137624,0.303950382137624,SUBSTITUTION_LIKE,MODERATE,OUTGOING,YOUR PRICE → NEIGHBOR DEMAND,57815,0.8,0.8,0.0,9,3,2,1
FOODS_3,FOODS_3_541,FOODS_3_755,75,37,38,-0.30037611931214214,0.30037611931214214,COMPLEMENT_LIKE,MODERATE,INCOMING,NEIGHBOR PRICE → YOUR DEMAND,94227,0.9399999999999998,1.02,1.7225887769348334,15,5,2,2
FOODS_3,FOODS_3_547,FOODS_3_086,79,44,35,0.3206993776634014,0.3206993776634014,SUBSTITUTION_LIKE,MODERATE,INCOMING,NEIGHBOR PRICE → YOUR DEMAND,124231,1.0,1.1,3.0974471586479426,16,3,2,1
FOODS_3,FOODS_3_578,FOODS_3_020,61,30,31,-0.4096818803879659,0.4096818803879659,COMPLEMENT_LIKE,STRONG,INCOMING,NEIGHBOR PRICE → YOUR DEMAND,60041,0.9399999999999998,1.0399999999999998,6.303625203168995,18,11,1,1
FOODS_3,FOODS_3_578,FOODS_3_755,64,32,32,-0.3452847078097279,0.3452847078097279,COMPLEMENT_LIKE,MODERATE,INCOMING,NEIGHBOR PRICE → YOUR DEMAND,94227,0.9399999999999998,1.02,1.7225887769348334,15,5,2,2
FOODS_3,FOODS_3_578,FOODS_3_351,76,36,40,-0.3386407809095142,0.3386407809095142,COMPLEMENT_LIKE,MODERATE,INCOMING,NEIGHBOR PRICE → YOUR DEMAND,79784,0.9399999999999998,0.9799999999999999,1.7581875450597273,4,0,2,3
FOODS_3,FOODS_3_594,FOODS_3_231,84,34,50,-0.3328443361955974,0.3328443361955974,COMPLEMENT_LIKE,MODERATE,INCOMING,NEIGHBOR PRICE → YOUR DEMAND,67196,5.212000000000001,5.46,2.9024303739662183,20,14,2,1
FOODS_3,FOODS_3_594,FOODS_3_753,88,36,52,-0.3237987278088016,0.3237987278088016,COMPLEMENT_LIKE,MODERATE,INCOMING,NEIGHBOR PRICE → YOUR DEMAND,58631,5.212000000000001,5.46,2.9895691100771082,19,7,2,2
FOODS_3,FOODS_3_594,FOODS_3_020,73,33,40,-0.31622979415136376,0.31622979415136376,COMPLEMENT_LIKE,MODERATE,INCOMING,NEIGHBOR PRICE → YOUR DEMAND,60041,0.9399999999999998,1.0399999999999998,6.303625203168995,18,11,2,3
FOODS_3,FOODS_3_635,FOODS_3_020,75,35,40,-0.30389697073918126,0.30389697073918126,COMPLEMENT_LIKE,MODERATE,INCOMING,NEIGHBOR PRICE → YOUR DEMAND,60041,0.9399999999999998,1.0399999999999998,6.303625203168995,18,11,2,1
FOODS_3,FOODS_3_681,FOODS_3_783,86,52,34,-0.4877157827961123,0.4877157827961123,COMPLEMENT_LIKE,STRONG,OUTGOING,YOUR PRICE → NEIGHBOR DEMAND,63981,5.212000000000001,5.46,3.917959807383022,12,3,1,1
FOODS_3,FOODS_3_681,FOODS_3_231,87,52,35,-0.46939331023181535,0.46939331023181535,COMPLEMENT_LIKE,STRONG,OUTGOING,YOUR PRICE → NEIGHBOR DEMAND,67196,5.212000000000001,5.46,2.9024303739662183,20,14,1,2
FOODS_3,FOODS_3_681,FOODS_3_136,85,47,38,-0.3832899137780741,0.3832899137780741,COMPLEMENT_LIKE,MODERATE,OUTGOING,YOUR PRICE → NEIGHBOR DEMAND,102353,4.548,4.548,0.0,7,5,2,3
FOODS_3,FOODS_3_681,FOODS_3_257,124,69,55,-0.3743821792499374,0.3743821792499374,COMPLEMENT_LIKE,MODERATE,INCOMING,NEIGHBOR PRICE → YOUR DEMAND,40397,3.9799999999999995,4.28,2.338099453358067,8,6,2,4
FOODS_3,FOODS_3_681,FOODS_3_030,88,48,40,0.37018415788311376,0.37018415788311376,SUBSTITUTION_LIKE,MODERATE,OUTGOING,YOUR PRICE → NEIGHBOR DEMAND,182547,1.342,1.3809999999999998,0.5113449034151669,9,0,2,5
FOODS_3,FOODS_3_681,FOODS_3_822,89,51,38,0.3676165045737815,0.3676165045737815,SUBSTITUTION_LIKE,MODERATE,OUTGOING,YOUR PRICE → NEIGHBOR DEMAND,58903,3.9799999999999995,4.430000000000001,5.142046925314025,5,1,2,6
FOODS_3,FOODS_3_681,FOODS_3_727,124,63,61,-0.36285232894918495,0.36285232894918495,COMPLEMENT_LIKE,MODERATE,INCOMING,NEIGHBOR PRICE → YOUR DEMAND,42864,3.9799999999999995,4.430000000000001,5.715828309969308,13,6,2,7
FOODS_3,FOODS_3_681,FOODS_3_704,86,48,38,-0.3594017733144536,0.3594017733144536,COMPLEMENT_LIKE,MODERATE,OUTGOING,YOUR PRICE → NEIGHBOR DEMAND,73910,4.16,4.548,10.0258584898117,11,4,2,8
FOODS_3,FOODS_3_681,FOODS_3_202,84,47,37,-0.3502099212863388,0.3502099212863388,COMPLEMENT_LIKE,MODERATE,OUTGOING,YOUR PRICE → NEIGHBOR DEMAND,300529,4.354,4.538,5.4647069483600585,12,4,2,9
FOODS_3,FOODS_3_681,FOODS_3_115,85,47,38,-0.3456318053624332,0.3456318053624332,COMPLEMENT_LIKE,MODERATE,OUTGOING,YOUR PRICE → NEIGHBOR DEMAND,29715,4.548,4.548,0.0,8,2,2,10
FOODS_3,FOODS_3_681,FOODS_3_753,86,52,34,-0.3437725391660579,0.3437725391660579,COMPLEMENT_LIKE,MODERATE,OUTGOING,YOUR PRICE → NEIGHBOR DEMAND,58631,5.212000000000001,5.46,2.9895691100771082,19,7,2,11
FOODS_3,FOODS_3_681,FOODS_3_432,90,50,40,0.33984101997644206,0.33984101997644206,SUBSTITUTION_LIKE,MODERATE,OUTGOING,YOUR PRICE → NEIGHBOR DEMAND,35368,3.9799999999999995,4.430000000000001,5.583794691712483,5,1,2,12
FOODS_3,FOODS_3_681,FOODS_3_224,91,51,40,0.3303200662821277,0.3303200662821277,SUBSTITUTION_LIKE,MODERATE,OUTGOING,YOUR PRICE → NEIGHBOR DEMAND,38420,3.9799999999999995,4.430000000000001,4.275087971354468,9,4,2,13
FOODS_3,FOODS_3_681,FOODS_3_318,88,48,40,-0.32139980392255885,0.32139980392255885,COMPLEMENT_LIKE,MODERATE,OUTGOING,YOUR PRICE → NEIGHBOR DEMAND,264845,1.48,1.48,0.0,9,2,2,14
FOODS_3,FOODS_3_681,FOODS_3_339,87,49,38,0.30594178283494794,0.30594178283494794,SUBSTITUTION_LIKE,MODERATE,OUTGOING,YOUR PRICE → NEIGHBOR DEMAND,57815,0.8,0.8,0.0,9,3,2,15
FOODS_3,FOODS_3_704,FOODS_3_281,90,47,43,-0.46846086768809403,0.46846086768809403,COMPLEMENT_LIKE,STRONG,INCOMING,NEIGHBOR PRICE → YOUR DEMAND,179140,1.25,1.3419999999999999,4.875086617086171,7,6,1,1
FOODS_3,FOODS_3_704,FOODS_3_020,69,29,40,0.4495648464647962,0.4495648464647962,SUBSTITUTION_LIKE,STRONG,INCOMING,NEIGHBOR PRICE → YOUR DEMAND,60041,0.9399999999999998,1.0399999999999998,6.303625203168995,18,11,1,2
FOODS_3,FOODS_3_704,FOODS_3_755,71,29,42,0.4218886917174884,0.4218886917174884,SUBSTITUTION_LIKE,STRONG,INCOMING,NEIGHBOR PRICE → YOUR DEMAND,94227,0.9399999999999998,1.02,1.7225887769348334,15,5,1,3
FOODS_3,FOODS_3_704,FOODS_3_769,83,44,39,-0.4186462501384286,0.4186462501384286,COMPLEMENT_LIKE,STRONG,INCOMING,NEIGHBOR PRICE → YOUR DEMAND,75137,1.25,1.3279999999999998,2.7889277764026423,9,4,1,4
FOODS_3,FOODS_3_704,FOODS_3_202,55,27,28,0.36145125848177856,0.36145125848177856,SUBSTITUTION_LIKE,MODERATE,OUTGOING,YOUR PRICE → NEIGHBOR DEMAND,300529,4.354,4.538,5.4647069483600585,12,4,2,5
FOODS_3,FOODS_3_704,FOODS_3_681,86,48,38,-0.3594017733144536,0.3594017733144536,COMPLEMENT_LIKE,MODERATE,INCOMING,NEIGHBOR PRICE → YOUR DEMAND,256134,1.0,1.15,1.719391868817898,15,2,2,6
FOODS_3,FOODS_3_704,FOODS_3_086,74,40,34,-0.3565283243918021,0.3565283243918021,COMPLEMENT_LIKE,MODERATE,INCOMING,NEIGHBOR PRICE → YOUR DEMAND,124231,1.0,1.1,3.0974471586479426,16,3,2,7
FOODS_3,FOODS_3_704,FOODS_3_723,137,88,49,-0.3418424307905085,0.3418424307905085,COMPLEMENT_LIKE,MODERATE,INCOMING,NEIGHBOR PRICE → YOUR DEMAND,289170,1.54,1.524,0.2724308698247844,14,9,2,8
FOODS_3,FOODS_3_704,FOODS_3_285,105,56,49,-0.31114555322420245,0.31114555322420245,COMPLEMENT_LIKE,MODERATE,INCOMING,NEIGHBOR PRICE → YOUR DEMAND,54076,1.2129999999999999,1.3279999999999998,6.00750730792519,6,0,2,9
FOODS_3,FOODS_3_704,FOODS_3_491,140,91,49,-0.30156116486285633,0.30156116486285633,COMPLEMENT_LIKE,MODERATE,INCOMING,NEIGHBOR PRICE → YOUR DEMAND,199199,1.522,1.484,0.7514846316029966,13,7,2,10
FOODS_3,FOODS_3_704,FOODS_3_319,50,21,29,0.3008081599603776,0.3008081599603776,SUBSTITUTION_LIKE,MODERATE,INCOMING,NEIGHBOR PRICE → YOUR DEMAND,208363,0.9400000000000001,0.9640000000000001,52.956237551409046,4,0,2,11
FOODS_3,FOODS_3_723,FOODS_3_231,95,41,54,0.577336347098964,0.577336347098964,SUBSTITUTION_LIKE,STRONG,INCOMING,NEIGHBOR PRICE → YOUR DEMAND,67196,5.212000000000001,5.46,2.9024303739662183,20,14,1,1
FOODS_3,FOODS_3_723,FOODS_3_124,100,43,57,0.5466703398105868,0.5466703398105868,SUBSTITUTION_LIKE,STRONG,INCOMING,NEIGHBOR PRICE → YOUR DEMAND,70025,5.212000000000001,5.452,2.8554300716516408,15,6,1,2
FOODS_3,FOODS_3_723,FOODS_3_257,118,65,53,-0.5031782553176131,0.5031782553176131,COMPLEMENT_LIKE,STRONG,INCOMING,NEIGHBOR PRICE → YOUR DEMAND,40397,3.9799999999999995,4.28,2.338099453358067,8,6,1,3
FOODS_3,FOODS_3_723,FOODS_3_727,119,61,58,-0.4721227175990495,0.4721227175990495,COMPLEMENT_LIKE,STRONG,INCOMING,NEIGHBOR PRICE → YOUR DEMAND,42864,3.9799999999999995,4.430000000000001,5.715828309969308,13,6,1,4
FOODS_3,FOODS_3_723,FOODS_3_753,97,41,56,0.46957289861141377,0.46957289861141377,SUBSTITUTION_LIKE,STRONG,INCOMING,NEIGHBOR PRICE → YOUR DEMAND,58631,5.212000000000001,5.46,2.9895691100771082,19,7,1,5
FOODS_3,FOODS_3_723,FOODS_3_318,122,80,42,-0.42140735535230167,0.42140735535230167,COMPLEMENT_LIKE,STRONG,OUTGOING,YOUR PRICE → NEIGHBOR DEMAND,264845,1.48,1.48,0.0,9,2,1,6
FOODS_3,FOODS_3_723,FOODS_3_219,125,82,43,-0.4062461857601915,0.4062461857601915,COMPLEMENT_LIKE,STRONG,OUTGOING,YOUR PRICE → NEIGHBOR DEMAND,86822,1.431,1.48,3.4468442163874733,7,2,1,7
FOODS_3,FOODS_3_723,FOODS_3_224,129,69,60,-0.4039877922702114,0.4039877922702114,COMPLEMENT_LIKE,STRONG,INCOMING,NEIGHBOR PRICE → YOUR DEMAND,38420,3.9799999999999995,4.430000000000001,4.275087971354468,9,4,1,8
FOODS_3,FOODS_3_723,FOODS_3_783,99,41,58,0.4017374097015969,0.4017374097015969,SUBSTITUTION_LIKE,STRONG,INCOMING,NEIGHBOR PRICE → YOUR DEMAND,63981,5.212000000000001,5.46,3.917959807383022,12,3,1,9
FOODS_3,FOODS_3_723,FOODS_3_704,137,88,49,-0.3418424307905085,0.3418424307905085,COMPLEMENT_LIKE,MODERATE,OUTGOING,YOUR PRICE → NEIGHBOR DEMAND,73910,4.16,4.548,10.0258584898117,11,4,2,10
FOODS_3,FOODS_3_723,FOODS_3_822,171,90,81,-0.32808890100281884,0.32808890100281884,COMPLEMENT_LIKE,MODERATE,INCOMING,NEIGHBOR PRICE → YOUR DEMAND,58903,3.9799999999999995,4.430000000000001,5.142046925314025,5,1,2,11
FOODS_3,FOODS_3_723,FOODS_3_432,144,76,68,-0.3251718985198637,0.3251718985198637,COMPLEMENT_LIKE,MODERATE,INCOMING,NEIGHBOR PRICE → YOUR DEMAND,35368,3.9799999999999995,4.430000000000001,5.583794691712483,5,1,2,12
FOODS_3,FOODS_3_723,FOODS_3_202,139,89,50,-0.30357217145855037,0.30357217145855037,COMPLEMENT_LIKE,MODERATE,OUTGOING,YOUR PRICE → NEIGHBOR DEMAND,300529,4.354,4.538,5.4647069483600585,12,4,2,13
FOODS_3,FOODS_3_723,FOODS_3_090,33,21,12,0.30285281911030615,0.30285281911030615,SUBSTITUTION_LIKE,MODERATE,OUTGOING,YOUR PRICE → NEIGHBOR DEMAND,1017916,1.522,1.502,0.8034918062283172,13,7,2,14
FOODS_3,FOODS_3_727,FOODS_3_734,59,49,10,-0.5820787270566471,0.5820787270566471,COMPLEMENT_LIKE,STRONG,INCOMING,NEIGHBOR PRICE → YOUR DEMAND,99695,1.78,1.78,0.0,15,9,1,1
FOODS_3,FOODS_3_727,FOODS_3_090,121,61,60,-0.4991180106636819,0.4991180106636819,COMPLEMENT_LIKE,STRONG,OUTGOING,YOUR PRICE → NEIGHBOR DEMAND,1017916,1.522,1.502,0.8034918062283172,13,7,1,2
FOODS_3,FOODS_3_727,FOODS_3_491,120,61,59,-0.49055359551429706,0.49055359551429706,COMPLEMENT_LIKE,STRONG,OUTGOING,YOUR PRICE → NEIGHBOR DEMAND,199199,1.522,1.484,0.7514846316029966,13,7,1,3
FOODS_3,FOODS_3_727,FOODS_3_738,119,60,59,-0.47337445090415986,0.47337445090415986,COMPLEMENT_LIKE,STRONG,OUTGOING,YOUR PRICE → NEIGHBOR DEMAND,74134,1.54,1.528,0.22603473296964025,10,4,1,4
FOODS_3,FOODS_3_727,FOODS_3_723,119,61,58,-0.4721227175990495,0.4721227175990495,COMPLEMENT_LIKE,STRONG,OUTGOING,YOUR PRICE → NEIGHBOR DEMAND,289170,1.54,1.524,0.2724308698247844,14,9,1,5
FOODS_3,FOODS_3_727,FOODS_3_281,101,55,46,-0.40671620278426684,0.40671620278426684,COMPLEMENT_LIKE,STRONG,OUTGOING,YOUR PRICE → NEIGHBOR DEMAND,179140,1.25,1.3419999999999999,4.875086617086171,7,6,1,6
FOODS_3,FOODS_3_727,FOODS_3_274,116,59,57,-0.39381779895213465,0.39381779895213465,COMPLEMENT_LIKE,MODERATE,OUTGOING,YOUR PRICE → NEIGHBOR DEMAND,43997,1.54,1.52,0.7351279086583498,4,1,2,7
FOODS_3,FOODS_3_727,FOODS_3_769,104,58,46,-0.3880397576647611,0.3880397576647611,COMPLEMENT_LIKE,MODERATE,OUTGOING,YOUR PRICE → NEIGHBOR DEMAND,75137,1.25,1.3279999999999998,2.7889277764026423,9,4,2,8
FOODS_3,FOODS_3_727,FOODS_3_086,76,42,34,0.36584655056183757,0.36584655056183757,SUBSTITUTION_LIKE,MODERATE,INCOMING,NEIGHBOR PRICE → YOUR DEMAND,124231,1.0,1.1,3.0974471586479426,16,3,2,9
FOODS_3,FOODS_3_727,FOODS_3_224,41,22,19,0.3649411853318081,0.3649411853318081,SUBSTITUTION_LIKE,MODERATE,INCOMING,NEIGHBOR PRICE → YOUR DEMAND,38420,3.9799999999999995,4.430000000000001,4.275087971354468,9,4,2,10
FOODS_3,FOODS_3_727,FOODS_3_285,103,57,46,-0.36436717787615985,0.36436717787615985,COMPLEMENT_LIKE,MODERATE,OUTGOING,YOUR PRICE → NEIGHBOR DEMAND,54076,1.2129999999999999,1.3279999999999998,6.00750730792519,6,0,2,11
FOODS_3,FOODS_3_727,FOODS_3_681,124,63,61,-0.36285232894918495,0.36285232894918495,COMPLEMENT_LIKE,MODERATE,OUTGOING,YOUR PRICE → NEIGHBOR DEMAND,256134,1.0,1.15,1.719391868817898,15,2,2,12
FOODS_3,FOODS_3_727,FOODS_3_295,124,62,62,0.32520340357022576,0.32520340357022576,SUBSTITUTION_LIKE,MODERATE,OUTGOING,YOUR PRICE → NEIGHBOR DEMAND,205086,0.8,0.8,0.0,8,4,2,13
FOODS_3,FOODS_3_734,FOODS_3_224,58,48,10,-0.5872453084489919,0.5872453084489919,COMPLEMENT_LIKE,STRONG,OUTGOING,YOUR PRICE → NEIGHBOR DEMAND,38420,3.9799999999999995,4.430000000000001,4.275087971354468,9,4,1,1
FOODS_3,FOODS_3_734,FOODS_3_727,59,49,10,-0.5820787270566471,0.5820787270566471,COMPLEMENT_LIKE,STRONG,OUTGOING,YOUR PRICE → NEIGHBOR DEMAND,42864,3.9799999999999995,4.430000000000001,5.715828309969308,13,6,1,2
FOODS_3,FOODS_3_734,FOODS_3_822,58,48,10,-0.5719894032735312,0.5719894032735312,COMPLEMENT_LIKE,STRONG,OUTGOING,YOUR PRICE → NEIGHBOR DEMAND,58903,3.9799999999999995,4.430000000000001,5.142046925314025,5,1,1,3
FOODS_3,FOODS_3_734,FOODS_3_257,59,49,10,-0.5699658543131059,0.5699658543131059,COMPLEMENT_LIKE,STRONG,OUTGOING,YOUR PRICE → NEIGHBOR DEMAND,40397,3.9799999999999995,4.28,2.338099453358067,8,6,1,4
FOODS_3,FOODS_3_734,FOODS_3_432,58,48,10,-0.516429786521062,0.516429786521062,COMPLEMENT_LIKE,STRONG,OUTGOING,YOUR PRICE → NEIGHBOR DEMAND,35368,3.9799999999999995,4.430000000000001,5.583794691712483,5,1,1,5
FOODS_3,FOODS_3_734,FOODS_3_501,51,41,10,-0.47938455829690263,0.47938455829690263,COMPLEMENT_LIKE,STRONG,OUTGOING,YOUR PRICE → NEIGHBOR DEMAND,202850,0.8,0.8,0.0,7,4,1,6
FOODS_3,FOODS_3_734,FOODS_3_406,51,41,10,-0.415786244884085,0.415786244884085,COMPLEMENT_LIKE,STRONG,OUTGOING,YOUR PRICE → NEIGHBOR DEMAND,143394,0.8,0.8,0.0,9,6,1,7
FOODS_3,FOODS_3_734,FOODS_3_348,59,49,10,-0.4089647295530888,0.4089647295530888,COMPLEMENT_LIKE,STRONG,OUTGOING,YOUR PRICE → NEIGHBOR DEMAND,110424,0.8,0.8,0.0,10,3,1,8
FOODS_3,FOODS_3_734,FOODS_3_281,59,49,10,-0.40223218893535195,0.40223218893535195,COMPLEMENT_LIKE,STRONG,OUTGOING,YOUR PRICE → NEIGHBOR DEMAND,179140,1.25,1.3419999999999999,4.875086617086171,7,6,1,9
FOODS_3,FOODS_3_734,FOODS_3_030,56,47,9,-0.6283903544847287,0.6283903544847287,COMPLEMENT_LIKE,MODERATE,OUTGOING,YOUR PRICE → NEIGHBOR DEMAND,182547,1.342,1.3809999999999998,0.5113449034151669,9,0,2,10
FOODS_3,FOODS_3_734,FOODS_3_295,50,41,9,-0.470244198881808,0.470244198881808,COMPLEMENT_LIKE,MODERATE,OUTGOING,YOUR PRICE → NEIGHBOR DEMAND,205086,0.8,0.8,0.0,8,4,2,11
FOODS_3,FOODS_3_734,FOODS_3_339,59,49,10,-0.3702425141337933,0.3702425141337933,COMPLEMENT_LIKE,MODERATE,OUTGOING,YOUR PRICE → NEIGHBOR DEMAND,57815,0.8,0.8,0.0,9,3,2,12
FOODS_3,FOODS_3_734,FOODS_3_769,59,49,10,-0.3694979389758322,0.3694979389758322,COMPLEMENT_LIKE,MODERATE,OUTGOING,YOUR PRICE → NEIGHBOR DEMAND,75137,1.25,1.3279999999999998,2.7889277764026423,9,4,2,13
FOODS_3,FOODS_3_734,FOODS_3_133,59,49,10,-0.3536402508620738,0.3536402508620738,COMPLEMENT_LIKE,MODERATE,OUTGOING,YOUR PRICE → NEIGHBOR DEMAND,91206,0.8,0.8,0.0,7,2,2,14
FOODS_3,FOODS_3_734,FOODS_3_285,59,49,10,-0.3200471691178717,0.3200471691178717,COMPLEMENT_LIKE,MODERATE,OUTGOING,YOUR PRICE → NEIGHBOR DEMAND,54076,1.2129999999999999,1.3279999999999998,6.00750730792519,6,0,2,15
FOODS_3,FOODS_3_738,FOODS_3_727,119,60,59,-0.47337445090415986,0.47337445090415986,COMPLEMENT_LIKE,STRONG,INCOMING,NEIGHBOR PRICE → YOUR DEMAND,42864,3.9799999999999995,4.430000000000001,5.715828309969308,13,6,1,1
FOODS_3,FOODS_3_738,FOODS_3_753,97,41,56,0.4515588398150218,0.4515588398150218,SUBSTITUTION_LIKE,STRONG,INCOMING,NEIGHBOR PRICE → YOUR DEMAND,58631,5.212000000000001,5.46,2.9895691100771082,19,7,1,2
FOODS_3,FOODS_3_738,FOODS_3_257,119,65,54,-0.44030924969014257,0.44030924969014257,COMPLEMENT_LIKE,STRONG,INCOMING,NEIGHBOR PRICE → YOUR DEMAND,40397,3.9799999999999995,4.28,2.338099453358067,8,6,1,3
FOODS_3,FOODS_3_738,FOODS_3_231,94,40,54,0.4136449958501851,0.4136449958501851,SUBSTITUTION_LIKE,STRONG,INCOMING,NEIGHBOR PRICE → YOUR DEMAND,67196,5.212000000000001,5.46,2.9024303739662183,20,14,1,4
FOODS_3,FOODS_3_738,FOODS_3_124,100,43,57,0.3852457463938204,0.3852457463938204,SUBSTITUTION_LIKE,MODERATE,INCOMING,NEIGHBOR PRICE → YOUR DEMAND,70025,5.212000000000001,5.452,2.8554300716516408,15,6,2,5
FOODS_3,FOODS_3_738,FOODS_3_224,128,68,60,-0.36297582893015623,0.36297582893015623,COMPLEMENT_LIKE,MODERATE,INCOMING,NEIGHBOR PRICE → YOUR DEMAND,38420,3.9799999999999995,4.430000000000001,4.275087971354468,9,4,2,6
FOODS_3,FOODS_3_738,FOODS_3_783,98,40,58,0.3546049516633395,0.3546049516633395,SUBSTITUTION_LIKE,MODERATE,INCOMING,NEIGHBOR PRICE → YOUR DEMAND,63981,5.212000000000001,5.46,3.917959807383022,12,3,2,7
FOODS_3,FOODS_3_738,FOODS_3_318,123,82,41,-0.34419128935184773,0.34419128935184773,COMPLEMENT_LIKE,MODERATE,OUTGOING,YOUR PRICE → NEIGHBOR DEMAND,264845,1.48,1.48,0.0,9,2,2,8
FOODS_3,FOODS_3_738,FOODS_3_219,124,84,40,-0.33530534314997995,0.33530534314997995,COMPLEMENT_LIKE,MODERATE,OUTGOING,YOUR PRICE → NEIGHBOR DEMAND,86822,1.431,1.48,3.4468442163874733,7,2,2,9
FOODS_3,FOODS_3_738,FOODS_3_202,140,90,50,-0.31434289159579515,0.31434289159579515,COMPLEMENT_LIKE,MODERATE,OUTGOING,YOUR PRICE → NEIGHBOR DEMAND,300529,4.354,4.538,5.4647069483600585,12,4,2,10
FOODS_3,FOODS_3_753,FOODS_3_723,97,41,56,0.46957289861141377,0.46957289861141377,SUBSTITUTION_LIKE,STRONG,OUTGOING,YOUR PRICE → NEIGHBOR DEMAND,289170,1.54,1.524,0.2724308698247844,14,9,1,1
FOODS_3,FOODS_3_753,FOODS_3_738,97,41,56,0.4515588398150218,0.4515588398150218,SUBSTITUTION_LIKE,STRONG,OUTGOING,YOUR PRICE → NEIGHBOR DEMAND,74134,1.54,1.528,0.22603473296964025,10,4,1,2
FOODS_3,FOODS_3_753,FOODS_3_491,98,42,56,0.4406458117987696,0.4406458117987696,SUBSTITUTION_LIKE,STRONG,OUTGOING,YOUR PRICE → NEIGHBOR DEMAND,199199,1.522,1.484,0.7514846316029966,13,7,1,3
FOODS_3,FOODS_3_753,FOODS_3_090,98,42,56,0.4405412005850933,0.4405412005850933,SUBSTITUTION_LIKE,STRONG,OUTGOING,YOUR PRICE → NEIGHBOR DEMAND,1017916,1.522,1.502,0.8034918062283172,13,7,1,4
FOODS_3,FOODS_3_753,FOODS_3_295,96,40,56,0.42895971282624307,0.42895971282624307,SUBSTITUTION_LIKE,STRONG,OUTGOING,YOUR PRICE → NEIGHBOR DEMAND,205086,0.8,0.8,0.0,8,4,1,5
FOODS_3,FOODS_3_753,FOODS_3_133,92,37,55,0.4199509779474047,0.4199509779474047,SUBSTITUTION_LIKE,STRONG,OUTGOING,YOUR PRICE → NEIGHBOR DEMAND,91206,0.8,0.8,0.0,7,2,1,6
FOODS_3,FOODS_3_753,FOODS_3_406,93,41,52,0.41602136583098964,0.41602136583098964,SUBSTITUTION_LIKE,STRONG,OUTGOING,YOUR PRICE → NEIGHBOR DEMAND,143394,0.8,0.8,0.0,9,6,1,7
FOODS_3,FOODS_3_753,FOODS_3_501,97,41,56,0.39284324258028275,0.39284324258028275,SUBSTITUTION_LIKE,MODERATE,OUTGOING,YOUR PRICE → NEIGHBOR DEMAND,202850,0.8,0.8,0.0,7,4,2,8
FOODS_3,FOODS_3_753,FOODS_3_219,94,41,53,0.3780159385268662,0.3780159385268662,SUBSTITUTION_LIKE,MODERATE,OUTGOING,YOUR PRICE → NEIGHBOR DEMAND,86822,1.431,1.48,3.4468442163874733,7,2,2,9
FOODS_3,FOODS_3_753,FOODS_3_348,89,36,53,0.3641594088663528,0.3641594088663528,SUBSTITUTION_LIKE,MODERATE,OUTGOING,YOUR PRICE → NEIGHBOR DEMAND,110424,0.8,0.8,0.0,10,3,2,10
FOODS_3,FOODS_3_753,FOODS_3_318,97,41,56,0.35175744081424704,0.35175744081424704,SUBSTITUTION_LIKE,MODERATE,OUTGOING,YOUR PRICE → NEIGHBOR DEMAND,264845,1.48,1.48,0.0,9,2,2,11
FOODS_3,FOODS_3_753,FOODS_3_808,94,39,55,-0.3456050117196624,0.3456050117196624,COMPLEMENT_LIKE,MODERATE,OUTGOING,YOUR PRICE → NEIGHBOR DEMAND,281888,0.958,0.9640000000000001,189.06926427416172,3,0,2,12
FOODS_3,FOODS_3_753,FOODS_3_681,86,52,34,-0.3437725391660579,0.3437725391660579,COMPLEMENT_LIKE,MODERATE,INCOMING,NEIGHBOR PRICE → YOUR DEMAND,256134,1.0,1.15,1.719391868817898,15,2,2,13
FOODS_3,FOODS_3_753,FOODS_3_086,73,44,29,-0.3408130711393263,0.3408130711393263,COMPLEMENT_LIKE,MODERATE,INCOMING,NEIGHBOR PRICE → YOUR DEMAND,124231,1.0,1.1,3.0974471586479426,16,3,2,14
FOODS_3,FOODS_3_753,FOODS_3_274,93,39,54,0.3344336329661993,0.3344336329661993,SUBSTITUTION_LIKE,MODERATE,OUTGOING,YOUR PRICE → NEIGHBOR DEMAND,43997,1.54,1.52,0.7351279086583498,4,1,2,15
FOODS_3,FOODS_3_753,FOODS_3_319,95,39,56,-0.3325592496050698,0.3325592496050698,COMPLEMENT_LIKE,MODERATE,OUTGOING,YOUR PRICE → NEIGHBOR DEMAND,208363,0.9400000000000001,0.9640000000000001,52.956237551409046,4,0,2,16
FOODS_3,FOODS_3_753,FOODS_3_594,88,36,52,-0.3237987278088016,0.3237987278088016,COMPLEMENT_LIKE,MODERATE,OUTGOING,YOUR PRICE → NEIGHBOR DEMAND,67226,0.9400000000000001,0.9640000000000001,61.16521367134385,3,0,2,17
FOODS_3,FOODS_3_753,FOODS_3_285,96,41,55,0.31387521803986757,0.31387521803986757,SUBSTITUTION_LIKE,MODERATE,OUTGOING,YOUR PRICE → NEIGHBOR DEMAND,54076,1.2129999999999999,1.3279999999999998,6.00750730792519,6,0,2,18
FOODS_3,FOODS_3_753,FOODS_3_785,78,33,45,-0.30965414998307284,0.30965414998307284,COMPLEMENT_LIKE,MODERATE,OUTGOING,YOUR PRICE → NEIGHBOR DEMAND,127067,3.0,3.0,0.0,5,1,2,19
FOODS_3,FOODS_3_755,FOODS_3_202,72,30,42,0.46727289984007986,0.46727289984007986,SUBSTITUTION_LIKE,STRONG,OUTGOING,YOUR PRICE → NEIGHBOR DEMAND,300529,4.354,4.538,5.4647069483600585,12,4,1,1
FOODS_3,FOODS_3_755,FOODS_3_136,74,31,43,0.43241743579665665,0.43241743579665665,SUBSTITUTION_LIKE,STRONG,OUTGOING,YOUR PRICE → NEIGHBOR DEMAND,102353,4.548,4.548,0.0,7,5,1,2
FOODS_3,FOODS_3_755,FOODS_3_704,71,29,42,0.4218886917174884,0.4218886917174884,SUBSTITUTION_LIKE,STRONG,OUTGOING,YOUR PRICE → NEIGHBOR DEMAND,73910,4.16,4.548,10.0258584898117,11,4,1,3
FOODS_3,FOODS_3_755,FOODS_3_406,70,36,34,0.41441370143533857,0.41441370143533857,SUBSTITUTION_LIKE,STRONG,OUTGOING,YOUR PRICE → NEIGHBOR DEMAND,143394,0.8,0.8,0.0,9,6,1,4
FOODS_3,FOODS_3_755,FOODS_3_339,69,36,33,0.4025130934116957,0.4025130934116957,SUBSTITUTION_LIKE,STRONG,OUTGOING,YOUR PRICE → NEIGHBOR DEMAND,57815,0.8,0.8,0.0,9,3,1,5
FOODS_3,FOODS_3_755,FOODS_3_348,72,37,35,0.3989499228776231,0.3989499228776231,SUBSTITUTION_LIKE,MODERATE,OUTGOING,YOUR PRICE → NEIGHBOR DEMAND,110424,0.8,0.8,0.0,10,3,2,6
FOODS_3,FOODS_3_755,FOODS_3_133,69,35,34,0.39707725390039933,0.39707725390039933,SUBSTITUTION_LIKE,MODERATE,OUTGOING,YOUR PRICE → NEIGHBOR DEMAND,91206,0.8,0.8,0.0,7,2,2,7
FOODS_3,FOODS_3_755,FOODS_3_295,71,36,35,0.39123647556928315,0.39123647556928315,SUBSTITUTION_LIKE,MODERATE,OUTGOING,YOUR PRICE → NEIGHBOR DEMAND,205086,0.8,0.8,0.0,8,4,2,8
FOODS_3,FOODS_3_755,FOODS_3_501,72,35,37,0.3887338542451658,0.3887338542451658,SUBSTITUTION_LIKE,MODERATE,OUTGOING,YOUR PRICE → NEIGHBOR DEMAND,202850,0.8,0.8,0.0,7,4,2,9
FOODS_3,FOODS_3_755,FOODS_3_324,66,33,33,-0.37051140064957777,0.37051140064957777,COMPLEMENT_LIKE,MODERATE,OUTGOING,YOUR PRICE → NEIGHBOR DEMAND,68825,3.0,3.0,0.0,3,1,2,10
FOODS_3,FOODS_3_755,FOODS_3_115,75,32,43,0.35676933788965776,0.35676933788965776,SUBSTITUTION_LIKE,MODERATE,OUTGOING,YOUR PRICE → NEIGHBOR DEMAND,29715,4.548,4.548,0.0,8,2,2,11
FOODS_3,FOODS_3_755,FOODS_3_578,64,32,32,-0.3452847078097279,0.3452847078097279,COMPLEMENT_LIKE,MODERATE,OUTGOING,YOUR PRICE → NEIGHBOR DEMAND,44205,3.0,2.95,1.488947527505101,3,1,2,12
FOODS_3,FOODS_3_755,FOODS_3_785,64,32,32,-0.3097498553793666,0.3097498553793666,COMPLEMENT_LIKE,MODERATE,OUTGOING,YOUR PRICE → NEIGHBOR DEMAND,127067,3.0,3.0,0.0,5,1,2,13
FOODS_3,FOODS_3_755,FOODS_3_030,81,38,43,0.3024697770463048,0.3024697770463048,SUBSTITUTION_LIKE,MODERATE,OUTGOING,YOUR PRICE → NEIGHBOR DEMAND,182547,1.342,1.3809999999999998,0.5113449034151669,9,0,2,14
FOODS_3,FOODS_3_755,FOODS_3_541,75,37,38,-0.30037611931214214,0.30037611931214214,COMPLEMENT_LIKE,MODERATE,OUTGOING,YOUR PRICE → NEIGHBOR DEMAND,272632,0.915,0.9640000000000001,157.00594263275397,2,0,2,15
FOODS_3,FOODS_3_767,FOODS_3_769,84,43,41,0.3258123104527568,0.3258123104527568,SUBSTITUTION_LIKE,MODERATE,INCOMING,NEIGHBOR PRICE → YOUR DEMAND,75137,1.25,1.3279999999999998,2.7889277764026423,9,4,2,1
FOODS_3,FOODS_3_769,FOODS_3_202,83,44,39,-0.4803818063989337,0.4803818063989337,COMPLEMENT_LIKE,STRONG,OUTGOING,YOUR PRICE → NEIGHBOR DEMAND,300529,4.354,4.538,5.4647069483600585,12,4,1,1
FOODS_3,FOODS_3_769,FOODS_3_136,86,45,41,-0.4626420724368534,0.4626420724368534,COMPLEMENT_LIKE,STRONG,OUTGOING,YOUR PRICE → NEIGHBOR DEMAND,102353,4.548,4.548,0.0,7,5,1,2
FOODS_3,FOODS_3_769,FOODS_3_704,83,44,39,-0.4186462501384286,0.4186462501384286,COMPLEMENT_LIKE,STRONG,OUTGOING,YOUR PRICE → NEIGHBOR DEMAND,73910,4.16,4.548,10.0258584898117,11,4,1,3
FOODS_3,FOODS_3_769,FOODS_3_115,84,43,41,-0.4106173084905333,0.4106173084905333,COMPLEMENT_LIKE,STRONG,OUTGOING,YOUR PRICE → NEIGHBOR DEMAND,29715,4.548,4.548,0.0,8,2,1,4
FOODS_3,FOODS_3_769,FOODS_3_727,104,58,46,-0.3880397576647611,0.3880397576647611,COMPLEMENT_LIKE,MODERATE,INCOMING,NEIGHBOR PRICE → YOUR DEMAND,42864,3.9799999999999995,4.430000000000001,5.715828309969308,13,6,2,5
FOODS_3,FOODS_3_769,FOODS_3_030,58,33,25,-0.3762118636766842,0.3762118636766842,COMPLEMENT_LIKE,MODERATE,OUTGOING,YOUR PRICE → NEIGHBOR DEMAND,182547,1.342,1.3809999999999998,0.5113449034151669,9,0,2,6
FOODS_3,FOODS_3_769,FOODS_3_734,59,49,10,-0.3694979389758322,0.3694979389758322,COMPLEMENT_LIKE,MODERATE,INCOMING,NEIGHBOR PRICE → YOUR DEMAND,99695,1.78,1.78,0.0,15,9,2,7
FOODS_3,FOODS_3_769,FOODS_3_020,84,43,41,-0.3413423322991535,0.3413423322991535,COMPLEMENT_LIKE,MODERATE,OUTGOING,YOUR PRICE → NEIGHBOR DEMAND,60041,0.9399999999999998,1.0399999999999998,6.303625203168995,18,11,2,8
FOODS_3,FOODS_3_769,FOODS_3_767,84,43,41,0.3258123104527568,0.3258123104527568,SUBSTITUTION_LIKE,MODERATE,OUTGOING,YOUR PRICE → NEIGHBOR DEMAND,97190,0.9400000000000001,0.9640000000000001,103.16667524301901,1,0,2,9
FOODS_3,FOODS_3_783,FOODS_3_681,86,52,34,-0.4877157827961123,0.4877157827961123,COMPLEMENT_LIKE,STRONG,INCOMING,NEIGHBOR PRICE → YOUR DEMAND,256134,1.0,1.15,1.719391868817898,15,2,1,1
FOODS_3,FOODS_3_783,FOODS_3_086,74,44,30,-0.45532954719697394,0.45532954719697394,COMPLEMENT_LIKE,STRONG,INCOMING,NEIGHBOR PRICE → YOUR DEMAND,124231,1.0,1.1,3.0974471586479426,16,3,1,2
FOODS_3,FOODS_3_783,FOODS_3_723,99,41,58,0.4017374097015969,0.4017374097015969,SUBSTITUTION_LIKE,STRONG,OUTGOING,YOUR PRICE → NEIGHBOR DEMAND,289170,1.54,1.524,0.2724308698247844,14,9,1,3
FOODS_3,FOODS_3_783,FOODS_3_406,93,41,52,0.3788297107196436,0.3788297107196436,SUBSTITUTION_LIKE,MODERATE,OUTGOING,YOUR PRICE → NEIGHBOR DEMAND,143394,0.8,0.8,0.0,9,6,2,4
FOODS_3,FOODS_3_783,FOODS_3_295,95,40,55,0.36549202078265763,0.36549202078265763,SUBSTITUTION_LIKE,MODERATE,OUTGOING,YOUR PRICE → NEIGHBOR DEMAND,205086,0.8,0.8,0.0,8,4,2,5
FOODS_3,FOODS_3_783,FOODS_3_501,97,40,57,0.35522433281224497,0.35522433281224497,SUBSTITUTION_LIKE,MODERATE,OUTGOING,YOUR PRICE → NEIGHBOR DEMAND,202850,0.8,0.8,0.0,7,4,2,6
FOODS_3,FOODS_3_783,FOODS_3_738,98,40,58,0.3546049516633395,0.3546049516633395,SUBSTITUTION_LIKE,MODERATE,OUTGOING,YOUR PRICE → NEIGHBOR DEMAND,74134,1.54,1.528,0.22603473296964025,10,4,2,7
FOODS_3,FOODS_3_783,FOODS_3_491,99,41,58,0.3514996804946117,0.3514996804946117,SUBSTITUTION_LIKE,MODERATE,OUTGOING,YOUR PRICE → NEIGHBOR DEMAND,199199,1.522,1.484,0.7514846316029966,13,7,2,8
FOODS_3,FOODS_3_783,FOODS_3_090,99,41,58,0.3443330913073818,0.3443330913073818,SUBSTITUTION_LIKE,MODERATE,OUTGOING,YOUR PRICE → NEIGHBOR DEMAND,1017916,1.522,1.502,0.8034918062283172,13,7,2,9
FOODS_3,FOODS_3_783,FOODS_3_133,93,37,56,0.3188852551518194,0.3188852551518194,SUBSTITUTION_LIKE,MODERATE,OUTGOING,YOUR PRICE → NEIGHBOR DEMAND,91206,0.8,0.8,0.0,7,2,2,10
FOODS_3,FOODS_3_783,FOODS_3_339,91,35,56,0.3106812963653106,0.3106812963653106,SUBSTITUTION_LIKE,MODERATE,OUTGOING,YOUR PRICE → NEIGHBOR DEMAND,57815,0.8,0.8,0.0,9,3,2,11
FOODS_3,FOODS_3_783,FOODS_3_348,88,34,54,0.30059405522681837,0.30059405522681837,SUBSTITUTION_LIKE,MODERATE,OUTGOING,YOUR PRICE → NEIGHBOR DEMAND,110424,0.8,0.8,0.0,10,3,2,12
FOODS_3,FOODS_3_785,FOODS_3_020,61,29,32,-0.4223423025478685,0.4223423025478685,COMPLEMENT_LIKE,STRONG,INCOMING,NEIGHBOR PRICE → YOUR DEMAND,60041,0.9399999999999998,1.0399999999999998,6.303625203168995,18,11,1,1
FOODS_3,FOODS_3_785,FOODS_3_231,74,31,43,-0.3519317083170351,0.3519317083170351,COMPLEMENT_LIKE,MODERATE,INCOMING,NEIGHBOR PRICE → YOUR DEMAND,67196,5.212000000000001,5.46,2.9024303739662183,20,14,2,2
FOODS_3,FOODS_3_785,FOODS_3_755,64,32,32,-0.3097498553793666,0.3097498553793666,COMPLEMENT_LIKE,MODERATE,INCOMING,NEIGHBOR PRICE → YOUR DEMAND,94227,0.9399999999999998,1.02,1.7225887769348334,15,5,2,3
FOODS_3,FOODS_3_785,FOODS_3_753,78,33,45,-0.30965414998307284,0.30965414998307284,COMPLEMENT_LIKE,MODERATE,INCOMING,NEIGHBOR PRICE → YOUR DEMAND,58631,5.212000000000001,5.46,2.9895691100771082,19,7,2,4
FOODS_3,FOODS_3_785,FOODS_3_319,42,15,27,0.3003511578400428,0.3003511578400428,SUBSTITUTION_LIKE,MODERATE,INCOMING,NEIGHBOR PRICE → YOUR DEMAND,208363,0.9400000000000001,0.9640000000000001,52.956237551409046,4,0,2,5
FOODS_3,FOODS_3_808,FOODS_3_753,94,39,55,-0.3456050117196624,0.3456050117196624,COMPLEMENT_LIKE,MODERATE,INCOMING,NEIGHBOR PRICE → YOUR DEMAND,58631,5.212000000000001,5.46,2.9895691100771082,19,7,2,1
FOODS_3,FOODS_3_808,FOODS_3_231,89,37,52,-0.337881738030797,0.337881738030797,COMPLEMENT_LIKE,MODERATE,INCOMING,NEIGHBOR PRICE → YOUR DEMAND,67196,5.212000000000001,5.46,2.9024303739662183,20,14,2,2
FOODS_3,FOODS_3_808,FOODS_3_020,76,35,41,-0.3098717012708319,0.3098717012708319,COMPLEMENT_LIKE,MODERATE,INCOMING,NEIGHBOR PRICE → YOUR DEMAND,60041,0.9399999999999998,1.0399999999999998,6.303625203168995,18,11,2,3
FOODS_3,FOODS_3_822,FOODS_3_734,58,48,10,-0.5719894032735312,0.5719894032735312,COMPLEMENT_LIKE,STRONG,INCOMING,NEIGHBOR PRICE → YOUR DEMAND,99695,1.78,1.78,0.0,15,9,1,1
FOODS_3,FOODS_3_822,FOODS_3_086,76,43,33,0.38678762013738055,0.38678762013738055,SUBSTITUTION_LIKE,MODERATE,INCOMING,NEIGHBOR PRICE → YOUR DEMAND,124231,1.0,1.1,3.0974471586479426,16,3,2,2
FOODS_3,FOODS_3_822,FOODS_3_681,89,51,38,0.3676165045737815,0.3676165045737815,SUBSTITUTION_LIKE,MODERATE,INCOMING,NEIGHBOR PRICE → YOUR DEMAND,256134,1.0,1.15,1.719391868817898,15,2,2,3
FOODS_3,FOODS_3_822,FOODS_3_723,171,90,81,-0.32808890100281884,0.32808890100281884,COMPLEMENT_LIKE,MODERATE,OUTGOING,YOUR PRICE → NEIGHBOR DEMAND,289170,1.54,1.524,0.2724308698247844,14,9,2,4
FOODS_3,FOODS_3_822,FOODS_3_090,174,91,83,-0.30564259833138246,0.30564259833138246,COMPLEMENT_LIKE,MODERATE,OUTGOING,YOUR PRICE → NEIGHBOR DEMAND,1017916,1.522,1.502,0.8034918062283172,13,7,2,5
