item_id,dept_id,store_id,state_id,date,wm_yr_wk,sell_price,previous_price,normal_price_13wk,hist_mean_price,price_change_pct,price_vs_normal_pct,price_vs_hist_mean_pct,price_down_flag,price_up_flag,lag_1_units,lag_4_units,lag_13_units,lag_52_units,rolling_4_units,rolling_13_units,hist_mean_units,hist_median_units,lag_1_vs_mean,lag_4_vs_mean,lag_13_vs_mean,lag_52_vs_mean,rolling_4_vs_mean,rolling_13_vs_mean,snap_days,event_days,sporting_flag,cultural_flag,religious_flag,national_flag,month,day_of_month,week_of_year
FOODS_1_012,FOODS_1,CA_1,CA,2016-05-21,11617,5.64,5.64,5.64,5.499083665338645,0.0,0.0,2.5625421113260423,0,0,24.0,20.0,26.0,13.0,18.25,21.46153846153846,21.03187250996016,23.0,1.1411252131085432,0.9509376775904528,1.2362189808675885,0.6181094904337943,0.8677306308012881,1.020429277106678,0,0,0,0,0,0,5,21,20
FOODS_1_012,FOODS_1,CA_2,CA,2016-05-21,11617,5.64,5.64,5.64,5.500398406374502,0.0,0.0,2.538026944806605,0,0,31.0,90.0,76.0,43.0,83.75,89.92307692307692,78.47410358565737,90.0,0.395034776869574,1.1468751586536021,0.9684723561963751,0.5479514646900543,1.0672310504137685,1.1458949234752656,0,0,0,0,0,0,5,21,20
FOODS_1_012,FOODS_1,CA_3,CA,2016-05-21,11617,5.64,5.64,5.64,5.50011952191235,0.0,0.0,2.5432261522748485,0,0,0.0,0.0,61.0,44.0,0.0,15.0,43.50996015936255,49.0,0.0,0.0,1.4019778408570645,1.0112627048805054,0.0,0.3447486493910814,0,0,0,0,0,0,5,21,20
FOODS_1_012,FOODS_1,CA_4,CA,2016-05-21,11617,5.64,5.64,5.64,5.499681274900398,0.0,0.0,2.5513974007910605,0,0,35.0,48.0,38.0,36.0,40.75,35.76923076923077,32.59362549800797,38.0,1.0738296051827405,1.4726806013934728,1.1658721427698326,1.1045104510451045,1.2502444688913337,1.0974302558460973,0,0,0,0,0,0,5,21,20
FOODS_1_012,FOODS_1,TX_1,TX,2016-05-21,11617,6.27,6.27,6.27,5.958446969696969,0.0,0.0,5.228762324939766,0,0,60.0,47.0,42.0,35.0,60.75,53.0,34.015151515151516,32.0,1.7639198218262806,1.3817371937639198,1.2347438752783964,1.0289532293986636,1.785968819599109,1.5581291759465479,0,0,0,0,0,0,5,21,20
FOODS_1_012,FOODS_1,TX_2,TX,2016-05-21,11617,6.27,6.27,6.27,5.957992424242424,0.0,0.0,5.236790407588475,0,0,62.0,67.0,65.0,41.0,64.25,68.15384615384616,59.291666666666664,60.0,1.045678144764582,1.130007027406887,1.096275474349965,0.691496837666901,1.083626141953619,1.1494675387858804,0,0,0,0,0,0,5,21,20
FOODS_1_012,FOODS_1,TX_3,TX,2016-05-21,11617,6.27,6.27,6.27,5.957310606060606,0.0,0.0,5.2488348286101205,0,0,50.0,60.0,53.0,49.0,54.25,55.61538461538461,36.458333333333336,38.0,1.3714285714285714,1.6457142857142857,1.4537142857142855,1.3439999999999999,1.488,1.5254505494505493,0,0,0,0,0,0,5,21,20
FOODS_1_012,FOODS_1,WI_1,WI,2016-05-21,11617,7.27,7.27,7.27,7.230278884462151,0.0,0.0,0.5493718316067905,0,0,42.0,14.0,20.0,19.0,29.25,26.76923076923077,17.342629482071715,19.0,2.4217780840799445,0.8072593613599816,1.153227659085688,1.0955662761314036,1.6865954514128185,1.5435508667762285,0,0,0,0,0,0,5,21,20
FOODS_1_012,FOODS_1,WI_2,WI,2016-05-21,11617,7.27,7.27,7.27,7.234940239043825,0.0,0.0,0.48458950313055293,0,0,12.0,15.0,18.0,2.0,13.75,14.384615384615385,7.50996015936255,8.0,1.5978779840848805,1.9973474801061006,2.396816976127321,0.2663129973474801,1.8309018567639257,1.9154050193837993,0,0,0,0,0,0,5,21,20
FOODS_1_012,FOODS_1,WI_3,WI,2016-05-21,11617,7.27,7.27,7.27,7.228406374501992,0.0,0.0,0.5754190252048946,0,0,17.0,11.0,16.0,13.0,13.5,15.846153846153847,7.7370517928286855,7.0,2.197219361483007,1.42173017507724,2.067971163748713,1.680226570545829,1.7448506694129762,2.0480868256357443,0,0,0,0,0,0,5,21,20
FOODS_1_019,FOODS_1,CA_1,CA,2016-05-21,11617,0.98,0.98,0.98,1.0486281588447655,0.0,0.0,-6.544565703859274,0,0,64.0,51.0,39.0,0.0,53.75,53.76923076923077,28.642599277978338,32.0,2.23443408116965,1.7805646584320647,1.3616082682127553,0.0,1.876575497857323,1.8772469023288283,0,0,0,0,0,0,5,21,20
FOODS_1_019,FOODS_1,CA_2,CA,2016-05-21,11617,0.98,0.98,0.98,1.048231046931408,0.0,0.0,-6.509161041465775,0,0,70.0,68.0,39.0,0.0,75.25,60.84615384615385,39.664259927797836,39.0,1.764812960771821,1.7143897333211977,0.9832529352871575,0.0,1.8971739328297077,1.5340297274401216,0,0,0,0,0,0,5,21,20
FOODS_1_019,FOODS_1,CA_3,CA,2016-05-21,11617,0.98,0.98,0.98,1.0037184115523468,0.0,0.0,-2.3630543466532585,0,0,44.0,32.0,44.0,7.0,44.25,46.0,34.17689530685921,31.0,1.287419457061371,0.9363050596809971,1.287419457061371,0.20481673180521812,1.2947343403401288,1.3459385232914334,0,0,0,0,0,0,5,21,20
FOODS_1_019,FOODS_1,CA_4,CA,2016-05-21,11617,0.98,0.98,0.98,1.0486281588447655,0.0,0.0,-6.544565703859274,0,0,38.0,55.0,26.0,0.0,41.5,38.46153846153846,18.974729241877256,21.0,2.002663622526636,2.898592085235921,1.3702435312024352,0.0,2.187119482496195,2.0269874721929515,0,0,0,0,0,0,5,21,20
FOODS_1_019,FOODS_1,TX_1,TX,2016-05-21,11617,0.98,0.98,0.98,1.0490252707581227,0.0,0.0,-6.579943561153552,0,0,16.0,17.0,28.0,0.0,17.25,26.76923076923077,16.314079422382672,11.0,0.980747953086966,1.0420447001549014,1.7163089179021906,0.0,1.0573688869218854,1.6408667676647317,0,0,0,0,0,0,5,21,20
FOODS_1_019,FOODS_1,TX_2,TX,2016-05-21,11617,0.98,0.98,0.98,1.0486281588447655,0.0,0.0,-6.544565703859274,0,0,55.0,29.0,33.0,0.0,34.0,31.923076923076923,22.061371841155236,17.0,2.4930453280968745,1.3145148093601702,1.4958271968581247,0.0,1.5411552937326132,1.447012323300983,0,0,0,0,0,0,5,21,20
FOODS_1_019,FOODS_1,TX_3,TX,2016-05-21,11617,0.98,0.98,0.98,1.048231046931408,0.0,0.0,-6.509161041465775,0,0,26.0,21.0,17.0,0.0,28.25,30.307692307692307,10.469314079422382,4.0,2.4834482758620693,2.0058620689655173,1.623793103448276,0.0,2.6983620689655172,2.8949071618037134,0,0,0,0,0,0,5,21,20
FOODS_1_019,FOODS_1,WI_1,WI,2016-05-21,11617,0.88,0.88,0.88,0.9872202166064982,0.0,0.0,-10.860820595333868,0,0,33.0,42.0,0.0,22.0,43.75,35.23076923076923,24.967509025270758,27.0,1.3217177559282822,1.6821862348178138,0.0,0.8811451706188549,1.7522773279352226,1.4110646438581662,0,0,0,0,0,0,5,21,20
FOODS_1_019,FOODS_1,WI_2,WI,2016-05-21,11617,0.88,0.88,0.88,0.9868231046931408,0.0,0.0,-10.824949698189137,0,0,65.0,30.0,31.0,14.0,48.0,41.30769230769231,19.732851985559567,19.0,3.2939992682034394,1.5203073545554335,1.5709842663739482,0.7094767654592024,2.4324917672886937,2.093346280503251,0,0,0,0,0,0,5,21,20
FOODS_1_019,FOODS_1,WI_3,WI,2016-05-21,11617,0.88,0.88,0.88,0.9886642599277978,0.0,0.0,-10.991017308113634,0,0,43.0,18.0,19.0,9.0,32.5,37.69230769230769,20.375451263537904,20.0,2.1103827072997876,0.8834160170092134,0.9324946846208364,0.4417080085046067,1.5950566973777465,1.8498882407457888,0,0,0,0,0,0,5,21,20
FOODS_1_023,FOODS_1,CA_1,CA,2016-05-21,11617,5.64,5.64,5.64,5.497290836653386,0.0,0.0,2.5959907814062704,0,0,21.0,17.0,0.0,26.0,14.75,5.615384615384615,10.199203187250996,10.0,2.058984375,1.666796875,0.0,2.54921875,1.44619140625,0.5505709134615384,0,0,0,0,0,0,5,21,20
FOODS_1_023,FOODS_1,CA_2,CA,2016-05-21,11617,5.64,5.64,5.64,5.500159362549801,0.0,0.0,2.5424833760702263,0,0,15.0,5.0,7.0,7.0,18.5,17.846153846153847,15.334661354581673,16.0,0.9781761496492596,0.3260587165497532,0.4564822031696545,0.4564822031696545,1.2064172512340867,1.163778803685273,0,0,0,0,0,0,5,21,20
FOODS_1_023,FOODS_1,CA_3,CA,2016-05-21,11617,5.64,5.64,5.64,5.564382470119522,0.0,0.0,1.3589563673334857,0,0,49.0,42.0,26.0,12.0,37.0,34.38461538461539,21.852589641434264,25.0,2.2422971741112123,1.921969006381039,1.1897903372835004,0.5491340018231541,1.6931631722880582,1.573480120608653,0,0,0,0,0,0,5,21,20
FOODS_1_023,FOODS_1,CA_4,CA,2016-05-21,11617,5.64,5.64,5.64,5.4999203187251,0.0,0.0,2.5469401947148684,0,0,38.0,21.0,11.0,17.0,28.25,25.53846153846154,18.760956175298805,20.0,2.0254831174346997,1.119345933319176,0.5863240603100446,0.9061371841155235,1.5057867912507963,1.3612558603002434,0,0,0,0,0,0,5,21,20
FOODS_1_023,FOODS_1,TX_1,TX,2016-05-21,11617,6.27,6.27,6.27,5.958598484848484,0.0,0.0,5.226086569574147,0,0,21.0,20.0,8.0,4.0,16.75,15.23076923076923,9.174242424242424,8.0,2.2890173410404624,2.180016515276631,0.8720066061106524,0.4360033030553262,1.8257638315441784,1.6601664231722035,0,0,0,0,0,0,5,21,20
FOODS_1_023,FOODS_1,TX_2,TX,2016-05-21,11617,6.27,6.27,6.27,5.957765151515151,0.0,0.0,5.240804908287508,0,0,20.0,38.0,23.0,11.0,24.75,22.53846153846154,15.181818181818182,16.0,1.3173652694610778,2.502994011976048,1.5149700598802396,0.7245508982035929,1.6302395209580838,1.4845693228926764,0,0,0,0,0,0,5,21,20
FOODS_1_023,FOODS_1,TX_3,TX,2016-05-21,11617,6.27,6.27,6.27,5.944375,0.0,0.0,5.477867732099668,0,0,24.0,24.0,21.0,2.0,25.25,26.23076923076923,17.5390625,17.5,1.3683741648106904,1.3683741648106904,1.197327394209354,0.11403118040089087,1.4396436525612473,1.4955627891039918,0,0,0,0,0,0,5,21,20
FOODS_1_023,FOODS_1,WI_1,WI,2016-05-21,11617,7.27,7.27,7.27,7.039086538461539,0.0,0.0,3.280446408447329,0,0,10.0,9.0,2.0,7.0,8.75,6.153846153846154,7.923076923076923,8.0,1.262135922330097,1.1359223300970873,0.2524271844660194,0.8834951456310679,1.104368932038835,0.7766990291262136,0,0,0,0,0,0,5,21,20
FOODS_1_023,FOODS_1,WI_2,WI,2016-05-21,11617,7.27,7.27,7.27,7.014778325123153,0.0,0.0,3.638342696629203,0,0,10.0,5.0,2.0,8.0,6.25,9.076923076923077,5.74384236453202,5.0,1.7409948542024014,0.8704974271012007,0.3481989708404803,1.3927958833619212,1.088121783876501,1.5802876368914105,0,0,0,0,0,0,5,21,20
FOODS_1_023,FOODS_1,WI_3,WI,2016-05-21,11617,7.27,7.27,7.27,7.037211538461539,0.0,0.0,3.3079645292196624,0,0,4.0,9.0,5.0,2.0,7.0,6.769230769230769,3.7163461538461537,3.0,1.0763260025873223,2.4217335058214746,1.3454075032341526,0.5381630012936611,1.8835705045278137,1.8214747736093144,0,0,0,0,0,0,5,21,20
FOODS_1_037,FOODS_1,CA_1,CA,2016-05-21,11617,3.48,3.48,3.48,3.221304347826087,0.0,0.0,8.030773383722497,0,0,12.0,10.0,5.0,12.0,9.75,12.692307692307692,7.536231884057971,5.0,1.5923076923076924,1.3269230769230769,0.6634615384615384,1.5923076923076924,1.29375,1.6841715976331362,0,0,0,0,0,0,5,21,20
FOODS_1_037,FOODS_1,CA_2,CA,2016-05-21,11617,3.48,3.48,3.48,3.224832713754647,0.0,0.0,7.912574353299203,0,0,10.0,9.0,19.0,14.0,12.5,16.23076923076923,9.178438661710038,7.0,1.0895099230457674,0.9805589307411907,2.070068853786958,1.5253138922640743,1.3618874038072093,1.7683584135588994,0,0,0,0,0,0,5,21,20
FOODS_1_037,FOODS_1,CA_3,CA,2016-05-21,11617,3.48,3.48,3.48,3.1235740072202165,0.0,0.0,11.410838736520928,0,0,21.0,11.0,5.0,14.0,17.5,15.538461538461538,12.487364620938628,10.0,1.6816999132697312,0.8808904307603354,0.4004047412546979,1.121133275513154,1.4014165943914427,1.2443347343607534,0,0,0,0,0,0,5,21,20
FOODS_1_037,FOODS_1,CA_4,CA,2016-05-21,11617,3.48,3.48,3.48,3.225897435897436,0.0,0.0,7.876957316588497,0,0,7.0,2.0,2.0,0.0,3.25,3.076923076923077,2.838827838827839,2.0,2.4658064516129032,0.704516129032258,0.704516129032258,0.0,1.1448387096774193,1.0838709677419356,0,0,0,0,0,0,5,21,20
FOODS_1_037,FOODS_1,TX_1,TX,2016-05-21,11617,3.48,3.48,3.48,3.2221428571428574,0.0,0.0,8.002660164043439,0,0,5.0,6.0,2.0,4.0,5.0,3.8461538461538463,2.9511278195488724,1.0,1.6942675159235667,2.0331210191082802,0.6777070063694267,1.3554140127388534,1.6942675159235667,1.3032827045565898,0,0,0,0,0,0,5,21,20
FOODS_1_037,FOODS_1,TX_2,TX,2016-05-21,11617,3.48,3.48,3.48,3.2239473684210527,0.0,0.0,7.94220879928169,0,0,5.0,6.0,1.0,0.0,4.75,3.769230769230769,3.2218045112781954,1.0,1.5519253208868145,1.8623103850641773,0.3103850641773629,0.0,1.4743290548424737,1.1699129342069832,0,0,0,0,0,0,5,21,20
FOODS_1_037,FOODS_1,TX_3,TX,2016-05-21,11617,3.48,3.48,3.48,3.213682310469314,0.0,0.0,8.286994911198729,0,0,8.0,3.0,3.0,0.0,4.5,5.769230769230769,3.7581227436823106,1.0,2.1287223823246877,0.7982708933717579,0.7982708933717579,0.0,1.197406340057637,1.5351363334072268,0,0,0,0,0,0,5,21,20
FOODS_1_037,FOODS_1,WI_1,WI,2016-05-21,11617,3.48,3.48,3.48,3.182134831460674,0.0,0.0,9.360545178489462,0,0,22.0,5.0,1.0,4.0,12.25,7.230769230769231,7.99625468164794,5.0,2.751288056206089,0.6252927400468384,0.12505854800936766,0.5002341920374707,1.5319672131147541,0.9042695009908125,0,0,0,0,0,0,5,21,20
FOODS_1_037,FOODS_1,WI_2,WI,2016-05-21,11617,3.48,3.48,3.48,3.196101083032491,0.0,0.0,8.882663895540588,0,0,7.0,7.0,7.0,6.0,6.25,5.538461538461538,9.19494584837545,4.0,0.7612877895563409,0.7612877895563409,0.7612877895563409,0.6525323910482922,0.6797212406753044,0.6023375917368851,0,0,0,0,0,0,5,21,20
FOODS_1_037,FOODS_1,WI_3,WI,2016-05-21,11617,3.48,3.48,3.48,3.2178947368421054,0.0,0.0,8.145240431795875,0,0,4.0,7.0,3.0,3.0,9.0,7.846153846153846,7.214285714285714,3.0,0.5544554455445544,0.9702970297029703,0.4158415841584158,0.4158415841584158,1.2475247524752475,1.0875856816450875,0,0,0,0,0,0,5,21,20
FOODS_1_055,FOODS_1,CA_1,CA,2016-05-21,11617,4.38,4.38,4.38,3.9112635379061373,0.0,0.0,11.984272027468565,0,0,29.0,10.0,13.0,19.0,25.25,16.692307692307693,19.62815884476534,16.0,1.4774691925694319,0.5094721353687696,0.6623137759794004,0.9679970572006622,1.2864171418061432,0.8504265644232539,0,0,0,0,0,0,5,21,20
FOODS_1_055,FOODS_1,CA_2,CA,2016-05-21,11617,4.38,4.38,4.38,3.9059205776173287,0.0,0.0,12.137456790579877,0,0,30.0,38.0,26.0,75.0,34.75,31.923076923076923,43.40794223826715,39.0,0.6911177644710579,0.8754158349966733,0.5989687292082502,1.7277944111776449,0.8005447438456421,0.7354201852704847,0,0,0,0,0,0,5,21,20
FOODS_1_055,FOODS_1,CA_3,CA,2016-05-21,11617,4.38,4.38,4.38,3.7850180505415163,0.0,0.0,15.719395297820588,0,0,45.0,65.0,73.0,62.0,82.25,64.3076923076923,44.35018050541516,41.0,1.0146520146520146,1.4656084656084656,1.645991045991046,1.397964997964998,1.8545584045584047,1.4499984346138193,0,0,0,0,0,0,5,21,20
FOODS_1_055,FOODS_1,CA_4,CA,2016-05-21,11617,4.38,4.38,4.38,3.909025270758123,0.0,0.0,12.04839305504248,0,0,6.0,6.0,7.0,5.0,12.0,7.538461538461538,8.707581227436823,6.0,0.6890547263681592,0.6890547263681592,0.8038971807628524,0.574212271973466,1.3781094527363185,0.8657354254369181,0,0,0,0,0,0,5,21,20
FOODS_1_055,FOODS_1,TX_1,TX,2016-05-21,11617,4.38,4.38,4.38,3.910397111913358,0.0,0.0,12.009084362709785,0,0,12.0,0.0,21.0,48.0,14.0,9.23076923076923,16.664259927797833,14.0,0.720103986135182,0.0,1.2601819757365686,2.880415944540728,0.8401213171577123,0.5539261431809092,0,0,0,0,0,0,5,21,20
FOODS_1_055,FOODS_1,TX_2,TX,2016-05-21,11617,4.38,4.38,4.38,3.9085920577617332,0.0,0.0,12.060812058964778,0,0,8.0,6.0,15.0,48.0,12.75,11.692307692307692,20.216606498194945,18.0,0.39571428571428574,0.2967857142857143,0.7419642857142857,2.3742857142857146,0.6306696428571429,0.5783516483516483,0,0,0,0,0,0,5,21,20
FOODS_1_055,FOODS_1,TX_3,TX,2016-05-21,11617,4.38,4.38,4.38,3.9058483754512636,0.0,0.0,12.139529724933446,0,0,15.0,18.0,0.0,65.0,39.25,14.23076923076923,18.6028880866426,14.0,0.806326411798952,0.9675916941587424,0.0,3.4940811177954587,2.1098874442072577,0.7649763393990057,0,0,0,0,0,0,5,21,20
FOODS_1_055,FOODS_1,WI_1,WI,2016-05-21,11617,3.78,3.78,3.78,3.785487364620938,0.0,0.0,-0.14495794312307345,0,0,15.0,9.0,13.0,7.0,16.0,11.923076923076923,7.859205776173285,6.0,1.9085898024804777,1.1451538814882867,1.6541111621497475,0.8906752411575563,2.035829122645843,1.517084201971662,0,0,0,0,0,0,5,21,20
FOODS_1_055,FOODS_1,WI_2,WI,2016-05-21,11617,3.78,3.78,3.78,3.851167883211679,0.0,0.0,-1.8479558764997,0,0,4.0,10.0,22.0,7.0,9.5,11.0,5.2299270072992705,4.0,0.7648290300069783,1.9120725750174457,4.20655966503838,1.338450802512212,1.8164689462665735,2.10327983251919,0,0,0,0,0,0,5,21,20
FOODS_1_055,FOODS_1,WI_3,WI,2016-05-21,11617,3.78,3.78,3.78,3.7856317689530683,0.0,0.0,-0.1487669508496856,0,0,24.0,23.0,13.0,16.0,37.25,28.846153846153847,24.985559566787003,12.0,0.9605548331166016,0.9205317150700766,0.520300534604826,0.6403698887444012,1.4908611472330588,1.1545130205728384,0,0,0,0,0,0,5,21,20
FOODS_1_061,FOODS_1,CA_1,CA,2016-05-21,11617,2.24,2.24,2.24,2.1666788321167885,0.0,0.0,3.3840349015446325,0,0,7.0,11.0,17.0,16.0,12.75,14.461538461538462,11.664233576642335,12.0,0.600125156445557,0.9430538172715895,1.4574468085106385,1.3717146433041303,1.0930851063829787,1.239819004524887,0,0,0,0,0,0,5,21,20
FOODS_1_061,FOODS_1,CA_2,CA,2016-05-21,11617,2.24,2.24,2.24,2.1655234657039713,0.0,0.0,3.439193131616241,0,0,15.0,17.0,17.0,17.0,18.0,19.076923076923077,24.537906137184116,25.0,0.6112991025452406,0.6928056495512726,0.6928056495512726,0.6928056495512726,0.7335589230542886,0.7774470637498444,0,0,0,0,0,0,5,21,20
FOODS_1_061,FOODS_1,CA_3,CA,2016-05-21,11617,2.24,2.24,2.24,2.1611913357400727,0.0,0.0,3.646538043932166,0,0,14.0,42.0,17.0,18.0,31.5,29.307692307692307,28.96028880866426,29.0,0.48342059336823734,1.450261780104712,0.587010720518574,0.6215407629020194,1.087696335078534,1.0119958575455958,0,0,0,0,0,0,5,21,20
FOODS_1_061,FOODS_1,CA_4,CA,2016-05-21,11617,2.24,2.24,2.24,2.1655234657039713,0.0,0.0,3.439193131616241,0,0,8.0,10.0,4.0,3.0,9.0,8.846153846153847,6.931407942238267,7.0,1.1541666666666668,1.4427083333333333,0.5770833333333334,0.4328125,1.2984375,1.2762419871794872,0,0,0,0,0,0,5,21,20
FOODS_1_061,FOODS_1,TX_1,TX,2016-05-21,11617,2.24,2.24,2.24,2.159963898916968,0.0,0.0,3.7054369808293304,0,0,14.0,18.0,0.0,22.0,16.25,13.76923076923077,15.1985559566787,16.0,0.9211401425178147,1.1843230403800475,0.0,1.4475059382422804,1.0691805225653208,0.9059565137949938,0,0,0,0,0,0,5,21,20
FOODS_1_061,FOODS_1,TX_2,TX,2016-05-21,11617,2.24,2.24,2.24,2.163971119133574,0.0,0.0,3.513396283073638,0,0,26.0,7.0,11.0,9.0,14.5,8.307692307692308,16.574007220216608,16.0,1.5687214114571988,0.42234807231539967,0.6636898279241995,0.5430189501197996,0.8748638640818993,0.5012482616490458,0,0,0,0,0,0,5,21,20
FOODS_1_061,FOODS_1,TX_3,TX,2016-05-21,11617,2.24,2.24,2.24,2.161594202898551,0.0,0.0,3.6272209185383875,0,0,6.0,0.0,7.0,6.0,6.0,10.615384615384615,9.119565217391305,9.0,0.6579261025029797,0.0,0.767580452920143,0.6579261025029797,0.6579261025029797,1.1640231044283487,0,0,0,0,0,0,5,21,20
FOODS_1_061,FOODS_1,WI_1,WI,2016-05-21,11617,2.24,2.24,2.24,2.163971119133574,0.0,0.0,3.513396283073638,0,0,8.0,10.0,13.0,4.0,8.75,8.461538461538462,10.516245487364621,10.0,0.7607277720562994,0.9509097150703741,1.2361826295914864,0.3803638860281497,0.8320460006865774,0.8046159127518551,0,0,0,0,0,0,5,21,20
FOODS_1_061,FOODS_1,WI_2,WI,2016-05-21,11617,2.24,2.24,2.24,2.1802166064981954,0.0,0.0,2.7420850443767284,0,0,27.0,3.0,6.0,4.0,16.75,14.076923076923077,12.63898916967509,13.0,2.1362467866323906,0.23736075407026563,0.47472150814053127,0.31648100542702085,1.3252642102256498,1.1137696921758617,0,0,0,0,0,0,5,21,20
FOODS_1_061,FOODS_1,WI_3,WI,2016-05-21,11617,2.24,2.24,2.24,2.167463235294118,0.0,0.0,3.346620303621394,0,0,10.0,2.0,10.0,9.0,7.25,8.692307692307692,11.514705882352942,10.0,0.8684546615581098,0.17369093231162194,0.8684546615581098,0.7816091954022988,0.6296296296296295,0.754887513508203,0,0,0,0,0,0,5,21,20
FOODS_1_074,FOODS_1,CA_1,CA,2016-05-21,11617,2.24,2.24,2.24,2.2315523465703975,0.0,0.0,0.3785550198983983,0,0,13.0,10.0,19.0,24.0,11.5,12.846153846153847,10.783393501805055,12.0,1.2055574154670237,0.9273518580515567,1.7619685302979577,2.225644459323736,1.0664546367592902,1.1912904638046922,0,0,0,0,0,0,5,21,20
FOODS_1_074,FOODS_1,CA_2,CA,2016-05-21,11617,2.24,2.24,2.24,2.2300361010830327,0.0,0.0,0.4468043773878116,0,0,11.0,6.0,16.0,10.0,9.5,11.461538461538462,12.570397111913357,11.0,0.8750717978173465,0.4773118897185526,1.2728317059161403,0.7955198161975876,0.7557438253877082,0.9117880970264658,0,0,0,0,0,0,5,21,20
FOODS_1_074,FOODS_1,CA_3,CA,2016-05-21,11617,2.24,2.24,2.24,2.1655595667870036,0.0,0.0,3.4374687427066437,0,0,15.0,10.0,9.0,1.0,15.5,12.538461538461538,12.570397111913357,14.0,1.1932797242963815,0.7955198161975876,0.7159678345778289,0.07955198161975877,1.2330557151062609,0.9974594618477445,0,0,0,0,0,0,5,21,20
FOODS_1_074,FOODS_1,CA_4,CA,2016-05-21,11617,2.24,2.24,2.24,2.2306859205776175,0.0,0.0,0.41754329179479077,0,0,11.0,11.0,11.0,0.0,8.0,7.384615384615385,5.097472924187725,5.0,2.157932011331445,2.157932011331445,2.157932011331445,0.0,1.5694050991501418,1.4486816299847463,0,0,0,0,0,0,5,21,20
FOODS_1_074,FOODS_1,TX_1,TX,2016-05-21,11617,2.24,2.24,2.24,2.221046931407942,0.0,0.0,0.8533394015246452,0,0,3.0,2.0,0.0,5.0,4.25,1.3076923076923077,4.148014440433213,4.0,0.7232375979112271,0.4821583986074847,0.0,1.2053959965187118,1.0245865970409052,0.31525741447412464,0,0,0,0,0,0,5,21,20
FOODS_1_074,FOODS_1,TX_2,TX,2016-05-21,11617,2.24,2.24,2.24,2.220324909747293,0.0,0.0,0.8861356356600415,0,0,3.0,3.0,9.0,2.0,2.75,4.076923076923077,4.812274368231047,4.0,0.6234058514628658,0.6234058514628658,1.870217554388597,0.4156039009752438,0.5714553638409603,0.8471925673726123,0,0,0,0,0,0,5,21,20
FOODS_1_074,FOODS_1,TX_3,TX,2016-05-21,11617,2.24,2.24,2.24,2.2029602888086646,0.0,0.0,1.6813608206876163,0,0,1.0,1.0,1.0,5.0,2.75,2.769230769230769,2.292418772563177,1.0,0.43622047244094486,0.43622047244094486,0.43622047244094486,2.181102362204724,1.1996062992125984,1.2079951544518472,0,0,0,0,0,0,5,21,20
FOODS_1_074,FOODS_1,WI_1,WI,2016-05-21,11617,2.24,2.24,2.24,2.2237184115523467,0.0,0.0,0.7321785151874303,0,0,10.0,10.0,4.0,8.0,9.75,9.461538461538462,8.631768953068592,9.0,1.1585110832287746,1.1585110832287746,0.4634044332915098,0.9268088665830196,1.1295483061480551,1.0961297172087636,0,0,0,0,0,0,5,21,20
FOODS_1_074,FOODS_1,WI_2,WI,2016-05-21,11617,2.24,2.24,2.24,2.2382671480144407,0.0,0.0,0.07741935483870681,0,0,6.0,3.0,10.0,11.0,7.0,6.615384615384615,6.194945848375451,6.0,0.9685314685314685,0.48426573426573427,1.6142191142191142,1.7756410256410255,1.1299533799533799,1.0678680294064908,0,0,0,0,0,0,5,21,20
FOODS_1_074,FOODS_1,WI_3,WI,2016-05-21,11617,2.24,2.24,2.24,2.2315523465703975,0.0,0.0,0.3785550198983983,0,0,10.0,6.0,4.0,8.0,7.5,6.0,6.592057761732852,5.0,1.5169769989047097,0.9101861993428257,0.6067907995618839,1.2135815991237677,1.1377327491785323,0.9101861993428257,0,0,0,0,0,0,5,21,20
FOODS_1_076,FOODS_1,CA_1,CA,2016-05-21,11617,5.14,5.14,5.14,5.499061371841155,0.0,0.0,-6.529502901709522,0,0,4.0,9.0,14.0,4.0,6.5,9.692307692307692,5.512635379061372,5.0,0.7256057629338573,1.6326129666011788,2.5396201702685004,0.7256057629338573,1.179109364767518,1.758198579416654,0,0,0,0,0,0,5,21,20
FOODS_1_076,FOODS_1,CA_2,CA,2016-05-21,11617,5.14,5.14,5.14,5.4973285198555955,0.0,0.0,-6.500039402138224,0,0,14.0,8.0,16.0,5.0,11.0,11.0,7.541516245487364,7.0,1.8563906175203448,1.0607946385830542,2.1215892771661085,0.6629966491144088,1.4585926280516994,1.4585926280516994,0,0,0,0,0,0,5,21,20
FOODS_1_076,FOODS_1,CA_3,CA,2016-05-21,11617,5.14,5.14,5.14,5.499097472924188,0.0,0.0,-6.530116527162323,0,0,13.0,10.0,4.0,6.0,14.0,10.615384615384615,7.014440433212997,6.0,1.8533196088522903,1.4256304683479155,0.5702521873391663,0.8553782810087494,1.9958826556870817,1.5133615740924027,0,0,0,0,0,0,5,21,20
FOODS_1_076,FOODS_1,CA_4,CA,2016-05-21,11617,5.14,5.14,5.14,5.4969675090252705,0.0,0.0,-6.493898834933605,0,0,15.0,4.0,6.0,5.0,9.5,7.153846153846154,5.148014440433213,5.0,2.9137447405329593,0.7769985974754557,1.1654978962131837,0.9712482468443198,1.8453716690042075,1.3896321070234114,0,0,0,0,0,0,5,21,20
FOODS_1_076,FOODS_1,TX_1,TX,2016-05-21,11617,6.17,6.17,6.17,6.0736101083032485,0.0,0.0,1.587027978055037,0,0,9.0,12.0,5.0,10.0,9.75,10.23076923076923,5.888086642599278,6.0,1.528510116492949,2.0380134886572656,0.8491722869405273,1.6983445738810545,1.655885959534028,1.737537140970617,0,0,0,0,0,0,5,21,20
FOODS_1_076,FOODS_1,TX_2,TX,2016-05-21,11617,6.17,6.17,6.17,6.0736101083032485,0.0,0.0,1.587027978055037,0,0,12.0,7.0,10.0,8.0,8.75,8.923076923076923,10.953068592057761,11.0,1.095583388266315,0.6390903098220172,0.912986156888596,0.7303889255108768,0.7988628872775215,0.8146645707621318,0,0,0,0,0,0,5,21,20
FOODS_1_076,FOODS_1,TX_3,TX,2016-05-21,11617,6.17,6.17,6.17,6.077256317689531,0.0,0.0,1.5260781751217727,0,0,6.0,8.0,5.0,16.0,8.25,9.76923076923077,6.216606498194946,7.0,0.9651567944250871,1.286875725900116,0.8042973286875725,2.573751451800232,1.3270905923344947,1.5714732422049495,0,0,0,0,0,0,5,21,20
FOODS_1_076,FOODS_1,WI_1,WI,2016-05-21,11617,6.72,6.72,6.72,8.074927536231883,0.0,0.0,-16.779438950410096,0,0,6.0,2.0,6.0,1.0,4.5,4.230769230769231,2.0833333333333335,1.0,2.88,0.96,2.88,0.48,2.1599999999999997,2.0307692307692307,0,0,0,0,0,0,5,21,20
FOODS_1_076,FOODS_1,WI_2,WI,2016-05-21,11617,6.72,6.72,6.72,8.118267148014441,0.0,0.0,-17.223714402604113,0,0,0.0,3.0,2.0,0.0,1.5,2.0,0.9458483754512635,1.0,0.0,3.1717557251908395,2.114503816793893,0.0,1.5858778625954197,2.114503816793893,0,0,0,0,0,0,5,21,20
FOODS_1_076,FOODS_1,WI_3,WI,2016-05-21,11617,6.72,6.72,6.72,8.107426470588235,0.0,0.0,-17.11303180635039,0,0,1.0,0.0,0.0,0.0,0.5,0.9230769230769231,0.8308823529411765,0.0,1.2035398230088494,0.0,0.0,0.0,0.6017699115044247,1.1109598366235534,0,0,0,0,0,0,5,21,20
FOODS_1_081,FOODS_1,CA_1,CA,2016-05-21,11617,5.64,5.64,5.64,5.5,0.0,0.0,2.5454545454545396,0,0,14.0,10.0,10.0,5.0,8.25,8.23076923076923,6.772908366533865,7.0,2.0670588235294116,1.476470588235294,1.476470588235294,0.738235294117647,1.2180882352941176,1.2152488687782803,0,0,0,0,0,0,5,21,20
FOODS_1_081,FOODS_1,CA_2,CA,2016-05-21,11617,5.64,5.64,5.64,5.49996015936255,0.0,0.0,2.5461973647038354,0,0,36.0,28.0,21.0,9.0,21.0,19.076923076923077,10.581673306772908,10.0,3.40210843373494,2.646084337349398,1.9845632530120483,0.850527108433735,1.9845632530120483,1.8028266913809083,0,0,0,0,0,0,5,21,20
FOODS_1_081,FOODS_1,CA_3,CA,2016-05-21,11617,5.64,5.64,5.64,5.377740384615384,0.0,0.0,4.876762294715577,0,0,7.0,7.0,1.0,3.0,5.75,5.538461538461538,4.615384615384615,4.0,1.5166666666666668,1.5166666666666668,0.21666666666666667,0.65,1.2458333333333333,1.2000000000000002,0,0,0,0,0,0,5,21,20
FOODS_1_081,FOODS_1,CA_4,CA,2016-05-21,11617,5.64,5.64,5.64,5.499681274900398,0.0,0.0,2.5513974007910605,0,0,3.0,22.0,5.0,10.0,9.0,6.538461538461538,8.872509960159363,9.0,0.33812303547373146,2.479568926807364,0.5635383924562192,1.1270767849124383,1.0143691064211944,0.7369348209042865,0,0,0,0,0,0,5,21,20
FOODS_1_081,FOODS_1,TX_1,TX,2016-05-21,11617,6.27,6.27,6.27,5.954696969696969,0.0,0.0,5.295030660797438,0,0,1.0,4.0,0.0,10.0,2.5,2.769230769230769,3.3143939393939394,3.0,0.3017142857142857,1.2068571428571429,0.0,3.017142857142857,0.7542857142857142,0.8355164835164834,0,0,0,0,0,0,5,21,20
FOODS_1_081,FOODS_1,TX_2,TX,2016-05-21,11617,6.27,6.27,6.27,5.957992424242424,0.0,0.0,5.236790407588475,0,0,7.0,4.0,5.0,2.0,8.25,6.461538461538462,6.954545454545454,6.0,1.0065359477124183,0.5751633986928105,0.7189542483660131,0.28758169934640526,1.1862745098039216,0.9291101055806938,0,0,0,0,0,0,5,21,20
FOODS_1_081,FOODS_1,TX_3,TX,2016-05-21,11617,6.27,6.27,6.27,5.9584090909090905,0.0,0.0,5.229431285044055,0,0,12.0,3.0,2.0,1.0,4.75,4.384615384615385,5.958333333333333,6.0,2.013986013986014,0.5034965034965035,0.3356643356643357,0.16783216783216784,0.7972027972027973,0.7358795051102744,0,0,0,0,0,0,5,21,20
FOODS_1_081,FOODS_1,WI_1,WI,2016-05-21,11617,7.27,7.27,7.27,7.045240384615385,0.0,0.0,3.1902334500242193,0,0,4.0,3.0,2.0,5.0,5.5,5.6923076923076925,6.283653846153846,6.0,0.6365723029839327,0.4774292272379495,0.3182861514919664,0.7957153787299159,0.8752869166029075,0.9058913542463658,0,0,0,0,0,0,5,21,20
FOODS_1_081,FOODS_1,WI_2,WI,2016-05-21,11617,7.27,7.27,7.27,7.043653846153846,0.0,0.0,3.2134763971933293,0,0,5.0,0.0,0.0,4.0,2.5,1.5384615384615385,2.326923076923077,2.0,2.1487603305785123,0.0,0.0,1.7190082644628097,1.0743801652892562,0.6611570247933884,0,0,0,0,0,0,5,21,20
FOODS_1_081,FOODS_1,WI_3,WI,2016-05-21,11617,7.27,7.27,7.27,7.036586538461538,0.0,0.0,3.317140495077237,0,0,3.0,18.0,11.0,1.0,5.75,4.0,2.5096153846153846,2.0,1.1954022988505748,7.172413793103448,4.383141762452107,0.3984674329501916,2.2911877394636018,1.5938697318007664,0,0,0,0,0,0,5,21,20
FOODS_1_087,FOODS_1,CA_1,CA,2016-05-21,11617,5.64,5.64,5.64,5.497330677290837,0.0,0.0,2.5952472406020988,0,0,23.0,28.0,33.0,14.0,20.75,21.846153846153847,13.366533864541832,14.0,1.720715350223547,2.09478390461997,2.4688524590163934,1.047391952309985,1.5523845007451564,1.6343918376705262,0,0,0,0,0,0,5,21,20
FOODS_1_087,FOODS_1,CA_2,CA,2016-05-21,11617,5.64,5.64,5.64,5.500398406374502,0.0,0.0,2.538026944806605,0,0,39.0,40.0,9.0,26.0,47.5,39.38461538461539,24.191235059760956,22.0,1.6121541501976284,1.6534914361001318,0.37203557312252966,1.0747694334650857,1.9635210803689065,1.628053106313976,0,0,0,0,0,0,5,21,20
FOODS_1_087,FOODS_1,CA_3,CA,2016-05-21,11617,5.64,5.64,5.64,5.49804780876494,0.0,0.0,2.581865348801818,0,0,45.0,27.0,17.0,13.0,33.25,34.53846153846154,20.764940239043824,22.0,2.1671143514965463,1.300268610897928,0.8186876438986953,0.6260552570990023,1.6012567152724482,1.663306570635811,0,0,0,0,0,0,5,21,20
FOODS_1_087,FOODS_1,CA_4,CA,2016-05-21,11617,5.64,5.64,5.64,5.499681274900398,0.0,0.0,2.5513974007910605,0,0,23.0,25.0,24.0,21.0,25.0,19.0,17.163346613545816,18.0,1.3400649953574746,1.4565923862581245,1.3983286908077994,1.2235376044568247,1.4565923862581245,1.1070102135561746,0,0,0,0,0,0,5,21,20
FOODS_1_087,FOODS_1,TX_1,TX,2016-05-21,11617,6.27,6.27,6.27,5.962992424242424,0.0,0.0,5.148548814340974,0,0,13.0,17.0,17.0,7.0,16.0,17.23076923076923,12.742424242424242,13.0,1.0202140309155767,1.334126040428062,1.334126040428062,0.549346016646849,1.2556480380499406,1.3522363486691666,0,0,0,0,0,0,5,21,20
FOODS_1_087,FOODS_1,TX_2,TX,2016-05-21,11617,6.27,6.27,6.27,5.958295454545454,0.0,0.0,5.231438216390439,0,0,16.0,30.0,32.0,16.0,26.5,24.46153846153846,24.064393939393938,24.0,0.6648827325672911,1.2466551235636707,1.3297654651345823,0.6648827325672911,1.101212025814576,1.0165034084442237,0,0,0,0,0,0,5,21,20
FOODS_1_087,FOODS_1,TX_3,TX,2016-05-21,11617,6.27,6.27,6.27,5.957462121212121,0.0,0.0,5.246158052353491,0,0,14.0,14.0,33.0,29.0,23.75,26.615384615384617,26.53787878787879,26.0,0.5275478161575792,0.5275478161575792,1.243505566657151,1.092777619183557,0.8949471881244647,1.002920573574299,0,0,0,0,0,0,5,21,20
FOODS_1_087,FOODS_1,WI_1,WI,2016-05-21,11617,7.27,7.27,7.27,7.0149019607843135,0.0,0.0,3.636516100178888,0,0,23.0,18.0,20.0,8.0,17.75,16.307692307692307,11.583333333333334,11.0,1.9856115107913668,1.553956834532374,1.7266187050359711,0.6906474820143884,1.5323741007194245,1.407858328721638,0,0,0,0,0,0,5,21,20
FOODS_1_087,FOODS_1,WI_2,WI,2016-05-21,11617,7.27,7.27,7.27,7.011274509803921,0.0,0.0,3.690134936726562,0,0,4.0,6.0,7.0,4.0,5.25,5.076923076923077,3.215686274509804,3.0,1.2439024390243902,1.8658536585365852,2.176829268292683,1.2439024390243902,1.6326219512195121,1.5787992495309566,0,0,0,0,0,0,5,21,20
FOODS_1_087,FOODS_1,WI_3,WI,2016-05-21,11617,7.27,7.27,7.27,7.235258964143426,0.0,0.0,0.48016299110706573,0,0,8.0,6.0,10.0,5.0,8.5,7.615384615384615,4.693227091633466,4.0,1.7045840407470287,1.2784380305602716,2.130730050933786,1.065365025466893,1.811120543293718,1.622632884941883,0,0,0,0,0,0,5,21,20
FOODS_1_096,FOODS_1,CA_1,CA,2016-05-21,11617,5.74,5.74,5.74,5.911985559566786,0.0,0.0,-2.909099791160327,0,0,4.0,8.0,7.0,0.0,5.75,4.538461538461538,2.2093862815884475,2.0,1.8104575163398693,3.6209150326797386,3.1683006535947715,0.0,2.6025326797385624,2.054172951231775,0,0,0,0,0,0,5,21,20
FOODS_1_096,FOODS_1,CA_2,CA,2016-05-21,11617,5.74,5.74,5.74,5.905234657039712,0.0,0.0,-2.798104844872386,0,0,15.0,14.0,29.0,4.0,14.75,18.23076923076923,7.050541516245487,6.0,2.1274961597542243,1.985663082437276,4.1131592421915,0.5673323092677931,2.0920378904249874,2.585726101855134,0,0,0,0,0,0,5,21,20
FOODS_1_096,FOODS_1,CA_3,CA,2016-05-21,11617,5.74,5.74,5.74,5.9126353790613715,0.0,0.0,-2.919770423739153,0,0,27.0,19.0,17.0,13.0,18.0,16.0,10.653429602888087,11.0,2.534395120298204,1.7834632328024398,1.5957302609284987,1.2202643171806167,1.6895967468654693,1.5018637749915282,0,0,0,0,0,0,5,21,20
FOODS_1_096,FOODS_1,CA_4,CA,2016-05-21,11617,5.74,5.74,5.74,5.905523465703971,0.0,0.0,-2.8028584877401634,0,0,5.0,7.0,1.0,12.0,3.5,4.0,3.3176895306859207,3.0,1.5070729053318825,2.1099020674646356,0.3014145810663765,3.616974972796518,1.0549510337323178,1.205658324265506,0,0,0,0,0,0,5,21,20
FOODS_1_096,FOODS_1,TX_1,TX,2016-05-21,11617,6.38,6.38,6.38,6.419169675090252,0.0,0.0,-0.6101984691610705,0,0,52.0,32.0,12.0,34.0,45.0,41.76923076923077,18.902527075812273,14.0,2.750954927425516,1.6928953399541635,0.6348357524828113,1.798701298701299,2.3806340718105425,2.209716753834401,0,0,0,0,0,0,5,21,20
FOODS_1_096,FOODS_1,TX_2,TX,2016-05-21,11617,6.38,6.38,6.38,6.424476534296029,0.0,0.0,-0.6922981827172747,0,0,32.0,30.0,36.0,48.0,31.75,38.92307692307692,27.55956678700361,26.0,1.1611212994498297,1.0885512182342154,1.3062614618810584,1.7416819491747446,1.1520500392978779,1.4123254267346486,0,0,0,0,0,0,5,21,20
FOODS_1_096,FOODS_1,TX_3,TX,2016-05-21,11617,6.38,6.38,6.38,6.389891696750903,0.0,0.0,-0.15480225988701063,0,0,218.0,170.0,227.0,106.0,164.5,184.84615384615384,75.49097472924188,41.0,2.8877624216919324,2.2519248242551764,3.006981971211324,1.4041413610061688,2.179068432882215,2.4485861324367373,0,0,0,0,0,0,5,21,20
FOODS_1_096,FOODS_1,WI_1,WI,2016-05-21,11617,7.23,7.23,7.23,7.982310469314079,0.0,0.0,-9.424720727239826,0,0,112.0,93.0,99.0,99.0,98.5,97.46153846153847,39.78339350180505,27.0,2.8152450090744106,2.3376588021778586,2.488475499092559,2.488475499092559,2.475907441016334,2.449804551165713,0,0,0,0,0,0,5,21,20
FOODS_1_096,FOODS_1,WI_2,WI,2016-05-21,11617,7.23,7.23,7.23,8.001010830324908,0.0,0.0,-9.636417781146765,0,0,329.0,396.0,413.0,118.0,362.0,385.3076923076923,111.95306859205776,55.0,2.9387314178839765,3.5371964786688594,3.6890458224500984,1.0540130921285995,3.2334977911063816,3.441689425340388,0,0,0,0,0,0,5,21,20
FOODS_1_096,FOODS_1,WI_3,WI,2016-05-21,11617,7.23,7.23,7.23,8.012382671480143,0.0,0.0,-9.764669306984207,0,0,191.0,166.0,152.0,58.0,166.5,156.0,48.75090252707581,38.0,3.9178761848341237,3.4050651658767777,3.1178909952606637,1.1897215639810428,3.4153213862559246,3.199940758293839,0,0,0,0,0,0,5,21,20
FOODS_1_129,FOODS_1,CA_1,CA,2016-05-21,11617,5.74,5.74,5.74,5.974657039711191,0.0,0.0,-3.927539909847849,0,0,3.0,3.0,3.0,5.0,4.5,6.076923076923077,2.9097472924187726,2.0,1.031017369727047,1.031017369727047,1.031017369727047,1.718362282878412,1.5465260545905708,2.088471082267608,0,0,0,0,0,0,5,21,20
FOODS_1_129,FOODS_1,CA_2,CA,2016-05-21,11617,5.74,5.74,5.74,5.90826714801444,0.0,0.0,-2.847994916258799,0,0,3.0,10.0,9.0,8.0,10.5,14.615384615384615,10.270758122743683,9.0,0.292091388400703,0.9736379613356766,0.876274165202109,0.7789103690685413,1.0223198594024605,1.4230093281059888,0,0,0,0,0,0,5,21,20
FOODS_1_129,FOODS_1,CA_3,CA,2016-05-21,11617,5.74,5.74,5.74,5.903429602888087,0.0,0.0,-2.768384039137749,0,0,23.0,6.0,11.0,12.0,14.0,10.076923076923077,9.436823104693142,9.0,2.4372609028309102,0.6358071920428462,1.1656465187452179,1.2716143840856924,1.483550114766641,1.0678300276617032,0,0,0,0,0,0,5,21,20
FOODS_1_129,FOODS_1,CA_4,CA,2016-05-21,11617,5.74,5.74,5.74,5.907328519855596,0.0,0.0,-2.8325582248079497,0,0,10.0,5.0,3.0,0.0,6.75,6.3076923076923075,5.108303249097473,5.0,1.9575971731448765,0.9787985865724382,0.5872791519434629,0.0,1.3213780918727915,1.2347920630606144,0,0,0,0,0,0,5,21,20
FOODS_1_129,FOODS_1,TX_1,TX,2016-05-21,11617,6.38,6.38,6.38,6.415198555956679,0.0,0.0,-0.5486744587818942,0,0,58.0,26.0,62.0,47.0,45.75,53.0,19.85198555956679,15.0,2.9216221131114746,1.309692671394799,3.123113293326059,2.3675213675213675,2.30455537370431,2.6697581378432442,0,0,0,0,0,0,5,21,20
FOODS_1_129,FOODS_1,TX_2,TX,2016-05-21,11617,6.38,6.38,6.38,6.421949458483755,0.0,0.0,-0.6532200035977731,0,0,34.0,24.0,46.0,44.0,28.25,34.46153846153846,24.350180505415164,26.0,1.3962935507783543,0.9856189770200148,1.8891030392883617,1.8069681245366938,1.160155670867309,1.4152477618748929,0,0,0,0,0,0,5,21,20
FOODS_1_129,FOODS_1,TX_3,TX,2016-05-21,11617,6.38,6.38,6.38,6.418736462093863,0.0,0.0,-0.6034904583265376,0,0,81.0,104.0,52.0,0.0,89.5,74.3076923076923,29.267148014440433,28.0,2.7676082397927715,3.5534723078820774,1.7767361539410387,0.0,3.0580362649562107,2.538945450750064,0,0,0,0,0,0,5,21,20
FOODS_1_129,FOODS_1,WI_1,WI,2016-05-21,11617,7.23,7.23,7.23,8.00725631768953,0.0,0.0,-9.706899427865503,0,0,16.0,11.0,1.0,24.0,13.5,10.076923076923077,8.844765342960288,7.0,1.8089795918367348,1.2436734693877551,0.11306122448979593,2.713469387755102,1.5263265306122449,1.1393092621664052,0,0,0,0,0,0,5,21,20
FOODS_1_129,FOODS_1,WI_2,WI,2016-05-21,11617,7.23,7.23,7.23,8.0214440433213,0.0,0.0,-9.866603058588431,0,0,33.0,34.0,26.0,14.0,33.0,32.38461538461539,17.750902527075812,14.0,1.8590604026845639,1.9153955664022777,1.4647142566605653,0.7886922920479967,1.8590604026845639,1.8243926096275092,0,0,0,0,0,0,5,21,20
FOODS_1_129,FOODS_1,WI_3,WI,2016-05-21,11617,7.23,7.23,7.23,8.04494584837545,0.0,0.0,-10.129910924633696,0,0,13.0,11.0,24.0,18.0,15.0,17.0,10.490974729241877,9.0,1.2391603578802477,1.048520302821748,2.2876806607019957,1.715760495526497,1.4298004129387474,1.620440467997247,0,0,0,0,0,0,5,21,20
FOODS_1_150,FOODS_1,CA_1,CA,2016-05-21,11617,5.28,5.28,5.28,4.870324909747293,0.0,0.0,8.411658315296348,0,0,7.0,4.0,5.0,0.0,5.25,8.0,8.451263537906136,8.0,0.8282785134557882,0.4733020076890218,0.5916275096112773,0.0,0.6212088850918411,0.9466040153780436,0,0,0,0,0,0,5,21,20
FOODS_1_150,FOODS_1,CA_2,CA,2016-05-21,11617,5.28,5.28,5.28,4.8649819494584845,0.0,0.0,8.530721282279597,0,0,31.0,31.0,38.0,0.0,28.0,33.61538461538461,27.32129963898917,27.0,1.1346458773784356,1.1346458773784356,1.3908562367864692,0.0,1.0248414376321353,1.230372824849569,0,0,0,0,0,0,5,21,20
FOODS_1_150,FOODS_1,CA_3,CA,2016-05-21,11617,5.28,5.28,5.28,4.828339350180506,0.0,0.0,9.354368387603275,0,0,24.0,27.0,39.0,1.0,21.5,23.46153846153846,25.42960288808664,24.0,0.9437819420783646,1.0617546848381603,1.5336456558773426,0.039324247586598526,0.8454713231118683,0.9226073472240423,0,0,0,0,0,0,5,21,20
FOODS_1_150,FOODS_1,CA_4,CA,2016-05-21,11617,5.28,5.28,5.28,4.870108303249097,0.0,0.0,8.416480111488355,0,0,5.0,6.0,5.0,0.0,5.0,5.0,2.931407942238267,2.0,1.7056650246305418,2.0467980295566504,1.7056650246305418,0.0,1.7056650246305418,1.7056650246305418,0,0,0,0,0,0,5,21,20
FOODS_1_150,FOODS_1,TX_1,TX,2016-05-21,11617,5.28,5.28,5.28,4.853321299638989,0.0,0.0,8.791478536414827,0,0,14.0,11.0,11.0,0.0,10.5,7.923076923076923,8.772563176895307,8.0,1.5958847736625514,1.253909465020576,1.253909465020576,0.0,1.1969135802469135,0.9031655587211143,0,0,0,0,0,0,5,21,20
FOODS_1_150,FOODS_1,TX_2,TX,2016-05-21,11617,5.28,5.28,5.28,4.869711191335741,0.0,0.0,8.425321185253269,0,0,11.0,4.0,15.0,0.0,10.5,11.461538461538462,13.277978339350181,13.0,0.8284393692224035,0.3012506797172376,1.129690048939641,0.0,0.7907830342577488,0.8631990630359309,0,0,0,0,0,0,5,21,20
FOODS_1_150,FOODS_1,TX_3,TX,2016-05-21,11617,5.28,5.28,5.28,4.865198555956679,0.0,0.0,8.525889319264495,0,0,4.0,1.0,3.0,0.0,5.25,6.538461538461538,8.703971119133573,8.0,0.45956034840315224,0.11489008710078806,0.34467026130236417,0.0,0.6031729572791373,0.7512044156589989,0,0,0,0,0,0,5,21,20
FOODS_1_150,FOODS_1,WI_1,WI,2016-05-21,11617,5.28,5.28,5.28,4.8699277978339355,0.0,0.0,8.420498602637563,0,0,6.0,3.0,2.0,0.0,4.25,2.3076923076923075,2.2851985559566788,2.0,2.625592417061611,1.3127962085308056,0.8751974723538705,0.0,1.8597946287519747,1.0098432373313888,0,0,0,0,0,0,5,21,20
FOODS_1_150,FOODS_1,WI_2,WI,2016-05-21,11617,5.28,5.28,5.28,4.8992779783393505,0.0,0.0,7.770982241544468,0,0,2.0,0.0,1.0,0.0,3.0,2.4615384615384617,2.407942238267148,2.0,0.8305847076461769,0.0,0.41529235382308843,0.0,1.2458770614692654,1.0222581017183716,0,0,0,0,0,0,5,21,20
FOODS_1_150,FOODS_1,WI_3,WI,2016-05-21,11617,5.28,5.28,5.28,4.867761732851986,0.0,0.0,8.468743742444577,0,0,3.0,2.0,2.0,0.0,3.0,3.6153846153846154,4.646209386281589,4.0,0.6456876456876457,0.4304584304584304,0.4304584304584304,0.0,0.6456876456876457,0.7781363935210088,0,0,0,0,0,0,5,21,20
FOODS_1_166,FOODS_1,CA_1,CA,2016-05-21,11617,2.24,2.24,2.24,2.1648736462093865,0.0,0.0,3.4702419664148607,0,0,17.0,13.0,20.0,29.0,14.5,17.692307692307693,15.227436823104693,17.0,1.1164058795637744,0.8537221431958274,1.3134186818397344,1.904457088667615,0.9522285443338075,1.1618703723966883,0,0,0,0,0,0,5,21,20
FOODS_1_166,FOODS_1,CA_2,CA,2016-05-21,11617,2.24,2.24,2.24,2.1648736462093865,0.0,0.0,3.4702419664148607,0,0,9.0,18.0,11.0,11.0,15.0,13.076923076923077,14.96028880866426,15.0,0.6015926640926641,1.2031853281853282,0.7352799227799228,0.7352799227799228,1.0026544401544402,0.8741089991089991,0,0,0,0,0,0,5,21,20
FOODS_1_166,FOODS_1,CA_3,CA,2016-05-21,11617,2.24,2.24,2.24,2.112202166064982,0.0,0.0,6.050454638681891,0,0,19.0,24.0,19.0,20.0,21.5,20.0,18.90974729241877,21.0,1.0047728140511647,1.2691867124856817,1.0047728140511647,1.057655593738068,1.136979763268423,1.057655593738068,0,0,0,0,0,0,5,21,20
FOODS_1_166,FOODS_1,CA_4,CA,2016-05-21,11617,2.24,2.24,2.24,2.1655234657039713,0.0,0.0,3.439193131616241,0,0,4.0,7.0,10.0,5.0,8.25,9.538461538461538,9.95667870036101,11.0,0.40174039158810737,0.7030456852791879,1.0043509789702685,0.5021754894851342,0.8285895576504714,0.9579963184024098,0,0,0,0,0,0,5,21,20
FOODS_1_166,FOODS_1,TX_1,TX,2016-05-21,11617,2.24,2.24,2.24,2.156750902527076,0.0,0.0,3.8599310367915427,0,0,13.0,8.0,2.0,17.0,8.5,8.23076923076923,8.4043321299639,8.0,1.5468213058419242,0.9518900343642611,0.23797250859106528,2.022766323024055,1.0113831615120275,0.9793484007401532,0,0,0,0,0,0,5,21,20
FOODS_1_166,FOODS_1,TX_2,TX,2016-05-21,11617,2.24,2.24,2.24,2.161046931407942,0.0,0.0,3.6534638579375702,0,0,9.0,12.0,14.0,1.0,12.25,9.538461538461538,9.548736462093864,9.0,0.9425330812854442,1.2567107750472588,1.4661625708884687,0.10472589792060491,1.2828922495274102,0.9989239493965391,0,0,0,0,0,0,5,21,20
FOODS_1_166,FOODS_1,TX_3,TX,2016-05-21,11617,2.24,2.24,2.24,2.1662093862815888,0.0,0.0,3.4064395706952815,0,0,3.0,4.0,3.0,7.0,3.75,2.8461538461538463,5.418772563176895,4.0,0.5536309127248501,0.7381745502998002,0.5536309127248501,1.2918054630246503,0.6920386409060627,0.5252395838671655,0,0,0,0,0,0,5,21,20
FOODS_1_166,FOODS_1,WI_1,WI,2016-05-21,11617,2.24,2.24,2.24,2.1655234657039713,0.0,0.0,3.439193131616241,0,0,19.0,13.0,20.0,19.0,17.0,17.53846153846154,19.404332129963898,20.0,0.9791627906976745,0.6699534883720931,1.0306976744186047,0.9791627906976745,0.8760930232558141,0.9038425760286227,0,0,0,0,0,0,5,21,20
FOODS_1_166,FOODS_1,WI_2,WI,2016-05-21,11617,2.24,2.24,2.24,2.1661732851985565,0.0,0.0,3.40816292518706,0,0,24.0,5.0,10.0,0.0,14.0,13.923076923076923,13.660649819494585,14.0,1.7568710359408033,0.36601479915433405,0.7320295983086681,0.0,1.0248414376321353,1.0192104407220686,0,0,0,0,0,0,5,21,20
FOODS_1_166,FOODS_1,WI_3,WI,2016-05-21,11617,2.24,2.24,2.24,2.1747058823529417,0.0,0.0,3.0024344062753427,0,0,16.0,7.0,17.0,8.0,12.25,12.384615384615385,9.816176470588236,9.0,1.6299625468164793,0.7131086142322097,1.7318352059925093,0.8149812734082397,1.247940074906367,1.2616537021031404,0,0,0,0,0,0,5,21,20
FOODS_1_170,FOODS_1,CA_1,CA,2016-05-21,11617,5.64,5.64,5.64,5.497649402390438,0.0,0.0,2.5892993021283925,0,0,23.0,24.0,0.0,38.0,20.5,7.3076923076923075,19.44621513944223,13.0,1.1827494365908626,1.2341733251382914,0.0,1.9541077648022946,1.0541897152222905,0.37578995476967203,0,0,0,0,0,0,5,21,20
FOODS_1_170,FOODS_1,CA_2,CA,2016-05-21,11617,5.64,5.64,5.64,5.49980079681275,0.0,0.0,2.549168749320857,0,0,40.0,62.0,45.0,22.0,57.0,58.38461538461539,38.581673306772906,42.0,1.036761668731929,1.60698058653449,1.16635687732342,0.570218917802561,1.4773853779429988,1.5132732818606427,0,0,0,0,0,0,5,21,20
FOODS_1_170,FOODS_1,CA_3,CA,2016-05-21,11617,5.64,5.64,5.64,5.50011952191235,0.0,0.0,2.5432261522748485,0,0,91.0,74.0,71.0,60.0,77.5,73.76923076923077,60.26294820717131,68.0,1.5100489223852969,1.227951870950681,1.1781700383445723,0.9956366521221738,1.2860306756578077,1.2241224992117496,0,0,0,0,0,0,5,21,20
FOODS_1_170,FOODS_1,CA_4,CA,2016-05-21,11617,5.64,5.64,5.64,5.499681274900398,0.0,0.0,2.5513974007910605,0,0,55.0,65.0,25.0,35.0,60.0,49.15384615384615,35.47011952191235,40.0,1.5506009210378524,1.8325283612265528,0.704818600471751,0.9867460406604515,1.6915646411322025,1.3857818021583044,0,0,0,0,0,0,5,21,20
FOODS_1_170,FOODS_1,TX_1,TX,2016-05-21,11617,6.27,6.27,6.27,5.958939393939394,0.0,0.0,5.220066617508701,0,0,26.0,25.0,16.0,26.0,26.75,23.692307692307693,18.518939393939394,18.0,1.403968091634281,1.3499693188791164,0.8639803640826345,1.403968091634281,1.4444671712006545,1.2793555391223626,0,0,0,0,0,0,5,21,20
FOODS_1_170,FOODS_1,TX_2,TX,2016-05-21,11617,6.27,6.27,6.27,5.962462121212121,0.0,0.0,5.1579007553570655,0,0,19.0,27.0,30.0,16.0,28.25,24.0,25.765151515151516,26.0,0.7374301675977654,1.0479270802705087,1.1643634225227875,0.6209938253454866,1.0964422228756248,0.9314907380182299,0,0,0,0,0,0,5,21,20
FOODS_1_170,FOODS_1,TX_3,TX,2016-05-21,11617,6.27,6.27,6.27,5.9575,0.0,0.0,5.245488879563576,0,0,36.0,39.0,32.0,7.0,39.0,42.23076923076923,32.88636363636363,35.0,1.0946786454733934,1.1859018659295095,0.9730476848652385,0.21285418106427093,1.1859018659295095,1.2841422571899423,0,0,0,0,0,0,5,21,20
FOODS_1_170,FOODS_1,WI_1,WI,2016-05-21,11617,7.27,7.27,7.27,7.221713147410359,0.0,0.0,0.6686343199183417,0,0,14.0,13.0,14.0,21.0,16.5,13.692307692307692,11.43824701195219,12.0,1.2239637756879136,1.1365377917102055,1.2239637756879136,1.8359456635318705,1.4425287356321839,1.1970634729255418,0,0,0,0,0,0,5,21,20
FOODS_1_170,FOODS_1,WI_2,WI,2016-05-21,11617,7.27,7.27,7.27,7.229800796812749,0.0,0.0,0.5560208962461627,0,0,8.0,15.0,18.0,3.0,11.25,11.384615384615385,6.326693227091633,6.0,1.2644836272040303,2.370906801007557,2.845088161209068,0.47418136020151136,1.7781801007556677,1.7994574694826586,0,0,0,0,0,0,5,21,20
FOODS_1_170,FOODS_1,WI_3,WI,2016-05-21,11617,7.27,7.27,7.27,7.2274501992031865,0.0,0.0,0.5887249254447173,0,0,10.0,13.0,16.0,12.0,11.5,11.76923076923077,7.127490039840637,7.0,1.403018446059251,1.8239239798770264,2.2448295136948015,1.6836221352711012,1.6134712129681386,1.651244786515888,0,0,0,0,0,0,5,21,20
FOODS_1_187,FOODS_1,CA_1,CA,2016-05-21,11617,9.98,9.94,9.94,9.178447653429602,0.4024144869215385,0.4024144869215385,8.732983798963996,0,1,6.0,17.0,6.0,0.0,11.25,7.538461538461538,7.765342960288809,7.0,0.7726638772663877,2.1892143189214317,0.7726638772663877,0.0,1.4487447698744769,0.970782820155205,0,0,0,0,0,0,5,21,20
FOODS_1_187,FOODS_1,CA_2,CA,2016-05-21,11617,9.98,9.98,9.94,9.182971014492754,0.0,0.4024144869215385,8.679423949496943,0,0,14.0,24.0,6.0,0.0,20.75,15.923076923076923,23.445652173913043,21.0,0.5971256374594344,1.023643949930459,0.25591098748261476,0.0,0.885025498377376,0.6791483898577084,0,0,0,0,0,0,5,21,20
FOODS_1_187,FOODS_1,CA_3,CA,2016-05-21,11617,9.98,9.98,9.94,9.137080291970802,0.0,0.4024144869215385,9.225263225167375,0,0,6.0,20.0,19.0,0.0,12.75,15.538461538461538,16.357664233576642,15.0,0.3668005354752343,1.2226684515841142,1.1615350290049085,0.0,0.7794511378848729,0.9499193354615041,0,0,0,0,0,0,5,21,20
FOODS_1_187,FOODS_1,CA_4,CA,2016-05-21,11617,9.98,9.98,9.94,9.162382671480145,0.0,0.4024144869215385,8.92363217992261,0,0,1.0,5.0,7.0,0.0,3.25,5.230769230769231,4.537906137184115,4.0,0.22036595067621323,1.1018297533810661,1.5425616547334926,0.0,0.7161893396976929,1.1526834343063461,0,0,0,0,0,0,5,21,20
FOODS_1_187,FOODS_1,TX_1,TX,2016-05-21,11617,9.98,9.94,9.94,9.179202898550725,0.4024144869215385,0.4024144869215385,8.724037482336405,0,1,5.0,15.0,2.0,0.0,11.5,11.076923076923077,5.86231884057971,5.0,0.8529048207663783,2.5587144622991347,0.3411619283065513,0.0,1.96168108776267,1.8895122183132071,0,0,0,0,0,0,5,21,20
FOODS_1_187,FOODS_1,TX_2,TX,2016-05-21,11617,9.98,9.94,9.94,9.167653429602888,0.4024144869215385,0.4024144869215385,8.86100872633337,0,1,8.0,19.0,5.0,0.0,10.0,9.23076923076923,7.148014440433213,6.0,1.119191919191919,2.658080808080808,0.6994949494949495,0.0,1.398989898989899,1.2913752913752912,0,0,0,0,0,0,5,21,20
FOODS_1_187,FOODS_1,TX_3,TX,2016-05-21,11617,9.98,9.98,9.94,9.186739130434782,0.0,0.4024144869215385,8.634847014837083,0,0,4.0,14.0,5.0,0.0,8.5,8.23076923076923,6.5144927536231885,5.0,0.6140155728587319,2.149054505005562,0.7675194660734149,0.0,1.3047830923248054,1.2634551210746983,0,0,0,0,0,0,5,21,20
FOODS_1_187,FOODS_1,WI_1,WI,2016-05-21,11617,9.98,9.98,9.94,9.178592057761733,0.0,0.4024144869215385,8.731273132033023,0,0,6.0,5.0,6.0,0.0,7.0,4.923076923076923,6.501805054151625,6.0,0.9228206551915602,0.7690172126596335,0.9228206551915602,0.0,1.0766240977234869,0.7571861786187162,0,0,0,0,0,0,5,21,20
FOODS_1_187,FOODS_1,WI_2,WI,2016-05-21,11617,9.98,9.98,9.94,9.273113553113554,0.0,0.4024144869215385,7.622967656306782,0,0,6.0,9.0,10.0,0.0,8.25,9.384615384615385,7.21978021978022,6.0,0.8310502283105022,1.2465753424657533,1.3850837138508372,0.0,1.1426940639269407,1.299847792998478,0,0,0,0,0,0,5,21,20
FOODS_1_187,FOODS_1,WI_3,WI,2016-05-21,11617,9.98,9.98,9.94,9.18738181818182,0.0,0.4024144869215385,8.627247647959841,0,0,7.0,1.0,4.0,0.0,5.0,4.769230769230769,5.345454545454546,5.0,1.3095238095238095,0.18707482993197277,0.7482993197278911,0.0,0.9353741496598639,0.8922030350601778,0,0,0,0,0,0,5,21,20
FOODS_1_192,FOODS_1,CA_1,CA,2016-05-21,11617,2.24,2.24,2.24,2.3461371841155234,0.0,0.0,-4.523912106850484,0,0,20.0,9.0,0.0,6.0,14.5,4.461538461538462,6.371841155234657,7.0,3.138810198300283,1.4124645892351275,0.0,0.941643059490085,2.2756373937677052,0.700196121159294,0,0,0,0,0,0,5,21,20
FOODS_1_192,FOODS_1,CA_2,CA,2016-05-21,11617,2.24,2.24,2.24,2.3430324909747293,0.0,0.0,-4.397399155650051,0,0,21.0,9.0,0.0,6.0,19.25,6.0,15.12274368231047,16.0,1.3886369061828598,0.595130102649797,0.0,0.3967534017665314,1.272917164000955,0.3967534017665314,0,0,0,0,0,0,5,21,20
FOODS_1_192,FOODS_1,CA_3,CA,2016-05-21,11617,2.24,2.24,1.98,2.2799277978339347,0.0,13.131313131313144,-1.7512746619374644,0,0,5.0,2.0,0.0,0.0,11.5,3.6923076923076925,14.635379061371841,13.0,0.34163788850518007,0.13665515540207201,0.0,0.0,0.7857671435619141,0.25228644074228684,0,0,0,0,0,0,5,21,20
FOODS_1_192,FOODS_1,CA_4,CA,2016-05-21,11617,2.24,2.24,2.24,2.3452707581227434,0.0,0.0,-4.488639862077439,0,0,6.0,0.0,0.0,6.0,6.0,1.8461538461538463,4.689530685920578,5.0,1.279445727482679,0.0,0.0,1.279445727482679,1.279445727482679,0.3936756084562089,0,0,0,0,0,0,5,21,20
FOODS_1_192,FOODS_1,TX_1,TX,2016-05-21,11617,2.24,2.24,2.24,2.319241877256318,0.0,0.0,-3.4167146615195527,0,0,0.0,2.0,0.0,13.0,1.5,0.46153846153846156,6.375451263537906,5.0,0.0,0.31370328425821065,0.0,2.039071347678369,0.23527746319365797,0.07239306559804862,0,0,0,0,0,0,5,21,20
FOODS_1_192,FOODS_1,TX_2,TX,2016-05-21,11617,2.24,2.24,2.24,2.3145126353790615,0.0,0.0,-3.2193661093087056,0,0,3.0,1.0,0.0,5.0,3.75,1.1538461538461537,5.718411552346571,6.0,0.524621212121212,0.17487373737373735,0.0,0.8743686868686869,0.6557765151515151,0.20177738927738925,0,0,0,0,0,0,5,21,20
FOODS_1_192,FOODS_1,TX_3,TX,2016-05-21,11617,2.24,2.24,2.24,2.3497472924187726,0.0,0.0,-4.670599803343157,0,0,7.0,3.0,0.0,0.0,5.25,1.6153846153846154,2.844765342960289,2.0,2.4606598984771573,1.0545685279187818,0.0,0.0,1.845494923857868,0.5678445919562671,0,0,0,0,0,0,5,21,20
FOODS_1_192,FOODS_1,WI_1,WI,2016-05-21,11617,2.24,2.24,2.24,2.304404332129964,0.0,0.0,-2.794836445669873,0,0,11.0,1.0,0.0,6.0,6.25,1.9230769230769231,4.76173285198556,5.0,2.3100833965125096,0.2100075815011372,0.0,1.2600454890068233,1.3125473843821076,0.40386073365603314,0,0,0,0,0,0,5,21,20
FOODS_1_192,FOODS_1,WI_2,WI,2016-05-21,11617,2.24,2.24,2.24,2.477689530685921,0.0,0.0,-9.59319267979951,0,0,14.0,0.0,0.0,6.0,7.0,2.1538461538461537,5.212996389891697,5.0,2.685595567867036,0.0,0.0,1.1509695290858726,1.342797783933518,0.4131685489026209,0,0,0,0,0,0,5,21,20
FOODS_1_192,FOODS_1,WI_3,WI,2016-05-21,11617,2.24,2.24,2.24,2.344548736462094,0.0,0.0,-4.459226410445921,0,0,7.0,6.0,0.0,1.0,8.0,2.4615384615384617,5.292418772563177,4.0,1.3226466575716236,1.1336971350613916,0.0,0.18894952251023192,1.5115961800818554,0.46510651694826327,0,0,0,0,0,0,5,21,20
FOODS_1_201,FOODS_1,CA_1,CA,2016-05-21,11617,2.24,2.24,2.24,2.163321299638989,0.0,0.0,3.5444896869368048,0,0,13.0,14.0,13.0,21.0,18.0,15.538461538461538,14.379061371841155,15.0,0.9040923926688426,0.9736379613356766,0.9040923926688426,1.460456942003515,1.2518202360030128,1.0806311439000367,0,0,0,0,0,0,5,21,20
FOODS_1_201,FOODS_1,CA_2,CA,2016-05-21,11617,2.24,2.24,2.24,2.1664259927797835,0.0,0.0,3.3961006498916877,0,0,18.0,11.0,10.0,19.0,10.75,12.153846153846153,15.689530685920577,16.0,1.1472618499769904,0.7011044638748275,0.6373676944316613,1.2109986194201565,0.685170271514036,0.7746468901554038,0,0,0,0,0,0,5,21,20
FOODS_1_201,FOODS_1,CA_3,CA,2016-05-21,11617,2.24,2.24,2.24,2.118519855595668,0.0,0.0,5.7341990014143756,0,0,13.0,5.0,30.0,22.0,16.0,21.307692307692307,18.454873646209386,20.0,0.7044209702660407,0.27093114241001565,1.625586854460094,1.192097026604069,0.8669796557120502,1.1545834838088358,0,0,0,0,0,0,5,21,20
FOODS_1_201,FOODS_1,CA_4,CA,2016-05-21,11617,2.24,2.24,2.24,2.1655234657039713,0.0,0.0,3.439193131616241,0,0,11.0,6.0,7.0,11.0,8.25,8.307692307692308,7.931407942238267,8.0,1.3868912152935822,0.756486117432863,0.8825671370050069,1.3868912152935822,1.0401684114701866,1.0474423164455027,0,0,0,0,0,0,5,21,20
FOODS_1_201,FOODS_1,TX_1,TX,2016-05-21,11617,2.24,2.24,2.24,2.1563176895306864,0.0,0.0,3.8807969194709413,0,0,15.0,6.0,0.0,7.0,11.0,9.923076923076923,8.483754512635379,8.0,1.7680851063829788,0.7072340425531916,0.0,0.8251063829787234,1.2965957446808511,1.1696563011456629,0,0,0,0,0,0,5,21,20
FOODS_1_201,FOODS_1,TX_2,TX,2016-05-21,11617,2.24,2.24,2.24,2.1601083032490975,0.0,0.0,3.698504219938171,0,0,9.0,11.0,3.0,9.0,8.75,9.153846153846153,7.613718411552346,7.0,1.1820768136557611,1.444760550023708,0.39402560455192037,1.1820768136557611,1.1492413466097677,1.202283254914834,0,0,0,0,0,0,5,21,20
FOODS_1_201,FOODS_1,TX_3,TX,2016-05-21,11617,2.24,2.24,2.24,2.1609747292418775,0.0,0.0,3.656927112046641,0,0,4.0,9.0,8.0,7.0,6.0,6.615384615384615,4.906137184115524,5.0,0.8153053715967623,1.834437086092715,1.6306107431935246,1.426784400294334,1.2229580573951433,1.3483896530254145,0,0,0,0,0,0,5,21,20
FOODS_1_201,FOODS_1,WI_1,WI,2016-05-21,11617,2.24,2.24,2.24,2.164620938628159,0.0,0.0,3.48232154769847,0,0,9.0,5.0,17.0,25.0,9.75,13.76923076923077,13.848375451263538,15.0,0.649895724713243,0.3610531803962461,1.2275808133472368,1.8052659019812305,0.7040537017726799,0.994284912168124,0,0,0,0,0,0,5,21,20
FOODS_1_201,FOODS_1,WI_2,WI,2016-05-21,11617,2.24,2.24,2.24,2.163537906137184,0.0,0.0,3.5341231436676166,0,0,9.0,17.0,10.0,12.0,12.25,13.23076923076923,9.28158844765343,9.0,0.969661610268378,1.8315830416180474,1.0774017891870866,1.292882147024504,1.3198171917541812,1.4254854441552223,0,0,0,0,0,0,5,21,20
FOODS_1_201,FOODS_1,WI_3,WI,2016-05-21,11617,2.24,2.24,2.24,2.169783393501805,0.0,0.0,3.236111342195902,0,0,13.0,15.0,14.0,14.0,13.0,13.923076923076923,8.963898916967509,9.0,1.4502617801047122,1.6733789770438987,1.5618203785743054,1.5618203785743054,1.4502617801047122,1.5532389479227982,0,0,0,0,0,0,5,21,20
FOODS_1_206,FOODS_1,CA_1,CA,2016-05-21,11617,2.23,2.23,2.23,1.9905054151624548,0.0,0.0,12.031847942398029,0,0,23.0,20.0,14.0,22.0,18.5,16.53846153846154,19.60649819494585,18.0,1.173080464002946,1.020069968698214,0.7140489780887497,1.1220769655680352,0.9435647210458479,0.8435193971927538,0,0,0,0,0,0,5,21,20
FOODS_1_206,FOODS_1,CA_2,CA,2016-05-21,11617,2.23,2.23,2.23,1.993682310469314,0.0,0.0,11.853327297419652,0,0,11.0,10.0,3.0,11.0,10.0,7.153846153846154,11.335740072202166,7.0,0.9703821656050956,0.8821656050955414,0.2646496815286624,0.9703821656050956,0.8821656050955414,0.6310877021068104,0,0,0,0,0,0,5,21,20
FOODS_1_206,FOODS_1,CA_3,CA,2016-05-21,11617,2.23,2.23,2.23,2.0170943396226413,0.0,0.0,10.55506706826559,0,0,12.0,11.0,8.0,12.0,10.5,8.307692307692308,15.516981132075472,10.0,0.7733463035019456,0.7089007782101168,0.5155642023346303,0.7733463035019456,0.6766780155642024,0.5353935947321161,0,0,0,0,0,0,5,21,20
FOODS_1_206,FOODS_1,CA_4,CA,2016-05-21,11617,2.23,2.23,2.23,1.9832851985559568,0.0,0.0,12.439703660556631,0,0,6.0,7.0,0.0,9.0,5.25,2.769230769230769,7.205776173285199,6.0,0.8326653306613226,0.971442885771543,0.0,1.248997995991984,0.7285821643286573,0.3843070756898412,0,0,0,0,0,0,5,21,20
FOODS_1_206,FOODS_1,TX_1,TX,2016-05-21,11617,2.23,2.23,2.23,1.99086642599278,0.0,0.0,12.011532812301654,0,0,7.0,7.0,3.0,3.0,6.0,5.615384615384615,8.24187725631769,6.0,0.8493210687691634,0.8493210687691634,0.3639947437582129,0.3639947437582129,0.7279894875164258,0.6813234947269112,0,0,0,0,0,0,5,21,20
FOODS_1_206,FOODS_1,TX_2,TX,2016-05-21,11617,2.23,2.23,2.23,1.9986281588447654,0.0,0.0,11.576532639716769,0,0,10.0,6.0,0.0,7.0,6.0,5.6923076923076925,12.931407942238268,8.0,0.7733109994416527,0.4639865996649916,0.0,0.5413176996091569,0.4639865996649916,0.4401924150667869,0,0,0,0,0,0,5,21,20
FOODS_1_206,FOODS_1,TX_3,TX,2016-05-21,11617,2.23,2.23,2.23,1.9859927797833936,0.0,0.0,12.2864102377663,0,0,12.0,10.0,1.0,6.0,10.0,6.846153846153846,10.036101083032491,8.0,1.19568345323741,0.9964028776978416,0.09964028776978416,0.597841726618705,0.9964028776978416,0.6821527393469838,0,0,0,0,0,0,5,21,20
FOODS_1_206,FOODS_1,WI_1,WI,2016-05-21,11617,2.23,2.23,2.23,1.9923104693140794,0.0,0.0,11.930345914798774,0,0,4.0,6.0,6.0,7.0,5.25,4.846153846153846,9.527075812274369,7.0,0.4198560060629026,0.629784009094354,0.629784009094354,0.7347480106100795,0.5510610079575596,0.508671699653132,0,0,0,0,0,0,5,21,20
FOODS_1_206,FOODS_1,WI_2,WI,2016-05-21,11617,2.23,2.23,2.23,1.9819494584837545,0.0,0.0,12.515482695810565,0,0,13.0,6.0,9.0,9.0,9.75,7.384615384615385,10.371841155234657,9.0,1.253393665158371,0.5784893839192482,0.8677340758788723,0.8677340758788723,0.9400452488687783,0.7119869340544593,0,0,0,0,0,0,5,21,20
FOODS_1_206,FOODS_1,WI_3,WI,2016-05-21,11617,2.23,2.23,2.23,1.9998194945848373,0.0,0.0,11.510064085206258,0,0,8.0,7.0,7.0,4.0,6.5,6.3076923076923075,5.898916967509026,5.0,1.3561811505507955,1.1866585067319462,1.1866585067319462,0.6780905752753977,1.1018971848225214,1.0692966763958196,0,0,0,0,0,0,5,21,20
FOODS_1_219,FOODS_1,CA_1,CA,2016-05-21,11617,2.24,2.24,2.24,2.1642238267148013,0.0,0.0,3.5013094463627588,0,0,23.0,16.0,28.0,32.0,20.0,24.76923076923077,17.299638989169676,20.0,1.329507512520868,0.9248747913188647,1.6185308848080133,1.8497495826377295,1.156093489148581,1.4317773211763194,0,0,0,0,0,0,5,21,20
FOODS_1_219,FOODS_1,CA_2,CA,2016-05-21,11617,2.24,2.24,2.24,2.1664259927797835,0.0,0.0,3.3961006498916877,0,0,21.0,6.0,32.0,14.0,17.5,20.384615384615383,18.04332129963899,20.0,1.1638655462184873,0.3325330132052821,1.7735094037615045,0.7759103641456583,0.9698879551820728,1.1297595961461506,0,0,0,0,0,0,5,21,20
FOODS_1_219,FOODS_1,CA_3,CA,2016-05-21,11617,2.24,2.24,2.24,2.112129963898917,0.0,0.0,6.054079923426663,0,0,24.0,22.0,42.0,36.0,27.0,29.53846153846154,28.48375451263538,32.0,0.8425855513307985,0.7723700887198987,1.4745247148288974,1.2638783269961977,0.9479087452471483,1.0370283708686752,0,0,0,0,0,0,5,21,20
FOODS_1_219,FOODS_1,CA_4,CA,2016-05-21,11617,2.24,2.24,2.24,2.1655234657039713,0.0,0.0,3.439193131616241,0,0,15.0,14.0,15.0,18.0,10.75,11.0,10.07581227436823,11.0,1.488713722680043,1.3894661411680402,1.488713722680043,1.7864564672160517,1.066911501254031,1.0917233966320317,0,0,0,0,0,0,5,21,20
FOODS_1_219,FOODS_1,TX_1,TX,2016-05-21,11617,2.24,2.24,2.24,2.092490974729242,0.0,0.0,7.049446188882377,0,0,10.0,11.0,13.0,10.0,10.0,14.076923076923077,12.270758122743683,13.0,0.8149455722271256,0.8964401294498382,1.0594292438952633,0.8149455722271256,0.8149455722271256,1.1471926132120307,0,0,0,0,0,0,5,21,20
FOODS_1_219,FOODS_1,TX_2,TX,2016-05-21,11617,2.24,2.24,2.24,2.1092779783393505,0.0,0.0,6.197477193763152,0,0,4.0,7.0,11.0,12.0,9.0,11.846153846153847,9.772563176895307,10.0,0.4093091983745844,0.7162910971555227,1.125600295530107,1.2279275951237532,0.9209456963428149,1.2121849336478077,0,0,0,0,0,0,5,21,20
FOODS_1_219,FOODS_1,TX_3,TX,2016-05-21,11617,2.24,2.24,2.24,2.1153790613718413,0.0,0.0,5.891187111748246,0,0,10.0,6.0,9.0,5.0,8.5,6.538461538461538,6.23826714801444,6.0,1.6030092592592593,0.9618055555555556,1.4427083333333335,0.8015046296296297,1.3625578703703705,1.0481214387464388,0,0,0,0,0,0,5,21,20
FOODS_1_219,FOODS_1,WI_1,WI,2016-05-21,11617,2.24,2.24,2.24,2.1670758122743687,0.0,0.0,3.3650962883987328,0,0,22.0,16.0,13.0,34.0,20.5,21.76923076923077,18.48014440433213,21.0,1.190466888064075,0.8657941004102364,0.7034577065833171,1.8398124633717523,1.1092986911506153,1.177979473154312,0,0,0,0,0,0,5,21,20
FOODS_1_219,FOODS_1,WI_2,WI,2016-05-21,11617,2.24,2.24,2.24,2.1661732851985565,0.0,0.0,3.40816292518706,0,0,13.0,19.0,16.0,22.0,18.75,18.53846153846154,15.696750902527075,18.0,0.8281968721251151,1.2104415823367065,1.0193192272309108,1.4015639374425024,1.1945147194112236,1.1810381430896613,0,0,0,0,0,0,5,21,20
FOODS_1_219,FOODS_1,WI_3,WI,2016-05-21,11617,2.24,2.24,2.24,2.165451263537906,0.0,0.0,3.4426420819232195,0,0,1.0,20.0,18.0,19.0,10.0,14.76923076923077,14.263537906137184,15.0,0.07010883320678309,1.4021766641356619,1.2619589977220957,1.3320678309288787,0.7010883320678309,1.0354535365924888,0,0,0,0,0,0,5,21,20
FOODS_2_019,FOODS_2,CA_1,CA,2016-05-21,11617,3.42,3.42,3.42,3.2286642599277977,0.0,0.0,5.926157837064205,0,0,104.0,93.0,113.0,73.0,103.0,108.92307692307692,128.8375451263538,127.0,0.8072181125308227,0.7218392737054471,0.8770735261152207,0.5666050212956736,0.7994563999103339,0.8454296208163053,0,0,0,0,0,0,5,21,20
FOODS_2_019,FOODS_2,CA_2,CA,2016-05-21,11617,3.42,3.42,3.42,3.3918045112781954,0.0,0.0,0.8312828356720102,0,0,24.0,18.0,22.0,0.0,24.0,23.615384615384617,8.924812030075188,0.0,2.6891322662173547,2.016849199663016,2.465037910699242,0.0,2.6891322662173547,2.646037197848487,0,0,0,0,0,0,5,21,20
FOODS_2_019,FOODS_2,CA_3,CA,2016-05-21,11617,3.42,3.42,3.42,3.23768953068592,0.0,0.0,5.630881762633258,0,0,41.0,57.0,63.0,54.0,52.25,63.53846153846154,100.92418772563177,92.0,0.4062455286879382,0.5647803691515239,0.6242309343253685,0.5350550865646015,0.5177153383888968,0.6295662414563545,0,0,0,0,0,0,5,21,20
FOODS_2_019,FOODS_2,CA_4,CA,2016-05-21,11617,3.42,3.42,3.42,3.228375451263538,0.0,0.0,5.935633931966094,0,0,22.0,35.0,23.0,19.0,23.0,23.846153846153847,32.848375451263536,32.0,0.6697439279041654,1.0655017034838994,0.7001868337179911,0.5784152104626883,0.7001868337179911,0.7259462155604589,0,0,0,0,0,0,5,21,20
FOODS_2_019,FOODS_2,TX_1,TX,2016-05-21,11617,2.98,2.98,2.98,3.0118050541516244,0.0,0.0,-1.0560130413415265,0,0,12.0,8.0,7.0,19.0,11.75,13.23076923076923,17.36101083032491,17.0,0.6912039925140361,0.4608026616760241,0.4032023289665211,1.0944063214805573,0.6768039093366603,0.7620967096949629,0,0,0,0,0,0,5,21,20
FOODS_2_019,FOODS_2,TX_2,TX,2016-05-21,11617,2.98,2.98,2.98,3.0122382671480143,0.0,0.0,-1.0702429319622695,0,0,12.0,4.0,5.0,22.0,10.0,9.153846153846153,17.63898916967509,17.0,0.6803110929185429,0.22677036430618094,0.2834629553827262,1.2472370036839953,0.5669259107654524,0.5189552567776063,0,0,0,0,0,0,5,21,20
FOODS_2_019,FOODS_2,TX_3,TX,2016-05-21,11617,2.98,2.98,2.98,3.012454873646209,0.0,0.0,-1.0773563425010404,0,0,22.0,12.0,19.0,31.0,16.75,20.53846153846154,24.617328519855597,21.0,0.8936794251356504,0.48746150461944565,0.7718140489807889,1.2592755536002345,0.6804150168646429,0.8343091136755897,0,0,0,0,0,0,5,21,20
FOODS_2_019,FOODS_2,WI_1,WI,2016-05-21,11617,3.42,3.42,3.42,3.292459893048128,0.0,0.0,3.873702675047519,0,0,14.0,8.0,6.0,4.0,10.25,8.076923076923077,7.133689839572193,7.0,1.9625187406296851,1.12143928035982,0.841079460269865,0.56071964017991,1.4368440779610194,1.1322223503632798,0,0,0,0,0,0,5,21,20
FOODS_2_019,FOODS_2,WI_2,WI,2016-05-21,11617,3.42,3.42,3.42,3.277405660377358,0.0,0.0,4.350829723233702,0,0,11.0,1.0,5.0,6.0,6.5,6.769230769230769,13.127358490566039,11.0,0.8379446640316205,0.07617678763923823,0.38088393819619115,0.45706072583542934,0.4951491196550485,0.5156582547886895,0,0,0,0,0,0,5,21,20
FOODS_2_019,FOODS_2,WI_3,WI,2016-05-21,11617,3.42,3.42,3.42,3.203610108303249,0.0,0.0,6.754563894523331,0,0,14.0,14.0,2.0,9.0,16.0,12.307692307692308,19.249097472924188,16.0,0.7273068267066767,0.7273068267066767,0.10390097524381095,0.46755438859714926,0.8312078019504876,0.6393906168849905,0,0,0,0,0,0,5,21,20
FOODS_2_021,FOODS_2,CA_1,CA,2016-05-21,11617,0.94,0.94,0.94,0.8584837545126354,0.0,0.0,9.495374264087463,0,0,52.0,31.0,0.0,25.0,40.0,33.38461538461539,45.16245487364621,46.0,1.1513988808952837,0.6864108713029576,0.0,0.5535571542765787,0.885691446842526,0.7392117075570314,0,0,0,0,0,0,5,21,20
FOODS_2_021,FOODS_2,CA_3,CA,2016-05-21,11617,0.94,0.94,0.94,0.8335740072202166,0.0,0.0,12.767431788653095,0,0,28.0,28.0,4.0,15.0,38.75,35.76923076923077,67.31768953068593,69.0,0.4159382206253016,0.4159382206253016,0.05941974580361452,0.22282404676355444,0.5756287874725157,0.5313496499746297,0,0,0,0,0,0,5,21,20
FOODS_2_021,FOODS_2,CA_4,CA,2016-05-21,11617,0.94,0.94,0.94,0.8594223826714802,0.0,0.0,9.375787616567239,0,0,8.0,2.0,0.0,10.0,7.25,7.153846153846154,18.054151624548737,17.0,0.4431113777244551,0.11077784443111377,0.0,0.5538892221555689,0.4015696860627874,0.3962438281574454,0,0,0,0,0,0,5,21,20
FOODS_2_021,FOODS_2,TX_1,TX,2016-05-21,11617,0.94,0.94,0.94,0.7606498194945848,0.0,0.0,23.578547698149034,0,0,7.0,11.0,0.0,9.0,16.0,13.0,28.010830324909747,27.0,0.24990333805902823,0.39270524552133007,0.0,0.32130429179017916,0.5712076298492074,0.464106199252481,0,0,0,0,0,0,5,21,20
FOODS_2_021,FOODS_2,TX_2,TX,2016-05-21,11617,0.94,0.94,0.94,0.7603610108303248,0.0,0.0,23.625486658437005,0,0,0.0,26.0,0.0,8.0,10.75,14.153846153846153,47.38628158844765,46.0,0.0,0.5486820051805577,0.0,0.1688252323632485,0.2268589059881152,0.2986907957195935,0,0,0,0,0,0,5,21,20
FOODS_2_021,FOODS_2,TX_3,TX,2016-05-21,11617,0.94,0.94,0.94,0.7665671641791044,0.0,0.0,22.624610591900314,0,0,57.0,42.0,0.0,40.0,48.0,38.30769230769231,55.92164179104478,56.0,1.0192833789284046,0.7510509107893507,0.0,0.7152865817041436,0.8583438980449722,0.6850244570935836,0,0,0,0,0,0,5,21,20
FOODS_2_021,FOODS_2,WI_1,WI,2016-05-21,11617,0.94,0.94,0.94,0.9105882352941177,0.0,0.0,3.229974160206707,0,0,44.0,39.0,0.0,20.0,47.5,42.0,30.77540106951872,27.0,1.4297132927888792,1.2672458731537792,0.0,0.6498696785403996,1.543440486533449,1.3647263249348391,0,0,0,0,0,0,5,21,20
FOODS_2_021,FOODS_2,WI_2,WI,2016-05-21,11617,0.94,0.94,0.94,0.8981497797356828,0.0,0.0,4.659603688444182,0,0,106.0,75.0,0.0,75.0,110.75,97.76923076923077,103.16299559471365,91.0,1.0275002135109745,0.7270048680502178,0.0,0.7270048680502178,1.073543855154155,0.9477160895300789,0,0,0,0,0,0,5,21,20
FOODS_2_021,FOODS_2,WI_3,WI,2016-05-21,11617,0.94,0.94,0.94,0.8590613718411553,0.0,0.0,9.421751554883162,0,0,40.0,22.0,0.0,25.0,39.5,38.46153846153846,77.33212996389892,61.0,0.5172494281312731,0.28448718547220014,0.0,0.3232808925820456,0.5107838102796322,0.4973552193569933,0,0,0,0,0,0,5,21,20
FOODS_2_034,FOODS_2,CA_1,CA,2016-05-21,11617,2.5,2.5,2.5,2.5428519855595666,0.0,0.0,-1.6851938611809063,0,0,6.0,8.0,10.0,14.0,6.5,7.3076923076923075,6.530685920577618,6.0,0.9187396351575455,1.2249861802100608,1.531232725262576,2.143725815367606,0.9953012714206744,1.1189777607688054,0,0,0,0,0,0,5,21,20
FOODS_2_034,FOODS_2,CA_2,CA,2016-05-21,11617,2.5,2.5,2.5,2.5498837209302327,0.0,0.0,-1.956313557389765,0,0,9.0,10.0,13.0,5.0,10.0,9.846153846153847,7.868217054263566,9.0,1.1438423645320197,1.270935960591133,1.652216748768473,0.6354679802955665,1.270935960591133,1.2513830996589619,0,0,0,0,0,0,5,21,20
FOODS_2_034,FOODS_2,CA_3,CA,2016-05-21,11617,2.5,2.5,2.5,2.516787003610108,0.0,0.0,-0.6670013626909479,0,0,21.0,19.0,7.0,7.0,19.5,19.53846153846154,8.501805054151625,8.0,2.470063694267516,2.234819532908705,0.8233545647558387,0.8233545647558387,2.2936305732484077,2.298154499428385,0,0,0,0,0,0,5,21,20
FOODS_2_034,FOODS_2,CA_4,CA,2016-05-21,11617,2.5,2.5,2.5,2.543537906137184,0.0,0.0,-1.7117065970250935,0,0,13.0,19.0,14.0,14.0,14.5,12.384615384615385,8.971119133574007,9.0,1.4490945674044267,2.117907444668008,1.5605633802816903,1.5605633802816903,1.616297786720322,1.380498374864572,0,0,0,0,0,0,5,21,20
FOODS_2_034,FOODS_2,TX_1,TX,2016-05-21,11617,2.5,2.5,2.5,2.404837545126354,0.0,0.0,3.9571261296424103,0,0,17.0,14.0,11.0,2.0,12.5,11.538461538461538,12.292418772563177,11.0,1.3829662261380322,1.1389133627019088,0.8948604992657856,0.16270190895741557,1.0168869309838473,0.9386648593697051,0,0,0,0,0,0,5,21,20
FOODS_2_034,FOODS_2,TX_2,TX,2016-05-21,11617,2.5,2.5,2.5,2.4010830324909747,0.0,0.0,4.119681250939712,0,0,12.0,12.0,6.0,7.0,16.5,14.538461538461538,10.155234657039712,10.0,1.1816565943832207,1.1816565943832207,0.5908282971916103,0.6892996800568787,1.6247778172769285,1.431622412425825,0,0,0,0,0,0,5,21,20
FOODS_2_034,FOODS_2,TX_3,TX,2016-05-21,11617,2.5,2.5,2.5,2.396350364963504,0.0,0.0,4.325312214438005,0,0,9.0,7.0,12.0,12.0,7.25,12.384615384615385,11.58029197080292,12.0,0.7771824771509612,0.6044752600063031,1.0362433028679483,1.0362433028679483,0.6260636621493855,1.069456229241921,0,0,0,0,0,0,5,21,20
FOODS_2_034,FOODS_2,WI_1,WI,2016-05-21,11617,2.5,2.5,2.5,2.556451612903226,0.0,0.0,-2.208201892744486,0,0,23.0,10.0,34.0,11.0,20.0,21.0,10.994623655913978,10.0,2.0919315403422982,0.9095354523227385,3.0924205378973104,1.0004889975550122,1.819070904645477,1.9100244498777508,0,0,0,0,0,0,5,21,20
FOODS_2_034,FOODS_2,WI_2,WI,2016-05-21,11617,2.5,2.5,2.5,2.5390252707581227,0.0,0.0,-1.537017815756918,0,0,24.0,15.0,21.0,8.0,19.25,22.53846153846154,12.187725631768952,12.0,1.9691943127962086,1.2307464454976305,1.7230450236966826,0.6563981042654029,1.5794579383886258,1.8492754283631063,0,0,0,0,0,0,5,21,20
FOODS_2_034,FOODS_2,WI_3,WI,2016-05-21,11617,2.5,2.5,2.5,2.53956678700361,0.0,0.0,-1.5580132487987923,0,0,6.0,10.0,13.0,0.0,7.25,7.769230769230769,5.3140794223826715,5.0,1.1290760869565217,1.8817934782608696,2.4463315217391304,0.0,1.3643002717391304,1.462008779264214,0,0,0,0,0,0,5,21,20
FOODS_2_036,FOODS_2,CA_1,CA,2016-05-21,11617,3.74,3.74,3.74,3.502463768115942,0.0,0.0,6.78197542102868,0,0,30.0,13.0,11.0,30.0,17.75,15.153846153846153,17.981884057971016,18.0,1.6683457586137416,0.7229498287326214,0.611726778158372,1.6683457586137416,0.9871045738464638,0.842728498581813,0,0,0,0,0,0,5,21,20
FOODS_2_036,FOODS_2,CA_2,CA,2016-05-21,11617,3.74,3.74,3.74,3.4692753623188404,0.0,0.0,7.803492355251078,0,0,14.0,7.0,7.0,6.0,11.0,9.76923076923077,7.365942028985507,3.0,1.900639449090015,0.9503197245450075,0.9503197245450075,0.8145597638957206,1.4933595671421545,1.326270384804571,0,0,0,0,0,0,5,21,20
FOODS_2_036,FOODS_2,CA_3,CA,2016-05-21,11617,3.74,3.74,3.74,3.399963768115942,0.0,0.0,10.00117222050534,0,0,15.0,35.0,17.0,15.0,22.0,21.153846153846153,15.503623188405797,16.0,0.9675157747137182,2.2575368076653426,1.0965178780088807,0.9675157747137182,1.4190231362467867,1.364445323314218,0,0,0,0,0,0,5,21,20
FOODS_2_036,FOODS_2,CA_4,CA,2016-05-21,11617,3.74,3.74,3.74,3.501195652173913,0.0,0.0,6.8206513302908975,0,0,10.0,16.0,13.0,19.0,12.75,9.76923076923077,9.677536231884059,10.0,1.033320853612879,1.6533133657806065,1.3433171096967427,1.9633096218644701,1.3174840883564207,1.0094749877602742,0,0,0,0,0,0,5,21,20
FOODS_2_036,FOODS_2,TX_1,TX,2016-05-21,11617,3.5,3.5,3.5,3.453768115942029,0.0,0.0,1.3385925894842836,0,0,12.0,21.0,5.0,15.0,18.0,12.307692307692308,10.278985507246377,11.0,1.167430384208671,2.0430031723651743,0.48642932675361295,1.459287980260839,1.7511455763130066,1.1973644966242782,0,0,0,0,0,0,5,21,20
FOODS_2_036,FOODS_2,TX_2,TX,2016-05-21,11617,3.5,3.5,3.5,3.46036231884058,0.0,0.0,1.145477771030081,0,0,14.0,14.0,34.0,54.0,15.25,17.46153846153846,22.02536231884058,23.5,0.6356308603388716,0.6356308603388716,1.5436749465372595,2.4517190327356473,0.6923836157262708,0.7927923367962848,0,0,0,0,0,0,5,21,20
FOODS_2_036,FOODS_2,TX_3,TX,2016-05-21,11617,3.5,3.5,3.5,3.4621739130434785,0.0,0.0,1.0925530578927458,0,0,27.0,21.0,17.0,22.0,20.75,20.23076923076923,15.905797101449275,17.0,1.69749430523918,1.3202733485193623,1.0687927107061503,1.383143507972665,1.3045558086560365,1.2719116874014367,0,0,0,0,0,0,5,21,20
FOODS_2_036,FOODS_2,WI_1,WI,2016-05-21,11617,3.5,3.5,3.5,3.4472192513368984,0.0,0.0,1.53111086980128,0,0,22.0,13.0,10.0,11.0,20.0,16.53846153846154,14.272727272727273,16.0,1.5414012738853502,0.9108280254777069,0.7006369426751592,0.7707006369426751,1.4012738853503184,1.1587457128858403,0,0,0,0,0,0,5,21,20
FOODS_2_036,FOODS_2,WI_2,WI,2016-05-21,11617,3.5,3.5,3.5,3.4598550724637684,0.0,0.0,1.1603066225442873,0,0,12.0,22.0,11.0,17.0,28.25,26.23076923076923,20.92391304347826,22.0,0.5735064935064935,1.0514285714285714,0.5257142857142857,0.8124675324675324,1.35012987012987,1.2536263736263735,0,0,0,0,0,0,5,21,20
FOODS_2_036,FOODS_2,WI_3,WI,2016-05-21,11617,3.5,3.5,3.5,3.462536231884058,0.0,0.0,1.0819747608982326,0,0,25.0,9.0,15.0,19.0,16.25,17.923076923076923,14.210144927536232,14.0,1.7593064762876083,0.633350331463539,1.055583885772565,1.3370729219785824,1.1435492095869455,1.2612874122308084,0,0,0,0,0,0,5,21,20
FOODS_2_052,FOODS_2,CA_1,CA,2016-05-21,11617,13.97,13.97,13.97,12.935451263537907,0.0,0.0,7.997778472392776,0,0,16.0,15.0,15.0,25.0,17.5,19.923076923076923,12.249097472924188,13.0,1.3062186855290303,1.224580017683466,1.224580017683466,2.04096669613911,1.4286766872973768,1.626493459384706,0,0,0,0,0,0,5,21,20
FOODS_2_052,FOODS_2,CA_2,CA,2016-05-21,11617,13.97,13.97,13.97,12.918303249097475,0.0,0.0,8.141136886347683,0,0,13.0,15.0,12.0,17.0,13.5,13.538461538461538,5.209386281588448,0.0,2.4954954954954953,2.879417879417879,2.3035343035343034,3.2633402633402633,2.5914760914760913,2.5988592142438294,0,0,0,0,0,0,5,21,20
FOODS_2_052,FOODS_2,CA_3,CA,2016-05-21,11617,13.97,13.97,13.97,12.40202166064982,0.0,0.0,12.642925341157838,0,0,8.0,7.0,22.0,8.0,11.25,15.153846153846153,14.953068592057761,13.0,0.5350072428778369,0.4681313375181072,1.4712699179140512,0.5350072428778369,0.752353935296958,1.0134271812205178,0,0,0,0,0,0,5,21,20
FOODS_2_052,FOODS_2,CA_4,CA,2016-05-21,11617,13.97,13.97,13.97,12.94187725631769,0.0,0.0,7.944154648665232,0,0,8.0,11.0,5.0,7.0,9.5,7.846153846153846,5.667870036101083,6.0,1.4114649681528664,1.9407643312101912,0.8821656050955414,1.235031847133758,1.6761146496815287,1.3843214110730033,0,0,0,0,0,0,5,21,20
FOODS_2_052,FOODS_2,TX_1,TX,2016-05-21,11617,13.97,13.97,13.97,11.785451263537906,0.0,0.0,18.535978704699243,0,0,3.0,3.0,9.0,6.0,3.75,8.923076923076923,11.974729241877256,12.0,0.2505275851673199,0.2505275851673199,0.7515827555019596,0.5010551703346398,0.31315948145914985,0.7451589712669001,0,0,0,0,0,0,5,21,20
FOODS_2_052,FOODS_2,TX_2,TX,2016-05-21,11617,13.97,13.97,13.97,11.779314079422383,0.0,0.0,18.597737574589246,0,0,9.0,14.0,12.0,28.0,12.5,11.923076923076923,24.20216606498195,22.0,0.3718675417661098,0.5784606205250596,0.4958233890214797,1.1569212410501193,0.5164826968973747,0.4926450339636497,0,0,0,0,0,0,5,21,20
FOODS_2_052,FOODS_2,TX_3,TX,2016-05-21,11617,13.97,13.97,13.97,11.779314079422383,0.0,0.0,18.597737574589246,0,0,9.0,4.0,11.0,3.0,7.5,12.307692307692308,13.696750902527075,14.0,0.6570901423299947,0.29204006325777543,0.8031101739588825,0.2190300474433316,0.547575118608329,0.8985848100239245,0,0,0,0,0,0,5,21,20
FOODS_2_052,FOODS_2,WI_1,WI,2016-05-21,11617,13.97,13.97,13.97,12.92898916967509,0.0,0.0,8.051757308039202,0,0,4.0,7.0,11.0,8.0,5.75,7.461538461538462,4.252707581227437,4.0,0.9405772495755518,1.6460101867572157,2.5865874363327674,1.8811544991511036,1.3520797962648556,1.7545383309390101,0,0,0,0,0,0,5,21,20
FOODS_2_052,FOODS_2,WI_2,WI,2016-05-21,11617,13.97,13.97,13.97,12.920902527075812,0.0,0.0,8.119382301087711,0,0,9.0,9.0,6.0,7.0,8.75,8.307692307692308,5.96028880866426,6.0,1.509993943064809,1.509993943064809,1.0066626287098728,1.1744397334948515,1.4680496668685645,1.3938405628290547,0,0,0,0,0,0,5,21,20
FOODS_2_052,FOODS_2,WI_3,WI,2016-05-21,11617,13.97,13.97,13.97,12.882671480144404,0.0,0.0,8.440240997618051,0,0,6.0,3.0,7.0,3.0,5.0,6.923076923076923,3.9566787003610107,3.0,1.5164233576642336,0.7582116788321168,1.769160583941606,0.7582116788321168,1.2636861313868615,1.7497192588433466,0,0,0,0,0,0,5,21,20
FOODS_2_056,FOODS_2,CA_1,CA,2016-05-21,11617,6.98,6.98,6.98,7.097509025270758,0.0,0.0,-1.6556375603379418,0,0,13.0,10.0,11.0,11.0,10.75,9.846153846153847,9.617328519855596,9.0,1.3517267267267268,1.0397897897897899,1.1437687687687688,1.1437687687687688,1.117774024024024,1.023793023793024,0,0,0,0,0,0,5,21,20
FOODS_2_056,FOODS_2,CA_2,CA,2016-05-21,11617,6.98,6.98,6.98,7.093971119133574,0.0,0.0,-1.6065912479707616,0,0,26.0,17.0,12.0,5.0,19.25,17.384615384615383,15.949458483754512,17.0,1.6301493888637393,1.0658669081032142,0.7523766410140336,0.31349026708918065,1.2069375282933454,1.089981544033151,0,0,0,0,0,0,5,21,20
FOODS_2_056,FOODS_2,CA_3,CA,2016-05-21,11617,6.98,6.98,6.98,7.003465703971119,0.0,0.0,-0.3350584548134934,0,0,23.0,29.0,20.0,12.0,28.75,24.23076923076923,19.548736462093864,20.0,1.1765466297322253,1.483471837488458,1.023084025854109,0.6138504155124653,1.4706832871652815,1.2395056467078627,0,0,0,0,0,0,5,21,20
FOODS_2_056,FOODS_2,CA_4,CA,2016-05-21,11617,6.98,6.98,6.98,7.096498194945848,0.0,0.0,-1.641629318370268,0,0,15.0,19.0,15.0,10.0,19.25,17.615384615384617,11.393501805054152,12.0,1.3165399239543727,1.667617237008872,1.3165399239543727,0.8776932826362484,1.6895595690747782,1.5460904747976991,0,0,0,0,0,0,5,21,20
FOODS_2_056,FOODS_2,TX_1,TX,2016-05-21,11617,6.98,6.98,6.98,6.934368231046932,0.0,0.0,0.6580522901677399,0,0,7.0,5.0,4.0,23.0,10.0,8.076923076923077,10.469314079422382,8.0,0.6686206896551724,0.47758620689655173,0.3820689655172414,2.196896551724138,0.9551724137931035,0.7714854111405836,0,0,0,0,0,0,5,21,20
FOODS_2_056,FOODS_2,TX_2,TX,2016-05-21,11617,6.98,6.98,6.98,7.029963898916967,0.0,0.0,-0.7107276742155679,0,0,17.0,5.0,13.0,15.0,20.0,13.461538461538462,17.87725631768953,17.0,0.950928917609047,0.27968497576736673,0.7271809369951535,0.8390549273021003,1.118739903069467,0.752998011681372,0,0,0,0,0,0,5,21,20
FOODS_2_056,FOODS_2,TX_3,TX,2016-05-21,11617,6.98,6.98,6.98,6.9346931407942245,0.0,0.0,0.6533361792067266,0,0,19.0,13.0,19.0,38.0,23.0,24.23076923076923,20.837545126353792,24.0,0.9118156618156618,0.6238738738738738,0.9118156618156618,1.8236313236313235,1.1037768537768538,1.162841835918759,0,0,0,0,0,0,5,21,20
FOODS_2_056,FOODS_2,WI_1,WI,2016-05-21,11617,6.98,6.98,6.98,7.097509025270758,0.0,0.0,-1.6556375603379418,0,0,39.0,35.0,33.0,30.0,38.5,38.76923076923077,18.093862815884478,15.0,2.1554269752593775,1.9343575418994412,1.823822825219473,1.658020750199521,2.1277932960893855,2.1426729694886117,0,0,0,0,0,0,5,21,20
FOODS_2_056,FOODS_2,WI_2,WI,2016-05-21,11617,6.98,6.98,6.98,7.146028880866426,0.0,0.0,-2.323372654020054,0,0,84.0,58.0,87.0,21.0,90.0,102.6923076923077,41.65342960288809,36.0,2.016640665626625,1.3924423643612411,2.0886635465418615,0.5041601664066563,2.1606864274570983,2.4653986159446375,0,0,0,0,0,0,5,21,20
FOODS_2_056,FOODS_2,WI_3,WI,2016-05-21,11617,6.98,6.98,6.98,7.095487364620939,0.0,0.0,-1.6276170851458958,0,0,38.0,26.0,13.0,14.0,37.25,28.692307692307693,28.700361010830324,26.0,1.3240251572327044,0.9059119496855346,0.4529559748427673,0.48779874213836477,1.2978930817610064,0.9997194000967586,0,0,0,0,0,0,5,21,20
FOODS_2_061,FOODS_2,CA_1,CA,2016-05-21,11617,2.0,2.0,2.0,1.9796028880866428,0.0,0.0,1.0303638187289061,0,0,20.0,8.0,11.0,13.0,12.25,9.76923076923077,14.624548736462094,14.0,1.3675635645519624,0.547025425820785,0.7521599605035794,0.8889163169587756,0.837632683288077,0.6680022026849971,0,0,0,0,0,0,5,21,20
FOODS_2_061,FOODS_2,CA_2,CA,2016-05-21,11617,2.0,2.0,2.0,1.9945818181818182,0.0,0.0,0.27164500191427426,0,0,12.0,11.0,8.0,7.0,11.25,8.76923076923077,13.26909090909091,12.0,0.9043573581803234,0.8289942449986297,0.6029049054535489,0.5275417922718553,0.8478350232940531,0.6608765309779286,0,0,0,0,0,0,5,21,20
FOODS_2_061,FOODS_2,CA_3,CA,2016-05-21,11617,2.0,2.0,2.0,1.9951263537906136,0.0,0.0,0.24427757169999442,0,0,15.0,26.0,26.0,10.0,24.75,23.153846153846153,20.768953068592058,21.0,0.7222318790196419,1.2518685903007127,1.2518685903007127,0.48148791934642793,1.1916826003824093,1.1148297209482678,0,0,0,0,0,0,5,21,20
FOODS_2_061,FOODS_2,CA_4,CA,2016-05-21,11617,2.0,2.0,2.0,1.978592057761733,0.0,0.0,1.0819785793785348,0,0,9.0,2.0,2.0,5.0,6.5,3.0,7.689530685920578,7.0,1.1704225352112676,0.26009389671361505,0.26009389671361505,0.6502347417840375,0.8453051643192488,0.3901408450704225,0,0,0,0,0,0,5,21,20
FOODS_2_061,FOODS_2,TX_1,TX,2016-05-21,11617,2.0,2.0,2.0,1.8851263537906136,0.0,0.0,6.0936841702095155,0,0,15.0,15.0,9.0,6.0,12.5,13.461538461538462,11.501805054151625,11.0,1.3041431261770244,1.3041431261770244,0.7824858757062146,0.5216572504708098,1.0867859384808538,1.1703848568255348,0,0,0,0,0,0,5,21,20
FOODS_2_061,FOODS_2,TX_2,TX,2016-05-21,11617,2.0,2.0,2.0,1.883357400722022,0.0,0.0,6.193333205543505,0,0,7.0,9.0,15.0,2.0,11.0,11.76923076923077,13.36101083032491,12.0,0.5239124560929479,0.6736017292623615,1.1226695487706027,0.14968927316941366,0.8232910024317752,0.8808637998046267,0,0,0,0,0,0,5,21,20
FOODS_2_061,FOODS_2,TX_3,TX,2016-05-21,11617,2.0,2.0,2.0,1.887364620938628,0.0,0.0,5.967865340474384,0,0,19.0,17.0,9.0,10.0,17.75,15.692307692307692,14.779783393501805,14.0,1.2855398143624817,1.150219833903273,0.6089399120664387,0.6765999022960429,1.2009648265754762,1.0617413851414828,0,0,0,0,0,0,5,21,20
FOODS_2_061,FOODS_2,WI_1,WI,2016-05-21,11617,2.0,2.0,2.0,1.979638989169675,0.0,0.0,1.0285214092931663,0,0,27.0,21.0,20.0,15.0,27.0,20.53846153846154,14.866425992779783,14.0,1.81617289946576,1.4125789218067022,1.345313258863526,1.0089849441476444,1.81617289946576,1.3815332312175441,0,0,0,0,0,0,5,21,20
FOODS_2_061,FOODS_2,WI_2,WI,2016-05-21,11617,2.0,2.0,2.0,1.97898916967509,0.0,0.0,1.061695063665228,0,0,12.0,21.0,0.0,9.0,17.0,13.307692307692308,13.173285198555957,11.0,0.910934502603453,1.5941353795560427,0.0,0.6832008769525897,1.2904905453548916,1.0102030060922909,0,0,0,0,0,0,5,21,20
FOODS_2_061,FOODS_2,WI_3,WI,2016-05-21,11617,2.0,2.0,2.0,1.979818181818182,0.0,0.0,1.019377353292308,0,0,11.0,8.0,16.0,10.0,12.0,12.307692307692308,13.683636363636364,13.0,0.803879883072017,0.5846399149614669,1.1692798299229339,0.7307998937018336,0.8769598724422004,0.8994460230176414,0,0,0,0,0,0,5,21,20
FOODS_2_063,FOODS_2,CA_1,CA,2016-05-21,11617,2.96,2.96,2.96,2.935884476534296,0.0,0.0,0.8214057350843474,0,0,11.0,12.0,19.0,12.0,13.5,14.23076923076923,13.252707581227437,13.0,0.8300190683737402,0.9054753473168075,1.4336692999182783,0.9054753473168075,1.0186597657314083,1.073800892651342,0,0,0,0,0,0,5,21,20
FOODS_2_063,FOODS_2,CA_2,CA,2016-05-21,11617,2.96,2.96,2.96,2.9386715867158673,0.0,0.0,0.7257841733845606,0,0,17.0,20.0,13.0,4.0,18.5,18.46153846153846,14.055350553505535,15.0,1.2095038067734314,1.4229456550275663,0.9249146757679181,0.28458913100551325,1.3162247309004989,1.3134882969485226,0,0,0,0,0,0,5,21,20
FOODS_2_063,FOODS_2,CA_3,CA,2016-05-21,11617,2.96,2.96,2.96,2.9254873646209387,0.0,0.0,1.179722592428052,0,0,15.0,16.0,4.0,15.0,14.25,14.461538461538462,13.458483754512635,14.0,1.1145386266094421,1.1888412017167382,0.29721030042918456,1.1145386266094421,1.05881169527897,1.0745295477055135,0,0,0,0,0,0,5,21,20
FOODS_2_063,FOODS_2,CA_4,CA,2016-05-21,11617,2.96,2.96,2.96,2.9355234657039713,0.0,0.0,0.8338047568684295,0,0,22.0,8.0,9.0,11.0,14.0,11.692307692307692,9.249097472924188,10.0,2.378610460577674,0.8649492583918813,0.9730679156908665,1.189305230288837,1.5136612021857923,1.2641566084189035,0,0,0,0,0,0,5,21,20
FOODS_2_063,FOODS_2,TX_1,TX,2016-05-21,11617,2.42,2.42,2.42,2.386389891696751,0.0,0.0,1.4084080904043628,0,0,23.0,27.0,20.0,18.0,24.25,22.76923076923077,17.76173285198556,19.0,1.2949186991869919,1.520121951219512,1.1260162601626016,1.0134146341463415,1.3652947154471544,1.2819262038774235,0,0,0,0,0,0,5,21,20
FOODS_2_063,FOODS_2,TX_2,TX,2016-05-21,11617,2.42,2.42,2.42,2.386389891696751,0.0,0.0,1.4084080904043628,0,0,12.0,0.0,0.0,20.0,3.0,2.769230769230769,18.729241877256317,20.0,0.6407093292212799,0.0,0.0,1.0678488820354666,0.16017733230531997,0.14785599905106458,0,0,0,0,0,0,5,21,20
FOODS_2_063,FOODS_2,TX_3,TX,2016-05-21,11617,2.42,2.42,2.42,2.39028880866426,0.0,0.0,1.2429958768180467,0,0,32.0,14.0,24.0,6.0,24.5,24.76923076923077,21.56678700361011,22.0,1.4837629728824908,0.6491463006360897,1.112822229661868,0.278205557415467,1.136006026113157,1.1484896088176972,0,0,0,0,0,0,5,21,20
FOODS_2_063,FOODS_2,WI_1,WI,2016-05-21,11617,2.96,2.96,2.96,2.891217712177122,0.0,0.0,2.3790075556463095,0,0,30.0,23.0,24.0,10.0,25.75,21.0,11.0,9.0,2.727272727272727,2.090909090909091,2.1818181818181817,0.9090909090909091,2.340909090909091,1.9090909090909092,0,0,0,0,0,0,5,21,20
FOODS_2_063,FOODS_2,WI_2,WI,2016-05-21,11617,2.96,2.96,2.96,2.923465703971119,0.0,0.0,1.2496912817979804,0,0,42.0,27.0,23.0,28.0,39.25,35.15384615384615,26.15162454873646,25.0,1.606018774157924,1.0324406405300939,0.8794864715626726,1.0706791827719493,1.5008627829928218,1.3442318311175296,0,0,0,0,0,0,5,21,20
FOODS_2_063,FOODS_2,WI_3,WI,2016-05-21,11617,2.96,2.96,2.96,2.9207942238267144,0.0,0.0,1.3422984698291978,0,0,15.0,14.0,13.0,2.0,17.25,15.076923076923077,17.382671480144403,16.0,0.8629283489096574,0.8053997923156803,0.7478712357217031,0.11505711318795432,0.992367601246106,0.8673536224938094,0,0,0,0,0,0,5,21,20
FOODS_2_119,FOODS_2,CA_1,CA,2016-05-21,11617,2.67,2.67,2.67,2.6377617328519856,0.0,0.0,1.2221826841485752,0,0,24.0,16.0,11.0,16.0,16.5,14.923076923076923,13.454873646209386,14.0,1.783740273678562,1.1891601824523745,0.8175476254360076,1.1891601824523745,1.2263214381540113,1.1091205547873109,0,0,0,0,0,0,5,21,20
FOODS_2_119,FOODS_2,CA_2,CA,2016-05-21,11617,2.67,2.67,2.67,2.632346570397112,0.0,0.0,1.430413078062428,0,0,15.0,9.0,8.0,1.0,12.25,13.307692307692308,9.256317689530686,9.0,1.6205148205928237,0.9723088923556942,0.8642745709828393,0.10803432137285492,1.3234204368174727,1.4376875075003002,0,0,0,0,0,0,5,21,20
FOODS_2_119,FOODS_2,CA_3,CA,2016-05-21,11617,2.67,2.67,2.67,2.5954873646209387,0.0,0.0,2.87085332776966,0,0,26.0,17.0,12.0,23.0,21.0,20.615384615384617,15.776173285198556,17.0,1.6480549199084669,1.0775743707093821,0.7606407322654462,1.4578947368421051,1.3311212814645308,1.3067417708149973,0,0,0,0,0,0,5,21,20
FOODS_2_119,FOODS_2,CA_4,CA,2016-05-21,11617,2.67,2.67,2.67,2.6381227436823105,0.0,0.0,1.2083310526027669,0,0,7.0,6.0,9.0,8.0,6.0,7.461538461538462,7.7111913357400725,8.0,0.9077715355805243,0.7780898876404494,1.1671348314606742,1.0374531835205991,0.7780898876404494,0.9676246038605589,0,0,0,0,0,0,5,21,20
FOODS_2_119,FOODS_2,TX_1,TX,2016-05-21,11617,2.22,2.22,2.22,2.2691335740072205,0.0,0.0,-2.165301089809883,0,0,19.0,8.0,3.0,11.0,9.25,7.384615384615385,5.653429602888087,5.0,3.3607918263090673,1.4150702426564494,0.5306513409961685,1.945721583652618,1.6361749680715196,1.3062186855290303,0,0,0,0,0,0,5,21,20
FOODS_2_119,FOODS_2,TX_2,TX,2016-05-21,11617,2.22,2.22,2.22,2.2671119133574007,0.0,0.0,-2.0780585678115795,0,0,8.0,5.0,7.0,5.0,4.0,5.923076923076923,8.945848375451263,9.0,0.894269572235674,0.5589184826472963,0.7824858757062148,0.5589184826472963,0.447134786117837,0.6621034332898741,0,0,0,0,0,0,5,21,20
FOODS_2_119,FOODS_2,TX_3,TX,2016-05-21,11617,2.22,2.22,2.22,2.2665703971119133,0.0,0.0,-2.0546636085626813,0,0,26.0,11.0,13.0,7.0,16.0,13.0,11.057761732851986,10.0,2.3512895853738165,0.9947763630427685,1.1756447926869082,0.633039503754489,1.4469474371531177,1.1756447926869082,0,0,0,0,0,0,5,21,20
FOODS_2_119,FOODS_2,WI_1,WI,2016-05-21,11617,2.67,2.67,2.67,2.5936559139784947,0.0,0.0,2.943493221674054,0,0,6.0,13.0,14.0,9.0,12.25,18.153846153846153,14.03763440860215,14.0,0.4274224435082344,0.9260819609345079,0.9973190348525469,0.6411336652623516,0.8726541554959786,1.2932268803582476,0,0,0,0,0,0,5,21,20
FOODS_2_119,FOODS_2,WI_2,WI,2016-05-21,11617,2.67,2.67,2.67,2.6372563176895305,0.0,0.0,1.2415813393199406,0,0,11.0,17.0,11.0,5.0,17.25,13.923076923076923,11.859205776173285,12.0,0.9275494672754947,1.4334855403348554,0.9275494672754947,0.421613394216134,1.4545662100456622,1.1740311438941577,0,0,0,0,0,0,5,21,20
FOODS_2_119,FOODS_2,WI_3,WI,2016-05-21,11617,2.67,2.67,2.67,2.639061371841155,0.0,0.0,1.172334546250448,0,0,18.0,14.0,9.0,3.0,14.5,11.923076923076923,9.610108303249097,10.0,1.8730277986476334,1.4567993989481594,0.9365138993238167,0.31217129977460556,1.5088279489105936,1.2406808067965094,0,0,0,0,0,0,5,21,20
FOODS_2_128,FOODS_2,CA_1,CA,2016-05-21,11617,0.94,0.94,0.94,0.8584837545126354,0.0,0.0,9.495374264087463,0,0,65.0,43.0,0.0,36.0,63.75,48.69230769230769,52.59205776173285,57.0,1.2359280615046677,0.817613948380011,0.0,0.6845140032948929,1.2121602141680394,0.925849068559118,0,0,0,0,0,0,5,21,20
FOODS_2_128,FOODS_2,CA_2,CA,2016-05-21,11617,0.94,0.94,0.94,0.9415384615384614,0.0,0.0,-0.16339869281045222,0,0,27.0,35.0,0.0,7.0,36.75,38.07692307692308,21.576923076923077,21.5,1.251336898395722,1.6221033868092691,0.0,0.3244206773618538,1.7032085561497325,1.7647058823529413,0,0,0,0,0,0,5,21,20
FOODS_2_128,FOODS_2,CA_3,CA,2016-05-21,11617,0.94,0.94,0.94,0.8333574007220217,0.0,0.0,12.796742332351402,0,0,54.0,28.0,5.0,52.0,62.0,43.46153846153846,76.74007220216606,78.0,0.7036740838312086,0.3648680434680341,0.06515500776214894,0.677612080726349,0.8079220962506469,0.5663473751632946,0,0,0,0,0,0,5,21,20
FOODS_2_128,FOODS_2,CA_4,CA,2016-05-21,11617,0.94,0.94,0.94,0.8592057761732852,0.0,0.0,9.40336134453781,0,0,26.0,43.0,0.0,23.0,34.25,25.923076923076923,26.36823104693141,28.0,0.9860350492880613,1.6307502738225628,0.0,0.872261774370208,1.2989115553121577,0.9831177858286292,0,0,0,0,0,0,5,21,20
FOODS_2_128,FOODS_2,TX_1,TX,2016-05-21,11617,0.94,0.94,0.94,0.7605054151624548,0.0,0.0,23.60201272192158,0,0,16.0,22.0,0.0,44.0,21.5,22.0,42.56317689530686,43.0,0.37591178965224764,0.5168787107718406,0.0,1.033757421543681,0.5051314673452078,0.5168787107718406,0,0,0,0,0,0,5,21,20
FOODS_2_128,FOODS_2,TX_2,TX,2016-05-21,11617,0.94,0.94,0.94,0.7605054151624548,0.0,0.0,23.60201272192158,0,0,34.0,48.0,0.0,21.0,36.5,30.53846153846154,81.05415162454874,81.0,0.4194726527703545,0.5921966862640299,0.0,0.25908605024051307,0.45031623017993944,0.3767661609724678,0,0,0,0,0,0,5,21,20
FOODS_2_128,FOODS_2,TX_3,TX,2016-05-21,11617,0.94,0.94,0.94,0.7605054151624548,0.0,0.0,23.60201272192158,0,0,69.0,71.0,0.0,48.0,59.75,45.53846153846154,92.35018050541517,88.0,0.7471560924123373,0.7688127907431296,0.0,0.5197607599390172,0.6469938626324224,0.4931063619934266,0,0,0,0,0,0,5,21,20
FOODS_2_128,FOODS_2,WI_1,WI,2016-05-21,11617,0.94,0.94,0.94,0.9105882352941177,0.0,0.0,3.229974160206707,0,0,70.0,33.0,0.0,19.0,49.5,42.0,32.37967914438503,31.0,2.1618497109826587,1.0191577208918248,0.0,0.5867877786952931,1.5287365813377374,1.2971098265895953,0,0,0,0,0,0,5,21,20
FOODS_2_128,FOODS_2,WI_2,WI,2016-05-21,11617,0.94,0.94,0.94,0.8866666666666667,0.0,0.0,6.015037593984951,0,0,202.0,112.0,0.0,0.0,192.75,160.0,91.5843621399177,44.0,2.205616715344866,1.2229161986070545,0.0,0.0,2.10461694001348,1.7470231408672208,0,0,0,0,0,0,5,21,20
FOODS_2_128,FOODS_2,WI_3,WI,2016-05-21,11617,0.94,0.94,0.94,0.8590613718411553,0.0,0.0,9.421751554883162,0,0,38.0,30.0,0.0,30.0,45.75,42.23076923076923,69.92418772563177,60.0,0.5434457122205586,0.4290360885951779,0.0,0.4290360885951779,0.6542800351076462,0.6039508016378273,0,0,0,0,0,0,5,21,20
FOODS_2_152,FOODS_2,CA_1,CA,2016-05-21,11617,2.42,2.42,2.42,2.3876102941176467,0.0,0.0,1.3565742266295184,0,0,9.0,13.0,12.0,7.0,11.5,13.307692307692308,14.389705882352942,14.0,0.6254471129279509,0.9034236075625958,0.8339294839039345,0.4864588656106285,0.799182422074604,0.9248064148421838,0,0,0,0,0,0,5,21,20
FOODS_2_152,FOODS_2,CA_2,CA,2016-05-21,11617,2.42,2.42,2.42,2.386570397111913,0.0,0.0,1.4007381859986816,0,0,32.0,22.0,18.0,24.0,28.0,27.076923076923077,29.104693140794225,28.0,1.0994790374596874,0.755891838253535,0.6184569585710742,0.8246092780947655,0.9620441577772264,0.9303284163120431,0,0,0,0,0,0,5,21,20
FOODS_2_152,FOODS_2,CA_3,CA,2016-05-21,11617,2.42,2.42,2.42,2.3646570397111915,0.0,0.0,2.340422283629249,0,0,34.0,28.0,12.0,22.0,31.5,29.923076923076923,28.310469314079423,28.0,1.2009691405253762,0.9890334098444274,0.42387146136189746,0.7770976791634787,1.1126625860749808,1.0569615286524239,0,0,0,0,0,0,5,21,20
FOODS_2_152,FOODS_2,CA_4,CA,2016-05-21,11617,2.42,2.42,2.42,2.386570397111913,0.0,0.0,1.4007381859986816,0,0,7.0,9.0,8.0,10.0,8.0,8.23076923076923,8.429602888086643,7.0,0.830406852248394,1.0676659528907921,0.9490364025695931,1.1862955032119913,0.9490364025695931,0.9764124526437158,0,0,0,0,0,0,5,21,20
FOODS_2_152,FOODS_2,TX_1,TX,2016-05-21,11617,2.22,2.22,2.22,2.1485198555956684,0.0,0.0,3.326948281076706,0,0,25.0,19.0,19.0,57.0,23.5,25.23076923076923,34.335740072202164,34.0,0.7281043002838818,0.5533592682157502,0.5533592682157502,1.6600778046472506,0.684418042266849,0.734825263055733,0,0,0,0,0,0,5,21,20
FOODS_2_152,FOODS_2,TX_2,TX,2016-05-21,11617,2.22,2.22,2.22,2.1432490974729244,0.0,0.0,3.5810537663387696,0,0,87.0,97.0,138.0,55.0,88.75,96.53846153846153,54.96028880866426,46.0,1.5829611140304782,1.7649106673673147,2.5109038360483447,1.0007225433526012,1.6148022858644246,1.7565129956748453,0,0,0,0,0,0,5,21,20
FOODS_2_152,FOODS_2,TX_3,TX,2016-05-21,11617,2.22,2.22,2.22,2.1565703971119135,0.0,0.0,2.9412257060113545,0,0,22.0,31.0,35.0,25.0,30.5,35.53846153846154,35.2202166064982,35.0,0.6246412464124641,0.8801763017630175,0.9937474374743747,0.709819598195982,0.8659799097990979,1.0090358595893651,0,0,0,0,0,0,5,21,20
FOODS_2_152,FOODS_2,WI_1,WI,2016-05-21,11617,2.42,2.42,2.42,2.382779783393502,0.0,0.0,1.5620502098389428,0,0,37.0,27.0,45.0,41.0,33.5,35.46153846153846,21.91335740072202,22.0,1.6884678747940693,1.2321252059308072,2.053542009884679,1.871004942339374,1.5287479406919275,1.6182613103535675,0,0,0,0,0,0,5,21,20
FOODS_2_152,FOODS_2,WI_2,WI,2016-05-21,11617,2.42,2.42,2.42,2.388447653429603,0.0,0.0,1.3210399032648015,0,0,75.0,39.0,44.0,38.0,65.0,64.23076923076923,46.148014440433215,46.0,1.6252053508566064,0.8451067824454354,0.9534538058358757,0.8234373777673473,1.4085113040757256,1.3918425312464269,0,0,0,0,0,0,5,21,20
FOODS_2_152,FOODS_2,WI_3,WI,2016-05-21,11617,2.42,2.42,2.42,2.3778339350180504,0.0,0.0,1.7732973005799684,0,0,16.0,19.0,21.0,17.0,23.0,22.846153846153847,22.487364620938628,19.0,0.7115106758709263,0.844918927596725,0.9338577620805908,0.7559800931128592,1.0227965965644565,1.0159551477580053,0,0,0,0,0,0,5,21,20
FOODS_2_166,FOODS_2,CA_1,CA,2016-05-21,11617,2.18,2.18,2.18,2.1774729241877258,0.0,0.0,0.11605544134226572,0,0,3.0,0.0,0.0,9.0,3.0,0.9230769230769231,8.490974729241877,4.0,0.35331632653061223,0.0,0.0,1.0599489795918366,0.35331632653061223,0.108712715855573,0,0,0,0,0,0,5,21,20
FOODS_2_166,FOODS_2,CA_2,CA,2016-05-21,11617,2.18,2.18,2.18,2.1722743682310472,0.0,0.0,0.3556471448514187,0,0,9.0,1.0,0.0,17.0,7.0,2.230769230769231,17.133574007220215,7.0,0.5252844500632112,0.058364938895912356,0.0,0.99220396123051,0.4085545722713865,0.13019870984472756,0,0,0,0,0,0,5,21,20
FOODS_2_166,FOODS_2,CA_3,CA,2016-05-21,11617,2.18,2.18,1.98,2.08,0.0,10.101010101010111,4.807692307692312,0,0,16.0,0.0,0.0,18.0,10.75,3.4615384615384617,22.84837545126354,6.0,0.700268604834887,0.0,0.0,0.7878021804392479,0.4704929688734397,0.15150041931523997,0,0,0,0,0,0,5,21,20
FOODS_2_166,FOODS_2,CA_4,CA,2016-05-21,11617,2.18,2.18,2.18,2.175162454873646,0.0,0.0,0.22239925645622854,0,0,6.0,0.0,0.0,9.0,3.0,0.9230769230769231,6.028880866425993,3.0,0.9952095808383233,0.0,0.0,1.4928143712574848,0.49760479041916167,0.15310916628281898,0,0,0,0,0,0,5,21,20
FOODS_2_166,FOODS_2,TX_1,TX,2016-05-21,11617,2.18,2.18,2.18,2.0911552346570397,0.0,0.0,4.248597324126035,0,0,8.0,0.0,0.0,9.0,4.25,1.3076923076923077,12.570397111913357,7.0,0.6364158529580701,0.0,0.0,0.7159678345778289,0.33809592188397475,0.10402951442583838,0,0,0,0,0,0,5,21,20
FOODS_2_166,FOODS_2,TX_2,TX,2016-05-21,11617,2.18,2.18,2.18,2.0852346570397113,0.0,0.0,4.5445889094717895,0,0,20.0,0.0,0.0,13.0,11.0,3.3846153846153846,14.624548736462094,6.0,1.3675635645519624,0.0,0.0,0.8889163169587756,0.7521599605035794,0.23143383400110135,0,0,0,0,0,0,5,21,20
FOODS_2_166,FOODS_2,TX_3,TX,2016-05-21,11617,2.18,2.18,2.18,2.088014440433213,0.0,0.0,4.405408209135878,0,0,11.0,0.0,0.0,19.0,4.75,1.4615384615384615,12.530685920577618,8.0,0.877845001440507,0.0,0.0,1.5162777297608758,0.37906943244021896,0.11663674844314428,0,0,0,0,0,0,5,21,20
FOODS_2_166,FOODS_2,WI_1,WI,2016-05-21,11617,1.87,1.87,1.87,2.026462093862816,0.0,0.0,-7.72094846168921,0,0,12.0,5.0,14.0,5.0,8.0,12.307692307692308,14.371841155234657,14.0,0.8349660889223813,0.3479025370509922,0.9741271037427782,0.3479025370509922,0.5566440592815876,0.856375475817827,0,0,0,0,0,0,5,21,20
FOODS_2_166,FOODS_2,WI_2,WI,2016-05-21,11617,1.87,1.87,1.87,2.026462093862816,0.0,0.0,-7.72094846168921,0,0,40.0,28.0,49.0,13.0,54.5,51.38461538461539,33.368231046931406,31.0,1.1987449962133507,0.8391214973493455,1.4684626203613547,0.389592123769339,1.6332900573406903,1.5399262643663814,0,0,0,0,0,0,5,21,20
FOODS_2_166,FOODS_2,WI_3,WI,2016-05-21,11617,1.87,1.87,1.87,2.0256317689530685,0.0,0.0,-7.683122438068072,0,0,5.0,20.0,17.0,13.0,16.5,21.53846153846154,25.595667870036102,20.0,0.19534555712270804,0.7813822284908322,0.6641748942172073,0.5078984485190409,0.6446403385049365,0.8414885537593577,0,0,0,0,0,0,5,21,20
FOODS_2_171,FOODS_2,CA_1,CA,2016-05-21,11617,2.97,2.97,2.97,2.93956678700361,0.0,0.0,1.0352958514479522,0,0,5.0,6.0,4.0,0.0,6.0,3.8461538461538463,4.823104693140794,4.0,1.0366766467065869,1.2440119760479043,0.8293413173652694,0.0,1.2440119760479043,0.7974435743896822,0,0,0,0,0,0,5,21,20
FOODS_2_171,FOODS_2,CA_2,CA,2016-05-21,11617,2.97,2.97,2.97,2.9409025270758122,0.0,0.0,0.9894062335047894,0,0,12.0,14.0,34.0,13.0,12.75,18.153846153846153,16.48375451263538,16.0,0.7279894875164258,0.8493210687691634,2.0626368812965397,0.7886552781427946,0.7734888304862024,1.1013174298325414,0,0,0,0,0,0,5,21,20
FOODS_2_171,FOODS_2,CA_3,CA,2016-05-21,11617,2.97,2.97,2.97,2.938086642599278,0.0,0.0,1.086195244823991,0,0,7.0,3.0,8.0,11.0,9.0,10.076923076923077,9.916967509025271,10.0,0.7058609392064069,0.30251183108846014,0.8066982162358937,1.1092100473243538,0.9075354932653804,1.01612948391252,0,0,0,0,0,0,5,21,20
FOODS_2_171,FOODS_2,CA_4,CA,2016-05-21,11617,2.97,2.97,2.97,2.9383393501805055,0.0,0.0,1.0775014743463762,0,0,3.0,2.0,5.0,2.0,4.5,4.6923076923076925,3.4476534296028882,3.0,0.8701570680628272,0.5801047120418847,1.450261780104712,0.5801047120418847,1.3052356020942408,1.3610149013290374,0,0,0,0,0,0,5,21,20
FOODS_2_171,FOODS_2,TX_1,TX,2016-05-21,11617,2.74,2.74,2.74,2.6854873646209385,0.0,0.0,2.029897295262689,0,0,21.0,20.0,16.0,11.0,17.5,16.615384615384617,9.555956678700362,9.0,2.197582168492633,2.0929353985644124,1.6743483188515298,1.1511144692104267,1.8313184737438608,1.7387463311150504,0,0,0,0,0,0,5,21,20
FOODS_2_171,FOODS_2,TX_2,TX,2016-05-21,11617,2.74,2.74,2.74,2.6850902527075813,0.0,0.0,2.0449870255589824,0,0,7.0,9.0,17.0,15.0,9.5,13.307692307692308,10.851985559566787,10.0,0.6450432468396541,0.8293413173652695,1.5665335994677312,1.3822355289421158,0.8754158349966733,1.2262910077281335,0,0,0,0,0,0,5,21,20
FOODS_2_171,FOODS_2,TX_3,TX,2016-05-21,11617,2.74,2.74,2.74,2.689117647058824,0.0,0.0,1.8921579350322615,0,0,0.0,0.0,14.0,13.0,0.0,6.538461538461538,10.801470588235293,10.0,0.0,0.0,1.2961198093941457,1.2035398230088497,0.0,0.6053306802115516,0,0,0,0,0,0,5,21,20
FOODS_2_171,FOODS_2,WI_1,WI,2016-05-21,11617,2.97,2.97,2.97,2.97,0.0,0.0,0.0,0,0,29.0,26.0,34.0,16.0,29.0,28.076923076923077,18.86096256684492,19.0,1.5375673376807486,1.3785086475758437,1.802665154522257,0.8483130138928269,1.5375673376807486,1.4886262022638548,0,0,0,0,0,0,5,21,20
FOODS_2_171,FOODS_2,WI_2,WI,2016-05-21,11617,2.97,2.97,2.97,2.9407581227436825,0.0,0.0,0.9943652635067938,0,0,16.0,15.0,23.0,7.0,20.0,23.76923076923077,27.335740072202167,25.0,0.5853143159006867,0.5487321711568938,0.8413893291072372,0.25607501320655046,0.7316428948758584,0.8695294404486164,0,0,0,0,0,0,5,21,20
FOODS_2_171,FOODS_2,WI_3,WI,2016-05-21,11617,2.97,2.97,2.97,2.938228782287823,0.0,0.0,1.0813051013488073,0,0,9.0,6.0,4.0,3.0,9.25,12.0,12.468634686346864,11.0,0.7218111867416396,0.4812074578277597,0.32080497188517315,0.24060372891387985,0.7418614974844628,0.9624149156555194,0,0,0,0,0,0,5,21,20
FOODS_2_182,FOODS_2,CA_1,CA,2016-05-21,11617,2.0,2.0,2.0,2.000361010830325,0.0,0.0,-0.018047283883775748,0,0,13.0,13.0,12.0,9.0,12.25,13.461538461538462,9.018050541516246,9.0,1.4415532425940751,1.4415532425940751,1.3306645316253003,0.9979983987189751,1.358386709367494,1.4927326476565868,0,0,0,0,0,0,5,21,20
FOODS_2_182,FOODS_2,CA_2,CA,2016-05-21,11617,2.0,2.0,2.0,2.0103846153846154,0.0,0.0,-0.516548689496846,0,0,19.0,17.0,12.0,1.0,14.75,16.0,12.538461538461538,12.0,1.5153374233128833,1.3558282208588956,0.9570552147239264,0.07975460122699386,1.1763803680981595,1.2760736196319018,0,0,0,0,0,0,5,21,20
FOODS_2_182,FOODS_2,CA_3,CA,2016-05-21,11617,2.0,2.0,2.0,1.9704332129963897,0.0,0.0,1.5005221597259197,0,0,20.0,18.0,15.0,13.0,14.5,13.076923076923077,13.555956678700362,14.0,1.4753661784287615,1.3278295605858854,1.106524633821571,0.958988015978695,1.069640479360852,0.964662501280344,0,0,0,0,0,0,5,21,20
FOODS_2_182,FOODS_2,CA_4,CA,2016-05-21,11617,2.0,2.0,2.0,2.000361010830325,0.0,0.0,-0.018047283883775748,0,0,18.0,14.0,3.0,8.0,11.0,9.615384615384615,9.729241877256317,10.0,1.8500927643784788,1.438961038961039,0.3083487940630798,0.8222634508348794,1.1306122448979592,0.9882974168688454,0,0,0,0,0,0,5,21,20
FOODS_2_182,FOODS_2,TX_1,TX,2016-05-21,11617,2.0,2.0,2.0,1.9246209386281588,0.0,0.0,3.916566626650665,0,0,5.0,5.0,8.0,0.0,4.5,5.3076923076923075,6.671480144404332,6.0,0.7494588744588745,0.7494588744588745,1.1991341991341993,0.0,0.674512987012987,0.7955794205794205,0,0,0,0,0,0,5,21,20
FOODS_2_182,FOODS_2,TX_2,TX,2016-05-21,11617,2.0,2.0,2.0,1.9201444043321299,0.0,0.0,4.158832819432961,0,0,8.0,7.0,1.0,4.0,6.0,5.769230769230769,5.902527075812275,5.0,1.3553516819571865,1.1859327217125382,0.1694189602446483,0.6776758409785932,1.0165137614678899,0.9774170783345094,0,0,0,0,0,0,5,21,20
FOODS_2_182,FOODS_2,TX_3,TX,2016-05-21,11617,2.0,2.0,2.0,1.9247292418772561,0.0,0.0,3.9107193097627406,0,0,8.0,0.0,1.0,3.0,4.25,2.769230769230769,7.516245487364621,6.0,1.0643611911623438,0.0,0.13304514889529298,0.39913544668587897,0.5654418828049952,0.3684327200177344,0,0,0,0,0,0,5,21,20
FOODS_2_182,FOODS_2,WI_1,WI,2016-05-21,11617,2.0,2.0,2.0,2.0135483870967743,0.0,0.0,-0.6728612624158979,0,0,9.0,14.0,21.0,8.0,16.0,17.23076923076923,11.96236559139785,12.0,0.7523595505617977,1.1703370786516853,1.755505617977528,0.6687640449438202,1.3375280898876405,1.4404148660328435,0,0,0,0,0,0,5,21,20
FOODS_2_182,FOODS_2,WI_2,WI,2016-05-21,11617,2.0,2.0,2.0,2.0093396226415097,0.0,0.0,-0.4648105544861379,0,0,16.0,17.0,11.0,3.0,17.0,12.76923076923077,9.132075471698114,8.0,1.7520661157024793,1.8615702479338843,1.2045454545454544,0.32851239669421484,1.8615702479338843,1.398283534647171,0,0,0,0,0,0,5,21,20
FOODS_2_182,FOODS_2,WI_3,WI,2016-05-21,11617,2.0,2.0,2.0,2.0029602888086644,0.0,0.0,-0.14779568148228908,0,0,5.0,10.0,10.0,0.0,11.25,10.0,5.7328519855595665,5.0,0.8721662468513854,1.7443324937027709,1.7443324937027709,0.0,1.9623740554156173,1.7443324937027709,0,0,0,0,0,0,5,21,20
FOODS_2_183,FOODS_2,CA_1,CA,2016-05-21,11617,8.98,8.98,8.98,8.749530685920577,0.0,0.0,2.6340762990898003,0,0,21.0,9.0,26.0,12.0,17.5,19.76923076923077,11.299638989169676,11.0,1.8584664536741213,0.7964856230031948,2.300958466453674,1.0619808306709264,1.5487220447284344,1.7495453428360777,0,0,0,0,0,0,5,21,20
FOODS_2_183,FOODS_2,CA_2,CA,2016-05-21,11617,8.98,8.98,8.98,8.788620689655172,0.0,0.0,2.1775807274296803,0,0,21.0,7.0,18.0,4.0,19.0,14.384615384615385,5.900383141762452,5.0,3.559090909090909,1.1863636363636363,3.050649350649351,0.6779220779220779,3.22012987012987,2.437912087912088,0,0,0,0,0,0,5,21,20
FOODS_2_183,FOODS_2,CA_3,CA,2016-05-21,11617,8.98,8.98,8.98,8.741949458483754,0.0,0.0,2.723083022233979,0,0,21.0,20.0,54.0,35.0,21.75,28.153846153846153,25.404332129963898,23.0,0.8266306664771921,0.7872673014068495,2.125621713798494,1.3777177774619866,0.8561531902799489,1.1082301242881036,0,0,0,0,0,0,5,21,20
FOODS_2_183,FOODS_2,CA_4,CA,2016-05-21,11617,8.98,8.98,8.98,8.747797833935017,0.0,0.0,2.6544070916249303,0,0,13.0,12.0,20.0,20.0,12.25,18.153846153846153,10.411552346570398,9.0,1.248613037447989,1.1525658807212205,1.9209431345353674,1.9209431345353674,1.1765776699029125,1.7436253067321028,0,0,0,0,0,0,5,21,20
FOODS_2_183,FOODS_2,TX_1,TX,2016-05-21,11617,8.98,8.98,8.98,8.725812274368232,0.0,0.0,2.9130551705591405,0,0,39.0,26.0,21.0,17.0,40.0,32.0,21.898916967509024,20.0,1.7809099901088032,1.1872733267392022,0.9589515331355094,0.7762940982525552,1.8265743488295418,1.4612594790636335,0,0,0,0,0,0,5,21,20
FOODS_2_183,FOODS_2,TX_2,TX,2016-05-21,11617,8.98,8.98,8.98,8.7257761732852,0.0,0.0,2.9134809519081153,0,0,35.0,21.0,48.0,30.0,34.0,33.23076923076923,31.815884476534297,31.0,1.1000794281175537,0.6600476568705321,1.5086803585612163,0.9429252241007602,1.0686485873141949,1.0444710174654575,0,0,0,0,0,0,5,21,20
FOODS_2_183,FOODS_2,TX_3,TX,2016-05-21,11617,8.98,8.98,8.98,8.736386861313868,0.0,0.0,2.7884884512714403,0,0,0.0,0.0,41.0,15.0,0.0,6.461538461538462,20.036496350364963,20.0,0.0,0.0,2.046265938069217,0.7486338797814208,0.0,0.32248844052122744,0,0,0,0,0,0,5,21,20
FOODS_2_183,FOODS_2,WI_1,WI,2016-05-21,11617,8.98,8.98,8.98,8.851021505376345,0.0,0.0,1.4572159218606677,0,0,29.0,18.0,26.0,19.0,33.0,31.384615384615383,22.107526881720432,23.0,1.3117704280155642,0.8142023346303501,1.1760700389105057,0.8594357976653696,1.4927042801556418,1.4196348398683027,0,0,0,0,0,0,5,21,20
FOODS_2_183,FOODS_2,WI_2,WI,2016-05-21,11617,8.98,8.98,8.98,8.745797101449275,0.0,0.0,2.6778908295496033,0,0,65.0,65.0,48.0,0.0,84.25,70.84615384615384,31.166666666666668,21.0,2.085561497326203,2.085561497326203,1.5401069518716577,0.0,2.7032085561497325,2.273138626079802,0,0,0,0,0,0,5,21,20
FOODS_2_183,FOODS_2,WI_3,WI,2016-05-21,11617,8.98,8.98,8.98,8.745963636363635,0.0,0.0,2.6759357043664997,0,0,30.0,19.0,6.0,14.0,28.75,20.153846153846153,23.17818181818182,22.0,1.294320677753373,0.8197364292438029,0.2588641355506746,0.6040163162849074,1.2403906495136492,0.8695179937727787,0,0,0,0,0,0,5,21,20
FOODS_2_197,FOODS_2,CA_1,CA,2016-05-21,11617,3.42,3.42,3.42,3.228375451263538,0.0,0.0,5.935633931966094,0,0,154.0,139.0,111.0,98.0,152.75,131.6153846153846,148.942238267148,149.0,1.0339578738153525,0.9332476913008702,0.7452553506071697,0.6579731924279516,1.0255653586058124,0.8836672937552789,0,0,0,0,0,0,5,21,20
FOODS_2_197,FOODS_2,CA_2,CA,2016-05-21,11617,3.42,3.42,3.42,3.235090252707581,0.0,0.0,5.715752354595368,0,0,26.0,31.0,22.0,1.0,36.25,36.46153846153846,36.48014440433213,37.0,0.7127164769915884,0.8497773379515091,0.6030677882236517,0.027412172191984167,0.993691241959426,0.9994899706923457,0,0,0,0,0,0,5,21,20
FOODS_2_197,FOODS_2,CA_3,CA,2016-05-21,11617,3.42,3.42,3.42,3.23768953068592,0.0,0.0,5.630881762633258,0,0,71.0,61.0,61.0,75.0,73.0,75.46153846153847,156.72202166064983,151.0,0.45303141988390305,0.3892241776467336,0.3892241776467336,0.4785543167787708,0.46579286833133693,0.48149926642048635,0,0,0,0,0,0,5,21,20
FOODS_2_197,FOODS_2,CA_4,CA,2016-05-21,11617,3.42,3.42,3.42,3.228375451263538,0.0,0.0,5.935633931966094,0,0,44.0,40.0,56.0,50.0,44.25,51.84615384615385,48.90252707581227,49.0,0.8997490033958364,0.8179536394507604,1.1451350952310646,1.0224420493134505,0.9048612136424037,1.0601937557496395,0,0,0,0,0,0,5,21,20
FOODS_2_197,FOODS_2,TX_1,TX,2016-05-21,11617,2.98,2.98,2.98,3.012815884476534,0.0,0.0,-1.0892097537595031,0,0,21.0,13.0,18.0,8.0,23.5,22.76923076923077,28.51985559566787,27.0,0.7363291139240506,0.45582278481012656,0.6311392405063291,0.28050632911392404,0.8239873417721519,0.7983641674780916,0,0,0,0,0,0,5,21,20
FOODS_2_197,FOODS_2,TX_2,TX,2016-05-21,11617,2.98,2.98,2.98,3.012815884476534,0.0,0.0,-1.0892097537595031,0,0,51.0,43.0,21.0,26.0,39.0,30.692307692307693,41.891696750902526,41.0,1.217425025853154,1.026456394346777,0.5012926577042399,0.6206480523957256,0.9309720785935884,0.7326584997215815,0,0,0,0,0,0,5,21,20
FOODS_2_197,FOODS_2,TX_3,TX,2016-05-21,11617,2.98,2.98,2.98,3.012454873646209,0.0,0.0,-1.0773563425010404,0,0,8.0,28.0,11.0,45.0,24.25,30.615384615384617,46.68953068592058,44.0,0.17134462228407948,0.5997061779942782,0.23559885564060928,0.9638135003479471,0.519388386298616,0.6557226891256118,0,0,0,0,0,0,5,21,20
FOODS_2_197,FOODS_2,WI_1,WI,2016-05-21,11617,3.42,3.42,3.42,3.2071480144404334,0.0,0.0,6.63679956775253,0,0,8.0,9.0,13.0,15.0,13.75,15.846153846153847,16.407942238267147,15.0,0.4875687568756876,0.5485148514851486,0.7922992299229924,0.9141914191419143,0.8380088008800881,0.9657611915037658,0,0,0,0,0,0,5,21,20
FOODS_2_197,FOODS_2,WI_2,WI,2016-05-21,11617,3.42,3.42,3.42,3.2100722021660646,0.0,0.0,6.539659690279928,0,0,20.0,13.0,9.0,11.0,16.75,23.153846153846153,34.48375451263538,32.0,0.5799832495812395,0.3769891122278057,0.2609924623115578,0.3189907872696817,0.4857359715242881,0.6714421466305889,0,0,0,0,0,0,5,21,20
FOODS_2_197,FOODS_2,WI_3,WI,2016-05-21,11617,3.42,3.42,3.42,3.2036462093862816,0.0,0.0,6.753360904204365,0,0,21.0,31.0,18.0,13.0,33.75,27.692307692307693,32.51263537906137,31.0,0.6459027315123251,0.9534754608039085,0.5536309127248501,0.3998445480790584,1.038057961359094,0.8517398657305386,0,0,0,0,0,0,5,21,20
FOODS_2_212,FOODS_2,CA_1,CA,2016-05-21,11617,4.88,4.88,4.88,4.652996389891697,0.0,0.0,4.878654335547142,0,0,21.0,11.0,11.0,0.0,8.0,13.76923076923077,16.42960288808664,10.0,1.2781806196440344,0.6695231817183037,0.6695231817183037,0.0,0.4869259503405845,0.8380744722208138,0,0,0,0,0,0,5,21,20
FOODS_2_212,FOODS_2,CA_2,CA,2016-05-21,11617,4.88,4.88,4.88,5.4813636363636355,0.0,0.0,-10.971058960112767,0,0,23.0,10.0,10.0,0.0,8.5,9.307692307692308,4.056818181818182,0.0,5.669467787114846,2.4649859943977592,2.4649859943977592,0.0,2.0952380952380953,2.29433311786253,0,0,0,0,0,0,5,21,20
FOODS_2_212,FOODS_2,CA_3,CA,2016-05-21,11617,4.88,4.88,4.88,4.442960288808664,0.0,0.0,9.83667831315511,0,0,21.0,17.0,21.0,0.0,9.5,16.384615384615383,16.642599277978338,15.0,1.2618221258134492,1.0214750542299351,1.2618221258134492,0.0,0.5708242950108461,0.984498581678625,0,0,0,0,0,0,5,21,20
FOODS_2_212,FOODS_2,CA_4,CA,2016-05-21,11617,4.88,4.88,4.88,4.650072202166065,0.0,0.0,4.944607047753614,0,0,16.0,4.0,6.0,0.0,5.0,8.692307692307692,9.19494584837545,9.0,1.740086376128779,0.43502159403219476,0.6525323910482922,0.0,0.5437769925402435,0.9453353870315001,0,0,0,0,0,0,5,21,20
FOODS_2_212,FOODS_2,TX_1,TX,2016-05-21,11617,4.88,4.88,4.88,4.620180505415163,0.0,0.0,5.623578868408093,0,0,6.0,8.0,5.0,0.0,3.5,5.615384615384615,10.436823104693142,6.0,0.5748875821515046,0.7665167762020062,0.47907298512625385,0.0,0.33535108958837767,0.5380358140648697,0,0,0,0,0,0,5,21,20
FOODS_2_212,FOODS_2,TX_2,TX,2016-05-21,11617,4.88,4.88,4.88,4.62173285198556,0.0,0.0,5.588102044961009,0,0,10.0,5.0,0.0,0.0,3.75,5.461538461538462,8.978339350180505,7.0,1.1137917169280258,0.5568958584640129,0.0,0.0,0.4176718938480097,0.6083016300145372,0,0,0,0,0,0,5,21,20
FOODS_2_212,FOODS_2,TX_3,TX,2016-05-21,11617,4.88,4.88,4.88,4.617581227436823,0.0,0.0,5.683035330357221,0,0,9.0,6.0,13.0,0.0,3.75,10.461538461538462,9.180505415162456,7.0,0.980338183248132,0.6535587888320881,1.416044042469524,0.0,0.40847424302005503,1.1395384010405638,0,0,0,0,0,0,5,21,20
FOODS_2_212,FOODS_2,WI_1,WI,2016-05-21,11617,4.88,4.88,4.88,4.789786096256684,0.0,0.0,1.88346414496088,0,0,11.0,6.0,11.0,0.0,4.25,13.23076923076923,8.53475935828877,7.0,1.2888471177944862,0.7030075187969924,1.2888471177944862,0.0,0.49796365914786966,1.5502217081164449,0,0,0,0,0,0,5,21,20
FOODS_2_212,FOODS_2,WI_2,WI,2016-05-21,11617,4.88,4.88,4.88,4.792708333333333,0.0,0.0,1.8213431862638674,0,0,19.0,4.0,22.0,0.0,5.75,15.384615384615385,7.65625,4.5,2.4816326530612245,0.5224489795918368,2.873469387755102,0.0,0.7510204081632653,2.009419152276295,0,0,0,0,0,0,5,21,20
FOODS_2_212,FOODS_2,WI_3,WI,2016-05-21,11617,4.88,4.88,4.88,4.652346570397112,0.0,0.0,4.893303328936126,0,0,15.0,20.0,11.0,0.0,8.75,13.615384615384615,11.050541516245488,9.0,1.3573995426331262,1.8098660568441685,0.9954263312642927,0.0,0.7918163998693237,1.2321011233131454,0,0,0,0,0,0,5,21,20
FOODS_2_240,FOODS_2,CA_1,CA,2016-05-21,11617,2.18,2.18,2.18,2.1766064981949462,0.0,0.0,0.15590791481455904,0,0,10.0,0.0,0.0,8.0,6.0,1.8461538461538463,12.678700361010831,4.0,0.7887243735763098,0.0,0.0,0.6309794988610478,0.4732346241457859,0.14561065358331873,0,0,0,0,0,0,5,21,20
FOODS_2_240,FOODS_2,CA_2,CA,2016-05-21,11617,2.18,2.18,1.98,2.1701083032490973,0.0,10.101010101010111,0.4558158104871054,0,0,9.0,0.0,0.0,13.0,7.0,2.6923076923076925,20.653429602888085,6.0,0.43576297850026224,0.0,0.0,0.6294354133892677,0.33892676105575953,0.13035644655990752,0,0,0,0,0,0,5,21,20
FOODS_2_240,FOODS_2,CA_3,CA,2016-05-21,11617,2.18,2.18,1.98,2.0803971119133573,0.0,10.101010101010111,4.78768632758951,0,0,34.0,0.0,0.0,20.0,20.5,6.923076923076923,33.537906137184116,19.0,1.013778256189451,0.0,0.0,0.596340150699677,0.611248654467169,0.20642543678065745,0,0,0,0,0,0,5,21,20
FOODS_2_240,FOODS_2,CA_4,CA,2016-05-21,11617,2.18,2.18,2.18,2.177256317689531,0.0,0.0,0.12601558613827915,0,0,11.0,0.0,0.0,8.0,4.5,1.3846153846153846,6.584837545126354,4.0,1.6705043859649122,0.0,0.0,1.2149122807017543,0.6833881578947368,0.2102732793522267,0,0,0,0,0,0,5,21,20
FOODS_2_240,FOODS_2,TX_1,TX,2016-05-21,11617,2.18,2.18,2.18,2.0672202166064984,0.0,0.0,5.455625021829485,0,0,13.0,0.0,0.0,15.0,6.75,2.076923076923077,16.1985559566787,8.0,0.8025406730554937,0.0,0.0,0.9260084689101851,0.41670381100958326,0.12821655723371794,0,0,0,0,0,0,5,21,20
FOODS_2_240,FOODS_2,TX_2,TX,2016-05-21,11617,2.18,2.18,2.18,2.0906859205776174,0.0,0.0,4.271998894874988,0,0,26.0,0.0,0.0,38.0,16.75,5.153846153846154,28.03610108303249,21.0,0.9273757404069018,0.0,0.0,1.355395312902395,0.5974439866082926,0.18382891895639772,0,0,0,0,0,0,5,21,20
FOODS_2_240,FOODS_2,TX_3,TX,2016-05-21,11617,2.18,2.18,2.18,2.0904693140794226,0.0,0.0,4.282803163748141,0,0,16.0,0.0,0.0,16.0,5.5,1.6923076923076923,18.664259927797833,12.0,0.8572533849129594,0.0,0.0,0.8572533849129594,0.2946808510638298,0.09067103109656302,0,0,0,0,0,0,5,21,20
FOODS_2_240,FOODS_2,WI_1,WI,2016-05-21,11617,1.87,1.87,1.87,2.0245126353790615,0.0,0.0,-7.6320904438381545,0,0,22.0,6.0,11.0,11.0,15.25,15.23076923076923,13.277978339350181,14.0,1.656878738444807,0.45187601957585644,0.8284393692224035,0.8284393692224035,1.1485182164219685,1.1470698958464047,0,0,0,0,0,0,5,21,20
FOODS_2_240,FOODS_2,WI_2,WI,2016-05-21,11617,1.87,1.87,1.87,2.0264981949458485,0.0,0.0,-7.722592368261659,0,0,36.0,21.0,37.0,17.0,37.0,37.92307692307692,26.050541516245488,23.0,1.3819290465631928,0.8061252771618626,1.4203159645232815,0.6525776053215078,1.4203159645232815,1.4557500426402863,0,0,0,0,0,0,5,21,20
FOODS_2_240,FOODS_2,WI_3,WI,2016-05-21,11617,1.87,1.87,1.87,2.0256317689530685,0.0,0.0,-7.683122438068072,0,0,23.0,27.0,18.0,2.0,25.25,24.692307692307693,19.855595667870038,17.0,1.1583636363636363,1.3598181818181818,0.9065454545454544,0.10072727272727272,1.2716818181818181,1.2435944055944055,0,0,0,0,0,0,5,21,20
FOODS_2_274,FOODS_2,CA_1,CA,2016-05-21,11617,6.98,6.98,6.98,7.090216606498195,0.0,0.0,-1.554488566642386,0,0,11.0,10.0,11.0,12.0,12.5,9.384615384615385,8.516245487364621,8.0,1.2916490038151758,1.1742263671047053,1.2916490038151758,1.4090716405256465,1.4677829588808817,1.101966282975185,0,0,0,0,0,0,5,21,20
FOODS_2_274,FOODS_2,CA_2,CA,2016-05-21,11617,6.98,6.98,6.98,6.98,0.0,0.0,0.0,0,0,12.0,13.0,12.0,1.0,14.75,11.846153846153847,13.0,13.0,0.9230769230769231,1.0,0.9230769230769231,0.07692307692307693,1.1346153846153846,0.9112426035502958,0,0,0,0,0,0,5,21,20
FOODS_2_274,FOODS_2,CA_3,CA,2016-05-21,11617,6.98,6.98,6.98,6.978844765342961,0.0,0.0,0.016553379475873764,0,0,13.0,20.0,22.0,45.0,18.5,20.46153846153846,18.732851985559567,16.0,0.6939680092503373,1.067643091154365,1.1744074002698015,2.4021969550973212,0.9875698593177876,1.0922810086425425,0,0,0,0,0,0,5,21,20
FOODS_2_274,FOODS_2,CA_4,CA,2016-05-21,11617,6.98,6.98,6.98,7.084043321299639,0.0,0.0,-1.468699675887224,0,0,11.0,10.0,7.0,10.0,11.75,12.461538461538462,7.537906137184115,7.0,1.4592911877394636,1.3266283524904214,0.928639846743295,1.3266283524904214,1.5587883141762453,1.6531830238726792,0,0,0,0,0,0,5,21,20
FOODS_2_274,FOODS_2,TX_1,TX,2016-05-21,11617,6.98,6.98,6.98,7.0565342960288815,0.0,0.0,-1.0845876009126934,0,0,10.0,7.0,17.0,10.0,10.25,10.846153846153847,9.953068592057761,10.0,1.004715270221255,0.7033006891548785,1.7080159593761335,1.004715270221255,1.0298331519767865,1.0897296392399767,0,0,0,0,0,0,5,21,20
FOODS_2_274,FOODS_2,TX_2,TX,2016-05-21,11617,6.98,6.98,6.98,7.054693140794224,0.0,0.0,-1.0587723562674232,0,0,0.0,0.0,20.0,17.0,0.0,7.230769230769231,11.707581227436823,11.0,0.0,0.0,1.7082947887758249,1.4520505704594513,0.0,0.6176142697881829,0,0,0,0,0,0,5,21,20
FOODS_2_274,FOODS_2,TX_3,TX,2016-05-21,11617,6.98,6.98,6.98,7.055054151624549,0.0,0.0,-1.06383523090699,0,0,19.0,10.0,20.0,30.0,14.25,13.384615384615385,12.945848375451263,12.0,1.4676519799219188,0.7724484104852204,1.5448968209704408,2.317345231455661,1.100738984941439,1.033892487880218,0,0,0,0,0,0,5,21,20
FOODS_2_274,FOODS_2,WI_1,WI,2016-05-21,11617,6.98,6.98,6.98,7.144139784946236,0.0,0.0,-2.297544419442947,0,0,10.0,12.0,17.0,18.0,13.75,15.923076923076923,12.64516129032258,14.0,0.7908163265306123,0.9489795918367347,1.344387755102041,1.4234693877551021,1.087372448979592,1.2592229199372058,0,0,0,0,0,0,5,21,20
FOODS_2_274,FOODS_2,WI_2,WI,2016-05-21,11617,6.98,6.98,6.98,7.190710900473934,0.0,0.0,-2.9303208457462193,0,0,29.0,25.0,21.0,12.0,27.75,29.384615384615383,21.691943127962084,23.0,1.3369019008083898,1.1525016386279223,0.9681013764474548,0.5532007865414027,1.2792768188769938,1.3546326952488195,0,0,0,0,0,0,5,21,20
FOODS_2_274,FOODS_2,WI_3,WI,2016-05-21,11617,6.98,6.98,6.98,7.086570397111913,0.0,0.0,-1.503836004442217,0,0,16.0,6.0,15.0,10.0,13.75,16.923076923076923,15.783393501805055,15.0,1.0137236962488563,0.38014638609332113,0.9503659652333029,0.6335773101555352,0.8711688014638609,1.0722077556478289,0,0,0,0,0,0,5,21,20
FOODS_2_276,FOODS_2,CA_1,CA,2016-05-21,11617,3.42,3.42,3.42,3.2286642599277977,0.0,0.0,5.926157837064205,0,0,54.0,48.0,100.0,51.0,56.0,74.0,96.56317689530685,87.0,0.5592193808882907,0.4970838941229251,1.0355914460894273,0.5281516375056079,0.5799312098100793,0.7663376701061763,0,0,0,0,0,0,5,21,20
FOODS_2_276,FOODS_2,CA_2,CA,2016-05-21,11617,3.42,3.42,3.42,3.2402888086642596,0.0,0.0,5.5461473327688475,0,0,19.0,11.0,20.0,0.0,19.25,20.23076923076923,31.346570397111915,32.0,0.6061269146608315,0.3509155821720603,0.6380283312219279,0.0,0.6141022688011056,0.6453901965821809,0,0,0,0,0,0,5,21,20
FOODS_2_276,FOODS_2,CA_3,CA,2016-05-21,11617,3.42,3.42,3.42,3.23768953068592,0.0,0.0,5.630881762633258,0,0,40.0,37.0,38.0,46.0,43.25,55.69230769230769,142.25992779783394,106.0,0.28117545551438866,0.2600872963508095,0.26711668273866923,0.32335177384154695,0.3040209612749327,0.3914827496008027,0,0,0,0,0,0,5,21,20
FOODS_2_276,FOODS_2,CA_4,CA,2016-05-21,11617,3.42,3.42,3.42,3.228375451263538,0.0,0.0,5.935633931966094,0,0,19.0,19.0,20.0,16.0,16.25,17.076923076923077,27.700361010830324,26.0,0.6859116382119119,0.6859116382119119,0.7220122507493809,0.5776098005995047,0.5866349537338721,0.6164873833321637,0,0,0,0,0,0,5,21,20
FOODS_2_276,FOODS_2,TX_1,TX,2016-05-21,11617,2.98,2.98,2.98,3.0132129963898917,0.0,0.0,-1.1022452256008444,0,0,36.0,14.0,15.0,40.0,28.5,25.46153846153846,40.985559566787,42.0,0.8783581432220559,0.3415837223641328,0.3659825596758566,0.9759534924689509,0.6953668633841276,0.6212319346292745,0,0,0,0,0,0,5,21,20
FOODS_2_276,FOODS_2,TX_2,TX,2016-05-21,11617,2.98,2.98,2.98,3.012815884476534,0.0,0.0,-1.0892097537595031,0,0,40.0,47.0,36.0,27.0,44.0,43.53846153846154,53.74368231046932,55.0,0.7442735272385302,0.874521394505273,0.6698461745146772,0.5023846308860079,0.8187008799623833,0.8101131084942463,0,0,0,0,0,0,5,21,20
FOODS_2_276,FOODS_2,TX_3,TX,2016-05-21,11617,2.98,2.98,2.98,3.012454873646209,0.0,0.0,-1.0773563425010404,0,0,65.0,34.0,46.0,54.0,42.75,46.46153846153846,64.29602888086643,64.0,1.010948905109489,0.5288040426726558,0.715440763615946,0.8398652442448062,0.6648933183604716,0.7226190990368418,0,0,0,0,0,0,5,21,20
FOODS_2_276,FOODS_2,WI_1,WI,2016-05-21,11617,3.42,3.42,3.42,3.207256317689531,0.0,0.0,6.633198635765012,0,0,15.0,12.0,17.0,17.0,19.0,21.53846153846154,22.42960288808664,22.0,0.668759053597296,0.5350072428778369,0.7579269274102688,0.7579269274102688,0.8470948012232417,0.9602694102935533,0,0,0,0,0,0,5,21,20
FOODS_2_276,FOODS_2,WI_2,WI,2016-05-21,11617,3.42,3.42,3.42,3.2100722021660646,0.0,0.0,6.539659690279928,0,0,56.0,49.0,38.0,28.0,50.75,51.61538461538461,44.768953068592054,42.0,1.250866865575357,1.0945085073784373,0.8488025159261351,0.6254334327876785,1.133598096927667,1.1529281137377259,0,0,0,0,0,0,5,21,20
FOODS_2_276,FOODS_2,WI_3,WI,2016-05-21,11617,3.42,3.42,3.42,3.203754512635379,0.0,0.0,6.749752095916342,0,0,41.0,48.0,42.0,26.0,50.5,41.30769230769231,54.47292418772563,48.0,0.7526675061302937,0.8811717144940022,0.771025250182252,0.4773013453509179,0.9270660746238982,0.7583160427616654,0,0,0,0,0,0,5,21,20
FOODS_2_285,FOODS_2,CA_1,CA,2016-05-21,11617,3.98,3.98,3.98,3.700505415162455,0.0,0.0,7.552875985327404,0,0,9.0,14.0,13.0,20.0,13.5,10.0,7.833935018050542,7.0,1.148847926267281,1.7870967741935484,1.659447004608295,2.552995391705069,1.7232718894009216,1.2764976958525345,0,0,0,0,0,0,5,21,20
FOODS_2_285,FOODS_2,CA_2,CA,2016-05-21,11617,3.98,3.98,3.98,3.7138628158844766,0.0,0.0,7.166047786612746,0,0,20.0,37.0,18.0,2.0,28.5,26.46153846153846,22.512635379061372,21.0,0.8883899935856318,1.6435214881334188,0.7995509942270687,0.08883899935856318,1.2659557408595252,1.1754082992056052,0,0,0,0,0,0,5,21,20
FOODS_2_285,FOODS_2,CA_3,CA,2016-05-21,11617,3.98,3.98,3.98,3.702274368231047,0.0,0.0,7.501487035971639,0,0,19.0,17.0,28.0,0.0,24.75,24.384615384615383,18.945848375451263,19.0,1.0028582317073171,0.8972942073170732,1.4778963414634148,0.0,1.3063548018292683,1.2870690666041276,0,0,0,0,0,0,5,21,20
FOODS_2_285,FOODS_2,CA_4,CA,2016-05-21,11617,3.98,3.98,3.98,3.6960649819494584,0.0,0.0,7.682089450190954,0,0,4.0,2.0,5.0,6.0,3.0,5.0,4.3393501805054155,4.0,0.9217970049916805,0.46089850249584025,1.1522462562396005,1.3826955074875207,0.6913477537437603,1.1522462562396005,0,0,0,0,0,0,5,21,20
FOODS_2_285,FOODS_2,TX_1,TX,2016-05-21,11617,3.98,3.98,3.98,3.400974729241877,0.0,0.0,17.02527413037249,0,0,21.0,13.0,20.0,25.0,20.5,19.846153846153847,30.093862815884478,25.0,0.6978166986564299,0.4319817658349328,0.6645873320537428,0.8307341650671785,0.6812020153550863,0.6594751218071755,0,0,0,0,0,0,5,21,20
FOODS_2_285,FOODS_2,TX_2,TX,2016-05-21,11617,3.98,3.98,3.98,3.403610108303249,0.0,0.0,16.934662706830718,0,0,12.0,15.0,9.0,5.0,15.5,15.384615384615385,16.48375451263538,15.0,0.7279894875164258,0.9099868593955323,0.5459921156373193,0.30332895313184405,0.9403197547087166,0.9333198557902894,0,0,0,0,0,0,5,21,20
FOODS_2_285,FOODS_2,TX_3,TX,2016-05-21,11617,3.98,3.98,3.98,3.400974729241877,0.0,0.0,17.02527413037249,0,0,19.0,11.0,8.0,15.0,19.0,16.46153846153846,20.314079422382672,19.0,0.9353118891060955,0.5414963568508975,0.3938155322551981,0.7384041229784964,0.9353118891060955,0.810351191371273,0,0,0,0,0,0,5,21,20
FOODS_2_285,FOODS_2,WI_1,WI,2016-05-21,11617,3.98,3.98,3.98,3.3595306859205776,0.0,0.0,18.468928314295233,0,0,5.0,6.0,6.0,8.0,4.5,6.769230769230769,5.068592057761733,4.0,0.9864672364672364,1.1837606837606838,1.1837606837606838,1.5783475783475782,0.8878205128205128,1.3355248739864125,0,0,0,0,0,0,5,21,20
FOODS_2_285,FOODS_2,WI_2,WI,2016-05-21,11617,3.98,3.98,3.98,3.706317689530686,0.0,0.0,7.384210782642567,0,0,75.0,51.0,58.0,67.0,73.75,77.6923076923077,49.52346570397112,41.0,1.514433590902464,1.0298148418136754,1.171161976964572,1.3528940078728677,1.4891930310540895,1.5687978736528088,0,0,0,0,0,0,5,21,20
FOODS_2_285,FOODS_2,WI_3,WI,2016-05-21,11617,3.98,3.98,3.98,3.706931407942238,0.0,0.0,7.366432286087145,0,0,5.0,5.0,5.0,5.0,7.5,9.307692307692308,17.534296028880867,12.0,0.28515544574840435,0.28515544574840435,0.28515544574840435,0.28515544574840435,0.4277331686226065,0.530827829777799,0,0,0,0,0,0,5,21,20
FOODS_2_291,FOODS_2,CA_1,CA,2016-05-21,11617,6.98,6.98,6.98,7.097509025270758,0.0,0.0,-1.6556375603379418,0,0,10.0,6.0,10.0,5.0,8.25,9.153846153846153,5.501805054151625,5.0,1.8175853018372703,1.0905511811023623,1.8175853018372703,0.9087926509186351,1.499507874015748,1.6637896224510396,0,0,0,0,0,0,5,21,20
FOODS_2_291,FOODS_2,CA_2,CA,2016-05-21,11617,6.98,6.98,6.98,7.095740072202166,0.0,0.0,-1.6311205177255848,0,0,5.0,2.0,8.0,0.0,3.75,5.0,7.758122743682311,6.0,0.6444858073522568,0.25779432294090276,1.031177291763611,0.0,0.48336435551419266,0.6444858073522568,0,0,0,0,0,0,5,21,20
FOODS_2_291,FOODS_2,CA_3,CA,2016-05-21,11617,6.98,6.98,6.98,7.011119133574008,0.0,0.0,-0.44385401219311377,0,0,13.0,8.0,13.0,4.0,10.0,11.076923076923077,11.657039711191336,10.0,1.1152059461133477,0.6862805822235986,1.1152059461133477,0.3431402911117993,0.8578507277794982,0.950234652309598,0,0,0,0,0,0,5,21,20
FOODS_2_291,FOODS_2,CA_4,CA,2016-05-21,11617,6.98,6.98,6.98,7.095740072202166,0.0,0.0,-1.6311205177255848,0,0,11.0,8.0,7.0,4.0,8.0,6.615384615384615,4.563176895306859,4.0,2.410601265822785,1.7531645569620253,1.5340189873417722,0.8765822784810127,1.7531645569620253,1.4497322297955209,0,0,0,0,0,0,5,21,20
FOODS_2_291,FOODS_2,TX_1,TX,2016-05-21,11617,6.98,6.98,6.98,6.924259927797834,0.0,0.0,0.8049968196369184,0,0,7.0,11.0,7.0,11.0,10.0,8.538461538461538,8.610108303249097,6.0,0.8129979035639413,1.2775681341719078,0.8129979035639413,1.2775681341719078,1.1614255765199162,0.9916787614900823,0,0,0,0,0,0,5,21,20
FOODS_2_291,FOODS_2,TX_2,TX,2016-05-21,11617,6.98,6.98,6.98,6.631119133574008,0.0,0.0,5.261266754499621,0,0,8.0,4.0,24.0,11.0,11.5,10.615384615384615,9.245487364620939,8.0,0.8652869972666927,0.43264349863334634,2.595860991800078,1.1897696212417024,1.2438500585708707,1.1481692848346499,0,0,0,0,0,0,5,21,20
FOODS_2_291,FOODS_2,TX_3,TX,2016-05-21,11617,6.98,6.98,6.98,6.930216606498195,0.0,0.0,0.7183526335255538,0,0,0.0,14.0,19.0,13.0,4.5,13.923076923076923,16.068592057761734,18.0,0.0,0.8712648842956638,1.1824309144012581,0.809031678274545,0.28004942709503483,0.8664777146017316,0,0,0,0,0,0,5,21,20
FOODS_2_291,FOODS_2,WI_1,WI,2016-05-21,11617,6.98,6.98,6.98,7.153494623655914,0.0,0.0,-2.42531284055465,0,0,15.0,15.0,13.0,13.0,13.0,16.307692307692307,12.666666666666666,12.0,1.1842105263157896,1.1842105263157896,1.0263157894736843,1.0263157894736843,1.0263157894736843,1.2874493927125505,0,0,0,0,0,0,5,21,20
FOODS_2_291,FOODS_2,WI_2,WI,2016-05-21,11617,6.98,6.98,6.98,7.196933962264151,0.0,0.0,-3.014255284286406,0,0,30.0,28.0,32.0,18.0,33.25,37.15384615384615,24.58490566037736,23.0,1.220260936300844,1.1389102072141213,1.3016116653875671,0.7321565617805065,1.352455871066769,1.511246236495661,0,0,0,0,0,0,5,21,20
FOODS_2_291,FOODS_2,WI_3,WI,2016-05-21,11617,6.98,6.98,6.98,7.097509025270758,0.0,0.0,-1.6556375603379418,0,0,13.0,12.0,0.0,3.0,17.75,23.53846153846154,18.458483754512635,11.0,0.7042831996870722,0.6501075689419128,0.0,0.1625268922354782,0.9616174457265794,1.2752110006168291,0,0,0,0,0,0,5,21,20
FOODS_2_294,FOODS_2,CA_1,CA,2016-05-21,11617,1.0,1.0,1.0,1.1808303249097472,0.0,0.0,-15.313827998410211,0,0,21.0,12.0,13.0,24.0,19.0,18.384615384615383,18.750902527075812,18.0,1.1199460916442048,0.63996919522526,0.6932999614940316,1.27993839045052,1.0132845591066615,0.9804656260181865,0,0,0,0,0,0,5,21,20
FOODS_2_294,FOODS_2,CA_2,CA,2016-05-21,11617,1.0,1.0,1.0,1.1799277978339349,0.0,0.0,-15.2490515236813,0,0,39.0,29.0,42.0,6.0,34.75,34.23076923076923,21.67870036101083,24.0,1.799000832639467,1.3377185678601167,1.9373855120732724,0.27676935886761034,1.6029558701082431,1.579004675590854,0,0,0,0,0,0,5,21,20
FOODS_2_294,FOODS_2,CA_3,CA,2016-05-21,11617,1.0,1.0,1.0,1.1269314079422383,0.0,0.0,-11.263454638646854,0,0,32.0,23.0,36.0,0.0,33.25,31.692307692307693,25.018050541516246,23.0,1.279076479076479,0.9193362193362193,1.438961038961039,0.0,1.329040404040404,1.266777666777667,0,0,0,0,0,0,5,21,20
FOODS_2_294,FOODS_2,CA_4,CA,2016-05-21,11617,1.0,1.0,1.0,1.1799277978339349,0.0,0.0,-15.2490515236813,0,0,11.0,14.0,21.0,26.0,12.75,13.307692307692308,15.216606498194945,15.0,0.7228944246737842,0.9200474495848162,1.3800711743772243,1.7086595492289443,0.8379003558718862,0.8745505976822704,0,0,0,0,0,0,5,21,20
FOODS_2_294,FOODS_2,TX_1,TX,2016-05-21,11617,1.0,1.0,1.0,1.0624548736462094,0.0,0.0,-5.878355419639823,0,0,7.0,9.0,16.0,19.0,9.5,10.846153846153847,14.602888086642599,14.0,0.47935723114956735,0.6163164400494437,1.0956736711990112,1.3011124845488258,0.6505562422744129,0.7427403251877912,0,0,0,0,0,0,5,21,20
FOODS_2_294,FOODS_2,TX_2,TX,2016-05-21,11617,1.0,1.0,1.0,1.061552346570397,0.0,0.0,-5.798333616731846,0,0,20.0,23.0,34.0,18.0,22.75,26.615384615384617,22.59927797833935,24.0,0.8849840255591054,1.0177316293929712,1.504472843450479,0.7964856230031948,1.0066693290734823,1.177709510936348,0,0,0,0,0,0,5,21,20
FOODS_2_294,FOODS_2,TX_3,TX,2016-05-21,11617,1.0,1.0,1.0,1.061552346570397,0.0,0.0,-5.798333616731846,0,0,27.0,32.0,29.0,19.0,33.25,27.153846153846153,17.57039711191336,16.0,1.536675570166427,1.8212451201972466,1.6505033901787547,1.0813642901171152,1.8923875077049517,1.5454315563212213,0,0,0,0,0,0,5,21,20
FOODS_2_294,FOODS_2,WI_1,WI,2016-05-21,11617,1.0,1.0,1.0,1.178303249097473,0.0,0.0,-15.132203805263645,0,0,48.0,56.0,68.0,19.0,60.25,65.84615384615384,22.097472924187727,16.0,2.172194085933671,2.5342264335892826,3.0772749550727005,0.859826825682078,2.7265561182813265,2.9798047076269585,0,0,0,0,0,0,5,21,20
FOODS_2_294,FOODS_2,WI_2,WI,2016-05-21,11617,1.0,1.0,1.0,1.180216606498195,0.0,0.0,-15.269790774501407,0,0,33.0,12.0,12.0,17.0,23.75,25.923076923076923,14.108303249097473,12.0,2.339048106448311,0.8505629477993859,0.8505629477993859,1.20496417604913,1.6834058341862845,1.837434060310212,0,0,0,0,0,0,5,21,20
FOODS_2_294,FOODS_2,WI_3,WI,2016-05-21,11617,1.0,1.0,1.0,1.1802527075812275,0.0,0.0,-15.272382467194815,0,0,28.0,31.0,0.0,11.0,30.5,19.0,12.166064981949459,9.0,2.3014836795252225,2.5480712166172106,0.0,0.9041543026706231,2.506973293768546,1.5617210682492582,0,0,0,0,0,0,5,21,20
FOODS_2_322,FOODS_2,CA_1,CA,2016-05-21,11617,2.97,2.97,2.97,2.94057761732852,0.0,0.0,1.00056473592457,0,0,6.0,3.0,2.0,3.0,4.75,2.6923076923076925,4.949458483754513,4.0,1.212253829321663,0.6061269146608315,0.40408460977388766,0.6061269146608315,0.9597009482129832,0.543960051618695,0,0,0,0,0,0,5,21,20
FOODS_2_322,FOODS_2,CA_2,CA,2016-05-21,11617,2.97,2.97,2.97,2.97,0.0,0.0,0.0,0,0,23.0,33.0,33.0,7.0,34.5,29.46153846153846,36.75,38.0,0.6258503401360545,0.8979591836734694,0.8979591836734694,0.19047619047619047,0.9387755102040817,0.8016745159602302,0,0,0,0,0,0,5,21,20
FOODS_2_322,FOODS_2,CA_3,CA,2016-05-21,11617,2.97,2.97,2.97,2.9405415162454878,0.0,0.0,1.0018047217413653,0,0,11.0,6.0,10.0,5.0,6.5,9.615384615384615,12.866425992779783,12.0,0.8549382716049383,0.4663299663299663,0.7772166105499438,0.3886083052749719,0.5051907968574635,0.7473236639903307,0,0,0,0,0,0,5,21,20
FOODS_2_322,FOODS_2,CA_4,CA,2016-05-21,11617,2.97,2.97,2.97,2.941083032490975,0.0,0.0,0.983208130799816,0,0,6.0,1.0,5.0,3.0,4.0,3.3076923076923075,5.581227436823105,5.0,1.07503234152652,0.17917205692108668,0.8958602846054333,0.53751617076326,0.7166882276843467,0.5926460344312866,0,0,0,0,0,0,5,21,20
FOODS_2_322,FOODS_2,TX_1,TX,2016-05-21,11617,2.74,2.74,2.74,2.730361010830325,0.0,0.0,0.353029842260457,0,0,12.0,9.0,12.0,7.0,9.25,10.076923076923077,15.64259927797834,15.0,0.7671359335333487,0.5753519501500115,0.7671359335333487,0.44749596122778673,0.5913339487652897,0.644197482646594,0,0,0,0,0,0,5,21,20
FOODS_2_322,FOODS_2,TX_2,TX,2016-05-21,11617,2.74,2.74,2.74,2.730505415162455,0.0,0.0,0.3477226151913813,0,0,29.0,24.0,8.0,4.0,23.25,22.846153846153847,17.15884476534296,17.0,1.6900904691773617,1.3986955606985063,0.46623185356616875,0.23311592678308438,1.354986324426678,1.3314505818187705,0,0,0,0,0,0,5,21,20
FOODS_2_322,FOODS_2,TX_3,TX,2016-05-21,11617,2.74,2.74,2.74,2.7317328519855595,0.0,0.0,0.30263383948513684,0,0,11.0,13.0,20.0,11.0,19.75,21.307692307692307,18.0,17.0,0.6111111111111112,0.7222222222222222,1.1111111111111112,0.6111111111111112,1.0972222222222223,1.1837606837606838,0,0,0,0,0,0,5,21,20
FOODS_2_322,FOODS_2,WI_1,WI,2016-05-21,11617,2.97,2.97,2.97,2.97,0.0,0.0,0.0,0,0,39.0,25.0,20.0,23.0,26.5,24.307692307692307,22.620320855614974,22.0,1.7241134751773048,1.1052009456264775,0.884160756501182,1.0167848699763593,1.171513002364066,1.0745953809783597,0,0,0,0,0,0,5,21,20
FOODS_2_322,FOODS_2,WI_2,WI,2016-05-21,11617,2.97,2.97,2.97,2.97,0.0,0.0,0.0,0,0,68.0,55.0,42.0,29.0,66.25,57.69230769230769,49.45283018867924,45.0,1.3750476917207173,1.1121709271270508,0.8492941625333842,0.5864173979397177,1.339660434948493,1.1666128606227806,0,0,0,0,0,0,5,21,20
FOODS_2_322,FOODS_2,WI_3,WI,2016-05-21,11617,2.97,2.97,2.97,2.930072202166065,0.0,0.0,1.3626898956421163,0,0,28.0,21.0,28.0,17.0,32.75,32.92307692307692,27.978339350180505,23.0,1.0007741935483871,0.7505806451612903,1.0007741935483871,0.6076129032258064,1.1705483870967741,1.1767344913151363,0,0,0,0,0,0,5,21,20
FOODS_2_360,FOODS_2,CA_1,CA,2016-05-21,11617,0.94,0.94,0.94,0.8584837545126354,0.0,0.0,9.495374264087463,0,0,68.0,75.0,0.0,66.0,83.25,63.84615384615385,90.35740072202167,90.0,0.7525670222541851,0.8300371568979983,0.0,0.7304326980702385,0.9213412441567781,0.7065957335644498,0,0,0,0,0,0,5,21,20
FOODS_2_360,FOODS_2,CA_2,CA,2016-05-21,11617,0.94,0.94,0.94,0.8587725631768953,0.0,0.0,9.458550529678822,0,0,65.0,46.0,0.0,18.0,58.5,43.38461538461539,32.187725631768956,30.0,2.019403319874383,1.4291161956034095,0.0,0.5592193808882907,1.8174629878869446,1.3478620975256237,0,0,0,0,0,0,5,21,20
FOODS_2_360,FOODS_2,CA_3,CA,2016-05-21,11617,0.94,0.94,0.94,0.8335740072202166,0.0,0.0,12.767431788653095,0,0,77.0,70.0,11.0,110.0,106.25,98.76923076923077,144.5812274368231,132.0,0.5325725985667558,0.4841569077879598,0.07608179979525082,0.7608179979525083,0.7348810207495818,0.6831400764832312,0,0,0,0,0,0,5,21,20
FOODS_2_360,FOODS_2,CA_4,CA,2016-05-21,11617,0.94,0.94,0.94,0.8592057761732852,0.0,0.0,9.40336134453781,0,0,42.0,32.0,0.0,16.0,45.25,38.15384615384615,40.65342960288809,44.0,1.0331231684575082,0.787141461681911,0.0,0.3935707308409555,1.1130672231595773,0.938514819697663,0,0,0,0,0,0,5,21,20
FOODS_2_360,FOODS_2,TX_1,TX,2016-05-21,11617,0.94,0.94,0.94,0.7606498194945848,0.0,0.0,23.578547698149034,0,0,14.0,31.0,0.0,49.0,37.25,32.61538461538461,47.65342960288809,47.0,0.29378787878787876,0.650530303030303,0.0,1.0282575757575758,0.781685606060606,0.6844289044289044,0,0,0,0,0,0,5,21,20
FOODS_2_360,FOODS_2,TX_2,TX,2016-05-21,11617,0.94,0.94,0.94,0.7605054151624548,0.0,0.0,23.60201272192158,0,0,58.0,59.0,0.0,75.0,71.0,67.46153846153847,91.21660649819495,96.0,0.6358491312779515,0.6468120473344678,0.0,0.8222187042387303,0.7783670400126648,0.7395751831972991,0,0,0,0,0,0,5,21,20
FOODS_2_360,FOODS_2,TX_3,TX,2016-05-21,11617,0.94,0.94,0.94,0.7605054151624548,0.0,0.0,23.60201272192158,0,0,130.0,122.0,0.0,88.0,147.0,99.23076923076923,142.90613718411552,147.0,0.909688013136289,0.853707212327902,0.0,0.6157888088922572,1.0286472148541115,0.6943772407963389,0,0,0,0,0,0,5,21,20
FOODS_2_360,FOODS_2,WI_1,WI,2016-05-21,11617,0.94,0.94,0.94,0.8221660649819494,0.0,0.0,14.332133134275923,0,0,137.0,68.0,0.0,66.0,114.75,105.23076923076923,64.5667870036101,60.0,2.1218339390550742,1.0531730500419347,0.0,1.0221973720995248,1.7772295219457648,1.6297972086621795,0,0,0,0,0,0,5,21,20
FOODS_2_360,FOODS_2,WI_2,WI,2016-05-21,11617,0.94,0.94,0.94,0.8287407407407407,0.0,0.0,13.425098319628177,0,0,416.0,299.0,0.0,179.0,410.0,371.38461538461536,183.72962962962964,135.0,2.264196585159352,1.6273912955832845,0.0,0.9742576652488559,2.231539903642631,2.021364850804244,0,0,0,0,0,0,5,21,20
FOODS_2_360,FOODS_2,WI_3,WI,2016-05-21,11617,0.94,0.94,0.94,0.8244043321299639,0.0,0.0,14.021720091084248,0,0,141.0,76.0,0.0,68.0,116.5,120.0,111.2418772563177,111.0,1.2675082754592069,0.6831959498929058,0.0,0.6112805867462842,1.0472674758226779,1.0787304471993249,0,0,0,0,0,0,5,21,20
FOODS_2_380,FOODS_2,CA_1,CA,2016-05-21,11617,4.97,4.97,4.97,5.020735294117647,0.0,0.0,-1.0105152163088378,0,0,8.0,13.0,11.0,11.0,11.25,10.384615384615385,14.661764705882353,11.5,0.5456369107321966,0.8866599799398195,0.7502507522567703,0.7502507522567703,0.7673019057171514,0.7082786822004475,0,0,0,0,0,0,5,21,20
FOODS_2_380,FOODS_2,CA_2,CA,2016-05-21,11617,4.97,4.97,4.97,5.013272058823529,0.0,0.0,-0.8631500209003986,0,0,25.0,20.0,30.0,5.0,22.25,21.923076923076923,19.90073529411765,19.5,1.2562349898392757,1.0049879918714206,1.5074819878071308,0.25124699796785516,1.1180491409569553,1.101621452628288,0,0,0,0,0,0,5,21,20
FOODS_2_380,FOODS_2,CA_3,CA,2016-05-21,11617,4.97,4.97,4.97,4.967536764705882,0.0,0.0,0.04958665452904635,0,0,43.0,43.0,31.0,48.0,45.75,42.0,35.88235294117647,35.0,1.198360655737705,1.198360655737705,0.8639344262295082,1.337704918032787,1.275,1.1704918032786884,0,0,0,0,0,0,5,21,20
FOODS_2_380,FOODS_2,CA_4,CA,2016-05-21,11617,4.97,4.97,4.97,5.022867647058824,0.0,0.0,-1.0525391225425047,0,0,17.0,12.0,8.0,10.0,14.25,12.692307692307692,13.474264705882353,13.0,1.2616643929058662,0.8905866302864939,0.5937244201909959,0.7421555252387448,1.0575716234652115,0.9419666281876377,0,0,0,0,0,0,5,21,20
FOODS_2_380,FOODS_2,TX_1,TX,2016-05-21,11617,4.97,4.97,4.97,5.134399999999999,0.0,0.0,-3.2019320660641877,0,0,15.0,16.0,16.0,10.0,15.75,15.846153846153847,20.38,14.0,0.7360157016683023,0.7850834151128557,0.7850834151128557,0.49067713444553485,0.7728164867517174,0.777534536121386,0,0,0,0,0,0,5,21,20
FOODS_2_380,FOODS_2,TX_2,TX,2016-05-21,11617,4.97,4.97,4.97,5.12339483394834,0.0,0.0,-2.9940076632767845,0,0,23.0,12.0,25.0,9.0,18.25,22.076923076923077,16.18450184501845,10.0,1.4211126310989513,0.7414500683994528,1.54468764249886,0.5560875512995896,1.127621979024168,1.3640780104528396,0,0,0,0,0,0,5,21,20
FOODS_2_380,FOODS_2,TX_3,TX,2016-05-21,11617,4.97,4.97,4.97,5.127683823529412,0.0,0.0,-3.07514716109929,0,0,22.0,18.0,31.0,28.0,19.5,26.76923076923077,23.919117647058822,24.0,0.9197663695050723,0.7525361205041501,1.2960344297571473,1.1706117430064555,0.8152474638794959,1.1191562817754026,0,0,0,0,0,0,5,21,20
FOODS_2_380,FOODS_2,WI_1,WI,2016-05-21,11617,4.97,4.97,4.97,5.19992673992674,0.0,0.0,-4.421730370954794,0,0,29.0,31.0,29.0,7.0,26.75,30.923076923076923,21.16117216117216,23.0,1.3704344815648262,1.4649472044313658,1.3704344815648262,0.33079453003288906,1.2641076683399688,1.4613120997057296,0,0,0,0,0,0,5,21,20
FOODS_2_380,FOODS_2,WI_2,WI,2016-05-21,11617,4.97,4.97,4.97,5.161029411764706,0.0,0.0,-3.7013819632426337,0,0,82.0,58.0,56.0,18.0,85.0,65.07692307692308,27.96323529411765,24.5,2.932421772285038,2.074151985274783,2.0026295030239285,0.6437023402576912,3.0397054956613196,2.32723153785473,0,0,0,0,0,0,5,21,20
FOODS_2_380,FOODS_2,WI_3,WI,2016-05-21,11617,4.97,4.97,4.97,5.1580073800738,0.0,0.0,-3.644961439956503,0,0,42.0,25.0,8.0,16.0,41.25,32.23076923076923,26.284132841328415,25.0,1.5979222237821142,0.951144180822687,0.30436613786325983,0.6087322757265197,1.5693878983574336,1.2262443438914028,0,0,0,0,0,0,5,21,20
FOODS_2_381,FOODS_2,CA_1,CA,2016-05-21,11617,2.5,2.5,2.5,2.543465703971119,0.0,0.0,-1.7089164561273986,0,0,25.0,11.0,15.0,9.0,14.5,16.384615384615383,9.036101083032491,9.0,2.7666799840191767,1.2173391929684378,1.6600079904115062,0.9960047942469037,1.6046743907311225,1.8132394972187218,0,0,0,0,0,0,5,21,20
FOODS_2_381,FOODS_2,CA_2,CA,2016-05-21,11617,2.5,2.5,2.5,2.5549065420560746,0.0,0.0,-2.1490626428897968,0,0,21.0,13.0,27.0,7.0,21.0,21.76923076923077,17.242990654205606,19.0,1.2178861788617887,0.753929539295393,1.5658536585365854,0.4059620596205962,1.2178861788617887,1.2624973942047115,0,0,0,0,0,0,5,21,20
FOODS_2_381,FOODS_2,CA_3,CA,2016-05-21,11617,2.5,2.5,2.5,2.49884476534296,0.0,0.0,0.046230749227083874,0,0,26.0,22.0,21.0,20.0,27.0,24.846153846153847,15.277978339350181,15.0,1.7017958412098297,1.4399810964083175,1.3745274102079394,1.3090737240075614,1.7672495274102078,1.6262723571324706,0,0,0,0,0,0,5,21,20
FOODS_2_381,FOODS_2,CA_4,CA,2016-05-21,11617,2.5,2.5,2.5,2.5436462093862815,0.0,0.0,-1.7158915113754063,0,0,12.0,18.0,12.0,7.0,13.75,16.23076923076923,10.187725631768952,10.0,1.1778880226789512,1.7668320340184267,1.1778880226789512,0.6871013465627215,1.3496633593196317,1.5931690563157608,0,0,0,0,0,0,5,21,20
FOODS_2_381,FOODS_2,TX_1,TX,2016-05-21,11617,2.5,2.5,2.5,2.3916606498194946,0.0,0.0,4.529879696297304,0,0,13.0,7.0,10.0,5.0,10.0,9.307692307692308,10.87725631768953,9.0,1.1951543312313309,0.6435446398937935,0.9193494855625622,0.4596747427812811,0.9193494855625622,0.8557022134851542,0,0,0,0,0,0,5,21,20
FOODS_2_381,FOODS_2,TX_2,TX,2016-05-21,11617,2.5,2.5,2.5,2.4030324909747294,0.0,0.0,4.035214229914062,0,0,14.0,9.0,17.0,8.0,14.0,13.923076923076923,12.750902527075812,11.0,1.0979614949037373,0.7058323895809739,1.3332389580973953,0.6274065685164213,1.0979614949037373,1.0919287394372332,0,0,0,0,0,0,5,21,20
FOODS_2_381,FOODS_2,TX_3,TX,2016-05-21,11617,2.5,2.5,2.5,2.390216606498195,0.0,0.0,4.593031158905891,0,0,17.0,13.0,20.0,17.0,12.5,13.23076923076923,13.021660649819495,12.0,1.3055170501802051,0.9983365677848628,1.535902411976712,1.3055170501802051,0.9599390074854449,1.0160585186922864,0,0,0,0,0,0,5,21,20
FOODS_2_381,FOODS_2,WI_1,WI,2016-05-21,11617,2.5,2.5,2.5,2.537220216606498,0.0,0.0,-1.4669683129152935,0,0,26.0,18.0,16.0,21.0,21.75,20.23076923076923,11.83754512635379,12.0,2.196401341872522,1.5205855443732845,1.3516315949984752,1.7740164684354987,1.8373741994510522,1.709034180214418,0,0,0,0,0,0,5,21,20
FOODS_2_381,FOODS_2,WI_2,WI,2016-05-21,11617,2.5,2.5,2.5,2.5393501805054153,0.0,0.0,-1.5496161501279544,0,0,16.0,23.0,13.0,2.0,18.25,18.53846153846154,13.898916967509026,14.0,1.151168831168831,1.6548051948051947,0.9353246753246753,0.14389610389610388,1.313051948051948,1.3338061938061938,0,0,0,0,0,0,5,21,20
FOODS_2_381,FOODS_2,WI_3,WI,2016-05-21,11617,2.5,2.5,2.5,2.536317689530686,0.0,0.0,-1.4319061717148673,0,0,16.0,11.0,11.0,8.0,14.0,13.384615384615385,8.967509025270758,8.0,1.784219001610306,1.2266505636070855,1.2266505636070855,0.892109500805153,1.5611916264090178,1.4925678186547753,0,0,0,0,0,0,5,21,20
FOODS_2_388,FOODS_2,CA_1,CA,2016-05-21,11617,2.98,2.98,2.98,2.98043321299639,0.0,0.0,-0.014535235834204597,0,0,4.0,14.0,15.0,20.0,12.5,15.692307692307692,13.635379061371841,13.0,0.29335451416468095,1.0267407995763833,1.1000794281175537,1.4667725708234047,0.916732856764628,1.150852324799902,0,0,0,0,0,0,5,21,20
FOODS_2_388,FOODS_2,CA_2,CA,2016-05-21,11617,2.98,2.98,2.98,2.9826811594202898,0.0,0.0,-0.08989091615849741,0,0,7.0,11.0,20.0,6.0,10.75,10.923076923076923,4.297101449275362,0.0,1.6290050590219225,2.559865092748735,4.654300168634064,1.3962900505902192,2.5016863406408096,2.5419639382539887,0,0,0,0,0,0,5,21,20
FOODS_2_388,FOODS_2,CA_3,CA,2016-05-21,11617,2.98,2.98,2.98,2.930361010830325,0.0,0.0,1.6939547375294068,0,0,19.0,19.0,15.0,15.0,17.25,22.384615384615383,23.314079422382672,23.0,0.8149581913905234,0.8149581913905234,0.6433880458346237,0.6433880458346237,0.7398962527098173,0.960132929937823,0,0,0,0,0,0,5,21,20
FOODS_2_388,FOODS_2,CA_4,CA,2016-05-21,11617,2.98,2.98,2.98,2.980758122743682,0.0,0.0,-0.025433890052921116,0,0,10.0,17.0,17.0,11.0,10.5,10.692307692307692,11.819494584837544,12.0,0.8460598656078192,1.4383017715332926,1.4383017715332926,0.9306658521686012,0.8883628588882102,0.9046332409191298,0,0,0,0,0,0,5,21,20
FOODS_2_388,FOODS_2,TX_1,TX,2016-05-21,11617,2.98,2.98,2.98,2.976714801444043,0.0,0.0,0.11036322842763772,0,0,2.0,11.0,17.0,9.0,6.75,9.0,9.166064981949459,9.0,0.21819614021268213,1.2000787711697518,1.8546671918077982,0.9818826309570696,0.7364119732178023,0.9818826309570696,0,0,0,0,0,0,5,21,20
FOODS_2_388,FOODS_2,TX_2,TX,2016-05-21,11617,2.98,2.98,2.98,2.977797833935018,0.0,0.0,0.0739528399102818,0,0,22.0,18.0,21.0,0.0,18.5,16.615384615384617,16.32490974729242,17.0,1.3476337903582485,1.102609464838567,1.2863777089783281,0.0,1.133237505528527,1.0177933521586773,0,0,0,0,0,0,5,21,20
FOODS_2_388,FOODS_2,TX_3,TX,2016-05-21,11617,2.98,2.98,2.98,2.9766425992779784,0.0,0.0,0.1127915297199603,0,0,26.0,21.0,17.0,8.0,21.0,19.923076923076923,14.64259927797834,15.0,1.7756410256410255,1.4341715976331362,1.1609960552268244,0.5463510848126233,1.4341715976331362,1.3606243362160522,0,0,0,0,0,0,5,21,20
FOODS_2_388,FOODS_2,WI_1,WI,2016-05-21,11617,2.98,2.98,2.98,2.98,0.0,0.0,0.0,0,0,3.0,3.0,5.0,6.0,3.0,4.230769230769231,5.016129032258065,5.0,0.5980707395498391,0.5980707395498391,0.9967845659163986,1.1961414790996783,0.5980707395498391,0.8434330942369527,0,0,0,0,0,0,5,21,20
FOODS_2_388,FOODS_2,WI_2,WI,2016-05-21,11617,2.98,2.98,2.98,2.9627906976744187,0.0,0.0,0.5808477237048622,0,0,14.0,6.0,2.0,6.0,12.0,10.538461538461538,8.720930232558139,8.0,1.6053333333333335,0.6880000000000001,0.22933333333333333,0.6880000000000001,1.3760000000000001,1.2084102564102566,0,0,0,0,0,0,5,21,20
FOODS_2_388,FOODS_2,WI_3,WI,2016-05-21,11617,2.98,2.98,2.98,2.980072202166065,0.0,0.0,-0.00242283277608481,0,0,11.0,8.0,9.0,13.0,7.75,7.0,8.07581227436823,8.0,1.3620920876173448,0.990612427358069,1.1144389807778274,1.609745194456862,0.9596557890031293,0.8667858739383103,0,0,0,0,0,0,5,21,20
FOODS_2_391,FOODS_2,CA_1,CA,2016-05-21,11617,2.0,2.0,2.0,2.000361010830325,0.0,0.0,-0.018047283883775748,0,0,7.0,10.0,11.0,12.0,12.25,12.692307692307692,10.19494584837545,10.0,0.686614730878187,0.9808781869688386,1.0789660056657224,1.1770538243626063,1.2015757790368273,1.2449607757681411,0,0,0,0,0,0,5,21,20
FOODS_2_391,FOODS_2,CA_2,CA,2016-05-21,11617,2.0,2.0,2.0,1.9983393501805053,0.0,0.0,0.0831014922137549,0,0,29.0,19.0,16.0,3.0,21.75,20.0,18.646209386281587,18.0,1.5552758954501453,1.018973862536302,0.8580832526621491,0.16089060987415296,1.166456921587609,1.0726040658276865,0,0,0,0,0,0,5,21,20
FOODS_2_391,FOODS_2,CA_3,CA,2016-05-21,11617,2.0,2.0,2.0,1.970072202166065,0.0,0.0,1.519121877920504,0,0,22.0,16.0,16.0,13.0,21.25,14.846153846153847,13.386281588447654,14.0,1.6434735706580366,1.1952535059331175,1.1952535059331175,0.971143473570658,1.5874460625674218,1.109057339639864,0,0,0,0,0,0,5,21,20
FOODS_2_391,FOODS_2,CA_4,CA,2016-05-21,11617,2.0,2.0,2.0,2.0012996389891695,0.0,0.0,-0.06493975034272963,0,0,38.0,27.0,20.0,19.0,26.75,21.153846153846153,10.108303249097473,10.0,3.7592857142857143,2.6710714285714285,1.9785714285714286,1.8796428571428572,2.646339285714286,2.09271978021978,0,0,0,0,0,0,5,21,20
FOODS_2_391,FOODS_2,TX_1,TX,2016-05-21,11617,2.0,2.0,2.0,1.9201083032490975,0.0,0.0,4.16079117077481,0,0,14.0,10.0,7.0,10.0,10.5,8.923076923076923,6.187725631768953,6.0,2.262543757292882,1.61610268378063,1.131271878646441,1.61610268378063,1.6969078179696615,1.4420608562965622,0,0,0,0,0,0,5,21,20
FOODS_2_391,FOODS_2,TX_2,TX,2016-05-21,11617,2.0,2.0,2.0,1.9169675090252707,0.0,0.0,4.331450094161962,0,0,7.0,6.0,2.0,7.0,8.5,6.846153846153846,7.483754512635379,6.0,0.9353593825373855,0.8017366136034733,0.2672455378678244,0.9353593825373855,1.1357935359382538,0.9148020334706297,0,0,0,0,0,0,5,21,20
FOODS_2_391,FOODS_2,TX_3,TX,2016-05-21,11617,2.0,2.0,2.0,1.9212274368231046,0.0,0.0,4.100116501935441,0,0,7.0,2.0,6.0,6.0,5.5,4.461538461538462,7.4548736462093865,7.0,0.9389830508474576,0.2682808716707022,0.8048426150121065,0.8048426150121065,0.737772397094431,0.598472713726951,0,0,0,0,0,0,5,21,20
FOODS_2_391,FOODS_2,WI_1,WI,2016-05-21,11617,2.0,2.0,2.0,2.003321299638989,0.0,0.0,-0.16578966337488554,0,0,21.0,22.0,31.0,17.0,23.75,24.153846153846153,13.76173285198556,13.0,1.5259706190975866,1.598635886673662,2.252623294858342,1.2353095487932844,1.7258001049317944,1.755145693760594,0,0,0,0,0,0,5,21,20
FOODS_2_391,FOODS_2,WI_2,WI,2016-05-21,11617,2.0,2.0,2.0,2.0003971119133572,0.0,0.0,-0.019851654003709078,0,0,17.0,11.0,11.0,8.0,12.75,7.6923076923076925,11.610108303249097,11.0,1.4642412935323383,0.947450248756219,0.947450248756219,0.6890547263681592,1.0981809701492538,0.6625526215078454,0,0,0,0,0,0,5,21,20
FOODS_2_391,FOODS_2,WI_3,WI,2016-05-21,11617,2.0,2.0,2.0,2.005198555956679,0.0,0.0,-0.2592539248163743,0,0,10.0,14.0,14.0,0.0,15.75,13.153846153846153,6.494584837545126,5.0,1.5397443023902169,2.1556420233463034,2.1556420233463034,0.0,2.4250972762645913,2.025355966990208,0,0,0,0,0,0,5,21,20
FOODS_2_399,FOODS_2,CA_1,CA,2016-05-21,11617,2.0,2.0,2.0,2.000361010830325,0.0,0.0,-0.018047283883775748,0,0,9.0,18.0,9.0,9.0,13.5,13.307692307692308,10.393501805054152,11.0,0.8659256686349427,1.7318513372698854,0.8659256686349427,0.8659256686349427,1.298888502952414,1.2803858177251717,0,0,0,0,0,0,5,21,20
FOODS_2_399,FOODS_2,CA_2,CA,2016-05-21,11617,2.0,2.0,2.0,1.9903249097472926,0.0,0.0,0.4861060726982427,0,0,24.0,24.0,16.0,0.0,19.0,15.23076923076923,5.129963898916968,0.0,4.678395496129486,4.678395496129486,3.118930330752991,0.0,3.7037297677691767,2.968981757159097,0,0,0,0,0,0,5,21,20
FOODS_2_399,FOODS_2,CA_3,CA,2016-05-21,11617,2.0,2.0,2.0,1.966101083032491,0.0,0.0,1.724169589247351,0,0,19.0,16.0,17.0,12.0,16.75,18.0,14.129963898916968,14.0,1.3446601941747574,1.1323454266734798,1.2031170158405724,0.8492590700051098,1.1854241185487993,1.2738886050076648,0,0,0,0,0,0,5,21,20
FOODS_2_399,FOODS_2,CA_4,CA,2016-05-21,11617,2.0,2.0,2.0,2.0009386281588446,0.0,0.0,-0.04690939270377702,0,0,14.0,21.0,6.0,0.0,17.5,11.923076923076923,9.288808664259928,9.0,1.5071900505246794,2.2607850757870187,0.6459385930820054,0.0,1.8839875631558491,1.283595922150139,0,0,0,0,0,0,5,21,20
FOODS_2_399,FOODS_2,TX_1,TX,2016-05-21,11617,2.0,2.0,2.0,1.9206859205776172,0.0,0.0,4.129466383474622,0,0,7.0,10.0,11.0,7.0,6.25,6.769230769230769,7.093862815884476,6.0,0.9867684478371502,1.4096692111959288,1.5506361323155218,0.9867684478371502,0.8810432569974556,0.9542376198864749,0,0,0,0,0,0,5,21,20
FOODS_2_399,FOODS_2,TX_2,TX,2016-05-21,11617,2.0,2.0,2.0,1.9200361010830325,0.0,0.0,4.1647080943875165,0,0,9.0,13.0,13.0,9.0,10.75,9.76923076923077,8.4043321299639,7.0,1.0708762886597938,1.5468213058419242,1.5468213058419242,1.0708762886597938,1.279102233676976,1.1624041765794344,0,0,0,0,0,0,5,21,20
FOODS_2_399,FOODS_2,TX_3,TX,2016-05-21,11617,2.0,2.0,2.0,1.9254873646209387,0.0,0.0,3.8698065096745107,0,0,3.0,10.0,0.0,5.0,5.5,3.8461538461538463,8.501805054151625,6.0,0.35286624203821654,1.1762208067940552,0.0,0.5881104033970276,0.6469214437367303,0.4523926179977136,0,0,0,0,0,0,5,21,20
FOODS_2_399,FOODS_2,WI_1,WI,2016-05-21,11617,2.0,2.0,2.0,2.0129032258064514,0.0,0.0,-0.6410256410256318,0,0,17.0,14.0,17.0,21.0,17.25,17.076923076923077,9.887096774193548,9.5,1.7194127243066886,1.4159869494290376,1.7194127243066886,2.1239804241435563,1.7446982055464928,1.7271928723804744,0,0,0,0,0,0,5,21,20
FOODS_2_399,FOODS_2,WI_2,WI,2016-05-21,11617,2.0,2.0,2.0,2.0085849056603773,0.0,0.0,-0.42741064299468895,0,0,14.0,8.0,1.0,5.0,12.0,7.3076923076923075,8.64622641509434,7.0,1.619203491543917,0.9252591380250954,0.11565739225313693,0.5782869612656847,1.387888707037643,0.8451886356960007,0,0,0,0,0,0,5,21,20
FOODS_2_399,FOODS_2,WI_3,WI,2016-05-21,11617,2.0,2.0,2.0,2.0026714801444045,0.0,0.0,-0.13339582507121528,0,0,6.0,6.0,15.0,0.0,11.5,11.0,8.898916967509026,7.0,0.6742393509127789,0.6742393509127789,1.6855983772819472,0.0,1.292292089249493,1.2361054766734278,0,0,0,0,0,0,5,21,20
FOODS_3_020,FOODS_3,CA_1,CA,2016-05-21,11617,0.94,0.94,0.94,1.051552346570397,0.0,0.0,-10.608349354572923,0,0,59.0,66.0,57.0,43.0,71.75,75.92307692307692,43.08664259927798,45.0,1.369333891914537,1.5317972350230413,1.3229157938835359,0.997989107666527,1.6652492668621701,1.7621024137153167,0,0,0,0,0,0,5,21,20
FOODS_3_020,FOODS_3,CA_2,CA,2016-05-21,11617,0.94,0.94,0.94,1.0517689530685919,0.0,0.0,-10.626759113063763,0,0,66.0,50.0,26.0,8.0,64.5,52.92307692307692,21.667870036101082,23.0,3.045984671776075,2.307564145284905,1.1999333555481506,0.3692102632455848,2.9767577474175275,2.4424678953169456,0,0,0,0,0,0,5,21,20
FOODS_3_020,FOODS_3,CA_3,CA,2016-05-21,11617,0.94,0.94,0.94,1.0169314079422382,0.0,0.0,-7.565053782526894,0,0,30.0,60.0,74.0,43.0,53.5,62.84615384615385,42.32129963898917,41.0,0.7088629190480253,1.4177258380960507,1.7485285336517957,1.0160368506355029,1.2641388723023117,1.4849769355441966,0,0,0,0,0,0,5,21,20
FOODS_3_020,FOODS_3,CA_4,CA,2016-05-21,11617,0.94,0.94,0.94,1.0709747292418772,0.0,0.0,-12.229488303107935,0,0,13.0,18.0,24.0,3.0,15.0,15.692307692307692,13.916967509025271,14.0,0.9341115434500649,1.293385214007782,1.7245136186770427,0.21556420233463033,1.0778210116731517,1.1275665968272972,0,0,0,0,0,0,5,21,20
FOODS_3_020,FOODS_3,TX_1,TX,2016-05-21,11617,0.94,0.94,0.94,1.0502166064981948,0.0,0.0,-10.494654704204043,0,0,19.0,19.0,25.0,9.0,16.0,21.76923076923077,14.916967509025271,14.0,1.2737173281703775,1.2737173281703775,1.6759438528557598,0.6033397870280736,1.0726040658276863,1.459360339563631,0,0,0,0,0,0,5,21,20
FOODS_3_020,FOODS_3,TX_2,TX,2016-05-21,11617,0.94,0.94,0.94,1.0492057761732851,0.0,0.0,-10.408423080893233,0,0,2.0,35.0,2.0,9.0,20.75,14.76923076923077,16.133574007220215,13.0,0.12396509286193781,2.1693891250839115,0.12396509286193781,0.5578429178787201,1.2861378384426048,0.9154345319035407,0,0,0,0,0,0,5,21,20
FOODS_3_020,FOODS_3,TX_3,TX,2016-05-21,11617,0.94,0.94,0.94,1.0474007220216606,0.0,0.0,-10.254024058180814,0,0,6.0,15.0,9.0,14.0,10.25,8.76923076923077,8.768953068592058,8.0,0.6842321943186497,1.710580485796624,1.0263482914779745,1.5965417867435159,1.1688966652943598,1.000031668619565,0,0,0,0,0,0,5,21,20
FOODS_3_020,FOODS_3,WI_1,WI,2016-05-21,11617,0.94,0.94,0.94,1.053682310469314,0.0,0.0,-10.789049919484704,0,0,21.0,28.0,28.0,4.0,33.75,29.153846153846153,16.584837545126355,16.0,1.2662168045276447,1.6882890727035262,1.6882890727035262,0.2411841532433609,2.0349912929908576,1.7578614246006494,0,0,0,0,0,0,5,21,20
FOODS_3_020,FOODS_3,WI_2,WI,2016-05-21,11617,0.94,0.94,0.94,1.0506498194945848,0.0,0.0,-10.531560320241901,0,0,7.0,2.0,23.0,18.0,6.5,11.307692307692308,12.678700361010831,12.0,0.5521070615034168,0.15774487471526194,1.8140660592255125,1.4197038724373576,0.5126708428246013,0.8918652531978273,0,0,0,0,0,0,5,21,20
FOODS_3_020,FOODS_3,WI_3,WI,2016-05-21,11617,0.94,0.94,0.94,1.051335740072202,0.0,0.0,-10.589932010164137,0,0,37.0,42.0,46.0,9.0,40.0,35.0,26.32129963898917,23.0,1.4057056645178987,1.59566588945275,1.747634069400631,0.34192840488273213,1.5196817994788094,1.3297215745439583,0,0,0,0,0,0,5,21,20
FOODS_3_030,FOODS_3,CA_1,CA,2016-05-21,11617,1.48,1.48,1.48,1.3204332129963898,0.0,0.0,12.084426946631675,0,0,56.0,54.0,83.0,31.0,50.25,60.38461538461539,62.82310469314079,55.0,0.8913917940466614,0.8595563728307092,1.3211699804620158,0.49344902884725894,0.7998649580507988,0.9611848328662489,0,0,0,0,0,0,5,21,20
FOODS_3_030,FOODS_3,CA_2,CA,2016-05-21,11617,1.48,1.48,1.48,1.3235379061371841,0.0,0.0,11.821504555125193,0,0,37.0,33.0,35.0,10.0,33.75,34.84615384615385,16.56678700361011,16.0,2.233384179559817,1.9919372412290257,2.1126607103944215,0.6036173458269776,2.037208542166049,2.1033742896893908,0,0,0,0,0,0,5,21,20
FOODS_3_030,FOODS_3,CA_3,CA,2016-05-21,11617,1.48,1.48,1.48,1.2651263537906137,0.0,0.0,16.98436251569456,0,0,55.0,31.0,70.0,46.0,47.25,51.69230769230769,49.47653429602888,53.0,1.1116380882889456,0.6265596497628603,1.414812112367749,0.9297336738416636,0.9549981758482305,1.044784329133107,0,0,0,0,0,0,5,21,20
FOODS_3_030,FOODS_3,CA_4,CA,2016-05-21,11617,1.48,1.48,1.48,1.319783393501805,0.0,0.0,12.139613764429123,0,0,36.0,23.0,22.0,30.0,32.25,31.076923076923077,25.8014440433213,28.0,1.3952707429690778,0.8914229746746887,0.8526654540366587,1.1627256191408983,1.2499300405764655,1.204464487520315,0,0,0,0,0,0,5,21,20
FOODS_3_030,FOODS_3,TX_1,TX,2016-05-21,11617,1.25,1.25,1.25,1.256014492753623,0.0,0.0,-0.47885536260311046,0,0,90.0,85.0,62.0,39.0,81.0,65.53846153846153,68.03623188405797,60.0,1.32282458195761,1.2493343274044095,0.9112791564596869,0.5732239855149643,1.190542123761849,0.9632876442973365,0,0,0,0,0,0,5,21,20
FOODS_3_030,FOODS_3,TX_2,TX,2016-05-21,11617,1.25,1.25,1.25,1.256485507246377,0.0,0.0,-0.5161625191037934,0,0,167.0,130.0,116.0,142.0,134.5,129.30769230769232,157.68840579710144,149.0,1.059050595101328,0.8244106428932495,0.7356279582739764,0.9005100868526263,0.8529479343780157,0.8200202903571316,0,0,0,0,0,0,5,21,20
FOODS_3_030,FOODS_3,TX_3,TX,2016-05-21,11617,1.25,1.25,1.25,1.2547826086956522,0.0,0.0,-0.38115038115038075,0,0,134.0,153.0,142.0,104.0,147.5,144.15384615384616,175.81521739130434,160.0,0.7621638330757342,0.8702318392581144,0.8076661514683153,0.5915301391035549,0.8389489953632149,0.8199167756509333,0,0,0,0,0,0,5,21,20
FOODS_3_030,FOODS_3,WI_1,WI,2016-05-21,11617,1.25,1.25,1.25,1.256014492753623,0.0,0.0,-0.47885536260311046,0,0,46.0,35.0,31.0,25.0,47.5,47.0,29.467391304347824,26.5,1.5610475839173739,1.1877535964588712,1.0520103282921431,0.848395426042051,1.6119513094798967,1.5949834009590558,0,0,0,0,0,0,5,21,20
FOODS_3_030,FOODS_3,WI_2,WI,2016-05-21,11617,1.25,1.25,1.25,1.2570289855072463,0.0,0.0,-0.5591744970311799,0,0,40.0,35.0,56.0,15.0,39.0,48.76923076923077,40.369565217391305,29.0,0.9908454496499731,0.8669897684437264,1.3871836295099622,0.3715670436187399,0.9660743134087237,1.208069259765544,0,0,0,0,0,0,5,21,20
FOODS_3_030,FOODS_3,WI_3,WI,2016-05-21,11617,1.25,1.25,1.25,1.2339855072463768,0.0,0.0,1.2977861295437214,0,0,33.0,25.0,26.0,30.0,35.75,33.15384615384615,33.96739130434783,32.5,0.9715199999999999,0.736,0.76544,0.8832,1.0524799999999999,0.9760492307692307,0,0,0,0,0,0,5,21,20
FOODS_3_086,FOODS_3,CA_1,CA,2016-05-21,11617,1.0,1.0,1.0,1.1035740072202167,0.0,0.0,-9.385325002453474,0,0,87.0,72.0,24.0,33.0,75.0,56.53846153846154,54.761732851985556,42.0,1.5887006394620609,1.314786736106533,0.4382622453688444,0.602610587382161,1.3695695167776387,1.0324447126477585,0,0,0,0,0,0,5,21,20
FOODS_3_086,FOODS_3,CA_2,CA,2016-05-21,11617,1.0,1.0,1.0,1.0475,0.0,0.0,-4.534606205250605,0,0,42.0,40.0,34.0,17.0,43.25,35.46153846153846,16.47,16.0,2.5500910746812386,2.4286581663630846,2.0643594414086217,1.0321797207043109,2.6259866423800853,2.15309887441035,0,0,0,0,0,0,5,21,20
FOODS_3_086,FOODS_3,CA_3,CA,2016-05-21,11617,1.0,1.0,1.0,1.0965703971119134,0.0,0.0,-8.80658436213992,0,0,196.0,96.0,164.0,109.0,125.5,109.15384615384616,73.54151624548736,61.0,2.6651612586520055,1.3053851062785333,2.2300328898924944,1.4821560060870846,1.7065190712287077,1.4842479693984285,0,0,0,0,0,0,5,21,20
FOODS_3_086,FOODS_3,CA_4,CA,2016-05-21,11617,1.0,1.0,1.0,1.0962825278810409,0.0,0.0,-8.78263818243472,0,0,19.0,17.0,12.0,20.0,20.0,15.153846153846153,17.594795539033456,16.0,1.0798647792098035,0.966194802450877,0.6820198605535601,1.136699767589267,1.136699767589267,0.8612686700580214,0,0,0,0,0,0,5,21,20
FOODS_3_086,FOODS_3,TX_1,TX,2016-05-21,11617,1.0,1.0,1.0,1.0990613718411553,0.0,0.0,-9.013270266719225,0,0,158.0,228.0,102.0,55.0,181.0,172.53846153846155,52.44765342960289,48.0,3.0125275330396475,4.347191629955947,1.944796255506608,1.0486646475770924,3.451060022026432,3.289726999322264,0,0,0,0,0,0,5,21,20
FOODS_3_086,FOODS_3,TX_2,TX,2016-05-21,11617,1.0,1.0,1.0,1.1035018050541516,0.0,0.0,-9.379396080740667,0,0,54.0,41.0,56.0,80.0,38.75,48.61538461538461,53.505415162454874,43.0,1.0092436407799743,0.7662775791107213,1.0466230348829364,1.4951757641184806,0.724225760744889,0.9086068105027689,0,0,0,0,0,0,5,21,20
FOODS_3_086,FOODS_3,TX_3,TX,2016-05-21,11617,1.0,1.0,1.0,1.1031407942238267,0.0,0.0,-9.349739830480742,0,0,47.0,56.0,93.0,226.0,66.5,91.23076923076923,60.78339350180505,46.0,0.7732375126210133,0.921304270356952,1.5300231632713668,3.7181208053691277,1.0940488210488806,1.5009160228617378,0,0,0,0,0,0,5,21,20
FOODS_3_086,FOODS_3,WI_1,WI,2016-05-21,11617,1.0,1.0,1.0,1.0,0.0,0.0,0.0,0,0,18.0,0.0,0.0,0.0,5.5,1.6923076923076923,2.72992700729927,0.0,6.593582887700535,0.0,0.0,0.0,2.014705882352941,0.6199095022624435,0,0,0,0,0,0,5,21,20
FOODS_3_086,FOODS_3,WI_2,WI,2016-05-21,11617,1.0,1.0,1.0,1.1125270758122745,0.0,0.0,-10.114547165525533,0,0,34.0,53.0,48.0,61.0,49.5,52.15384615384615,31.581227436823106,18.0,1.076588934613626,1.678212162780064,1.5198902606310014,1.9315272062185642,1.5673868312757202,1.6514192254932996,0,0,0,0,0,0,5,21,20
FOODS_3_086,FOODS_3,WI_3,WI,2016-05-21,11617,1.0,1.0,1.0,1.1048014440433211,0.0,0.0,-9.485998104760958,0,0,198.0,184.0,124.0,40.0,221.0,193.30769230769232,90.028880866426,47.0,2.1992942497393537,2.043788595717379,1.3773357927660599,0.44430186863421284,2.454767824204026,2.147174222841879,0,0,0,0,0,0,5,21,20
FOODS_3_090,FOODS_3,CA_1,CA,2016-05-21,11617,1.6,1.6,1.6,1.3847292418772563,0.0,0.0,15.546054175248331,0,0,360.0,384.0,380.0,0.0,414.5,383.84615384615387,464.70758122743683,495.0,0.7746807122214971,0.8263260930362636,0.8177185295671359,0.0,0.8919587644883626,0.8259950329028357,0,0,0,0,0,0,5,21,20
FOODS_3_090,FOODS_3,CA_2,CA,2016-05-21,11617,1.6,1.6,1.6,1.3749819494584838,0.0,0.0,16.3651639667078,0,0,373.0,307.0,323.0,0.0,371.25,339.15384615384613,207.65703971119135,237.0,1.7962309417430156,1.4783991933380851,1.5554493141635228,0.0,1.7878035847777334,1.6332403015353587,0,0,0,0,0,0,5,21,20
FOODS_3_090,FOODS_3,CA_3,CA,2016-05-21,11617,1.6,1.6,1.6,1.3430685920577616,0.0,0.0,19.130177673843523,0,0,758.0,927.0,798.0,8.0,842.75,800.0,915.5379061371841,924.0,0.8279285815681141,1.0125195186195801,0.8716187441838457,0.008738032523146323,0.9204971136101955,0.8738032523146323,0,0,0,0,0,0,5,21,20
FOODS_3_090,FOODS_3,CA_4,CA,2016-05-21,11617,1.6,1.6,1.6,1.3848736462093862,0.0,0.0,15.53400589140013,0,0,175.0,138.0,173.0,0.0,169.75,189.23076923076923,190.9783393501805,206.0,0.9163342847961287,0.7225950360106614,0.9058618929698872,0.0,0.8888442562522447,0.9908493804828468,0,0,0,0,0,0,5,21,20
FOODS_3_090,FOODS_3,TX_1,TX,2016-05-21,11617,1.5,1.5,1.5,1.3672924187725632,0.0,0.0,9.705866821566241,0,0,299.0,316.0,324.0,0.0,331.5,362.46153846153845,342.6245487364621,356.0,0.8726753558746984,0.922292349352524,0.9456415227538538,0.0,0.9675313728176004,1.0578971641064006,0,0,0,0,0,0,5,21,20
FOODS_3_090,FOODS_3,TX_2,TX,2016-05-21,11617,1.5,1.5,1.5,1.376317689530686,0.0,0.0,8.986465218759838,0,0,411.0,431.0,432.0,0.0,449.0,444.7692307692308,437.3140794223827,450.0,0.9398279619601109,0.9855616827367586,0.987848368775591,0.0,1.0267220314357417,1.01704759050222,0,0,0,0,0,0,5,21,20
FOODS_3_090,FOODS_3,TX_3,TX,2016-05-21,11617,1.5,1.5,1.5,1.3739350180505414,0.0,0.0,9.175469020968006,0,0,440.0,510.0,465.0,0.0,473.0,454.53846153846155,420.85920577617327,465.0,1.0454802792979807,1.2118066873681141,1.104882567894457,0.0,1.1238913002453295,1.0800249948202392,0,0,0,0,0,0,5,21,20
FOODS_3_090,FOODS_3,WI_1,WI,2016-05-21,11617,1.44,1.44,1.38,1.3397472924187723,0.0,4.347826086956526,7.482956535798026,0,0,116.0,155.0,153.0,0.0,127.0,147.84615384615384,127.4332129963899,140.0,0.9102807444970112,1.2163234085951442,1.2006289130003682,0.0,0.9966004702682795,1.1601854051215221,0,0,0,0,0,0,5,21,20
FOODS_3_090,FOODS_3,WI_2,WI,2016-05-21,11617,1.44,1.44,1.38,1.3368592057761732,0.0,4.347826086956526,7.715157570684021,0,0,159.0,164.0,216.0,0.0,152.0,195.0,117.7797833935018,128.0,1.3499770114942529,1.3924291187739464,1.8339310344827586,0.0,1.290544061302682,1.6556321839080461,0,0,0,0,0,0,5,21,20
FOODS_3_090,FOODS_3,WI_3,WI,2016-05-21,11617,1.44,1.44,1.38,1.3349819494584836,0.0,4.347826086956526,7.8666270045160855,0,0,469.0,566.0,586.0,0.0,522.0,554.0769230769231,444.98194945848377,472.0,1.0539753366866786,1.2719617069608957,1.3169073503164044,0.0,1.1730812915787765,1.24516718880665,0,0,0,0,0,0,5,21,20
FOODS_3_115,FOODS_3,CA_1,CA,2016-05-21,11617,4.68,4.68,4.68,4.3175451263537905,0.0,0.0,8.394929596307566,0,0,10.0,9.0,14.0,9.0,9.0,9.692307692307692,12.725631768953068,12.0,0.7858156028368795,0.7072340425531916,1.1001418439716313,0.7072340425531916,0.7072340425531916,0.7616366612111293,0,0,0,0,0,0,5,21,20
FOODS_3_115,FOODS_3,CA_2,CA,2016-05-21,11617,4.68,4.68,4.68,4.312202166064982,0.0,0.0,8.529234478601552,0,0,15.0,13.0,12.0,8.0,12.5,11.615384615384615,10.342960288808664,10.0,1.4502617801047122,1.256893542757417,1.1602094240837697,0.7734729493891798,1.2085514834205935,1.1230232245939051,0,0,0,0,0,0,5,21,20
FOODS_3_115,FOODS_3,CA_3,CA,2016-05-21,11617,4.68,4.68,4.68,4.182743682310469,0.0,0.0,11.888280885881484,0,0,10.0,9.0,9.0,12.0,8.5,9.153846153846153,20.339350180505416,18.0,0.49165779197728077,0.4424920127795527,0.4424920127795527,0.5899893503727369,0.4179091231806886,0.4500559788099724,0,0,0,0,0,0,5,21,20
FOODS_3_115,FOODS_3,CA_4,CA,2016-05-21,11617,4.68,4.68,4.68,4.320794223826715,0.0,0.0,8.313420115970118,0,0,7.0,3.0,7.0,9.0,8.0,6.923076923076923,10.259927797833935,10.0,0.6822660098522167,0.2923997185080929,0.6822660098522167,0.8771991555242786,0.7797325826882477,0.674768581172522,0,0,0,0,0,0,5,21,20
FOODS_3_115,FOODS_3,TX_1,TX,2016-05-21,11617,4.48,4.48,4.48,4.210794223826715,0.0,0.0,6.39323039463644,0,0,6.0,4.0,6.0,2.0,6.0,6.461538461538462,8.19494584837545,8.0,0.7321585903083702,0.48810572687224674,0.7321585903083702,0.24405286343612337,0.7321585903083702,0.7884784818705525,0,0,0,0,0,0,5,21,20
FOODS_3_115,FOODS_3,TX_2,TX,2016-05-21,11617,4.48,4.48,4.48,4.199314079422383,0.0,0.0,6.6840897172479705,0,0,17.0,11.0,27.0,8.0,13.25,12.615384615384615,14.23826714801444,14.0,1.1939655172413792,0.7725659229208925,1.8962981744421907,0.5618661257606491,0.9305907707910751,0.8860196598533312,0,0,0,0,0,0,5,21,20
FOODS_3_115,FOODS_3,TX_3,TX,2016-05-21,11617,4.48,4.48,4.48,4.208519855595668,0.0,0.0,6.450727422454028,0,0,16.0,8.0,10.0,24.0,11.25,11.615384615384615,11.971119133574007,12.0,1.3365500603136309,0.6682750301568154,0.8353437876960194,2.0048250904704465,0.9397617611580218,0.9702839380161455,0,0,0,0,0,0,5,21,20
FOODS_3_115,FOODS_3,WI_1,WI,2016-05-21,11617,4.44,4.44,4.44,4.2901805054151625,0.0,0.0,3.4921489759168027,0,0,13.0,13.0,12.0,13.0,12.5,11.153846153846153,8.555956678700362,9.0,1.5194092827004217,1.5194092827004217,1.4025316455696202,1.5194092827004217,1.460970464135021,1.3036351833820186,0,0,0,0,0,0,5,21,20
FOODS_3_115,FOODS_3,WI_2,WI,2016-05-21,11617,4.44,4.44,4.44,4.288519855595668,0.0,0.0,3.5322243922149688,0,0,2.0,6.0,6.0,4.0,4.0,4.769230769230769,4.646209386281589,5.0,0.4304584304584304,1.2913752913752914,1.2913752913752914,0.8609168609168608,0.8609168609168608,1.026477795708565,0,0,0,0,0,0,5,21,20
FOODS_3_115,FOODS_3,WI_3,WI,2016-05-21,11617,4.44,2.5,4.44,4.293790613718412,77.60000000000001,0.0,3.4051354487211896,0,1,3.0,4.0,3.0,6.0,5.0,5.076923076923077,5.859205776173285,6.0,0.512014787430684,0.6826863832409119,0.512014787430684,1.024029574861368,0.8533579790511399,0.8664865633442344,0,0,0,0,0,0,5,21,20
FOODS_3_124,FOODS_3,CA_1,CA,2016-05-21,11617,5.44,5.44,5.44,5.376606498194946,0.0,0.0,1.1790615851529525,0,0,44.0,53.0,37.0,0.0,50.25,39.15384615384615,39.498194945848375,37.0,1.1139749565853212,1.3418334704323187,0.9367516680376565,0.0,1.2722100356457362,0.9912819106677072,0,0,0,0,0,0,5,21,20
FOODS_3_124,FOODS_3,CA_2,CA,2016-05-21,11617,5.44,5.44,5.44,5.383826714801445,0.0,0.0,1.0433709733658723,0,0,32.0,21.0,32.0,0.0,22.5,26.23076923076923,22.43321299638989,21.0,1.426456388799485,0.9361120051496621,1.426456388799485,0.0,1.002977148374638,1.1692827610111163,0,0,0,0,0,0,5,21,20
FOODS_3_124,FOODS_3,CA_3,CA,2016-05-21,11617,5.44,5.44,5.44,5.329675090252708,0.0,0.0,2.0700119215346193,0,0,61.0,42.0,33.0,0.0,51.25,38.38461538461539,49.68231046931408,48.0,1.2278011916872547,0.8453713123092573,0.6642203168144165,0.0,1.0315542799011772,0.7726012542899623,0,0,0,0,0,0,5,21,20
FOODS_3_124,FOODS_3,CA_4,CA,2016-05-21,11617,5.44,5.44,5.44,5.3802166064981956,0.0,0.0,1.111170755274031,0,0,50.0,29.0,35.0,0.0,32.75,33.0,22.985559566787003,23.0,2.1752787812156433,1.261661693105073,1.5226951468509502,0.0,1.4248076016962463,1.4356839956023244,0,0,0,0,0,0,5,21,20
FOODS_3_124,FOODS_3,TX_1,TX,2016-05-21,11617,4.68,5.44,5.44,5.327075812274368,-13.970588235294128,-13.970588235294128,-12.146923285443219,1,0,9.0,17.0,29.0,0.0,16.0,20.307692307692307,18.15523465703971,13.0,0.4957247961821436,0.9363690594551601,1.597335454364685,0.0,0.8812885265460331,1.1185585144622727,0,0,0,0,0,0,5,21,20
FOODS_3_124,FOODS_3,TX_2,TX,2016-05-21,11617,4.68,5.44,5.44,5.330758122743683,-13.970588235294128,-13.970588235294128,-12.20760926981893,1,0,22.0,22.0,20.0,0.0,20.0,19.076923076923077,27.743682310469314,23.0,0.7929733246584255,0.7929733246584255,0.7208848405985686,0.0,0.7208848405985686,0.6876132325709424,0,0,0,0,0,0,5,21,20
FOODS_3_124,FOODS_3,TX_3,TX,2016-05-21,11617,4.68,5.44,5.44,5.350794223826715,-13.970588235294128,-13.970588235294128,-12.536348731926845,1,0,23.0,11.0,12.0,0.0,20.75,17.076923076923077,23.826714801444044,18.0,0.9653030303030302,0.46166666666666667,0.5036363636363637,0.0,0.8708712121212121,0.7167132867132867,0,0,0,0,0,0,5,21,20
FOODS_3_124,FOODS_3,WI_1,WI,2016-05-21,11617,5.44,5.44,5.44,5.246642599277979,0.0,0.0,3.6853549115129476,0,0,15.0,5.0,12.0,0.0,12.25,14.153846153846153,13.31407942238267,12.0,1.1266268980477223,0.3755422993492408,0.901301518438178,0.0,0.92007863340564,1.0630735858501585,0,0,0,0,0,0,5,21,20
FOODS_3_124,FOODS_3,WI_2,WI,2016-05-21,11617,5.44,5.44,5.44,5.243895131086143,0.0,0.0,3.7396794560466184,0,0,6.0,5.0,10.0,0.0,6.25,11.615384615384615,12.895131086142323,11.0,0.46529189660180076,0.38774324716816727,0.7754864943363345,0.0,0.4846790589602091,0.9007573895752808,0,0,0,0,0,0,5,21,20
FOODS_3_124,FOODS_3,WI_3,WI,2016-05-21,11617,5.44,5.44,5.44,5.273357400722022,0.0,0.0,3.1600854373185903,0,0,8.0,3.0,8.0,0.0,5.75,8.461538461538462,22.357400722021662,20.0,0.35782334894235424,0.13418375585338285,0.35782334894235424,0.0,0.2571855320523171,0.3784670036890285,0,0,0,0,0,0,5,21,20
FOODS_3_133,FOODS_3,CA_1,CA,2016-05-21,11617,0.8,0.8,0.8,0.8192057761732853,0.0,0.0,-2.3444385686585614,0,0,45.0,39.0,57.0,25.0,43.0,49.76923076923077,44.061371841155236,44.0,1.0213027447767309,0.8851290454731667,1.293650143383859,0.5673904137648504,0.9759115116755428,1.129543377556487,0,0,0,0,0,0,5,21,20
FOODS_3_133,FOODS_3,CA_2,CA,2016-05-21,11617,0.8,0.8,0.8,0.8189169675090253,0.0,0.0,-2.3099982366425675,0,0,27.0,21.0,28.0,16.0,26.5,34.84615384615385,23.379061371841154,22.0,1.1548795552810378,0.8982396541074739,1.1976528721432984,0.6843730697961705,1.1334928968499074,1.4904855798926213,0,0,0,0,0,0,5,21,20
FOODS_3_133,FOODS_3,CA_3,CA,2016-05-21,11617,0.8,0.8,0.8,0.8126353790613718,0.0,0.0,-1.5548645046645884,0,0,44.0,49.0,68.0,60.0,43.25,53.92307692307692,69.16245487364621,67.0,0.6361833176740787,0.7084768765006786,0.983192400041758,0.8675227059191982,0.6253392838500887,0.779658226729946,0,0,0,0,0,0,5,21,20
FOODS_3_133,FOODS_3,CA_4,CA,2016-05-21,11617,0.8,0.8,0.8,0.8187003610108303,0.0,0.0,-2.2841520416262404,0,0,32.0,22.0,12.0,23.0,28.0,21.692307692307693,21.487364620938628,23.0,1.489247311827957,1.0238575268817205,0.5584677419354839,1.070396505376344,1.3030913978494625,1.0095378411910672,0,0,0,0,0,0,5,21,20
FOODS_3_133,FOODS_3,TX_1,TX,2016-05-21,11617,0.8,0.8,0.8,0.8147653429602888,0.0,0.0,-1.8122203021844054,0,0,10.0,12.0,28.0,11.0,13.75,17.0,25.32851985559567,24.0,0.39481185860889395,0.47377423033067273,1.1054732041049031,0.43429304446978334,0.5428663055872291,0.6711801596351197,0,0,0,0,0,0,5,21,20
FOODS_3_133,FOODS_3,TX_2,TX,2016-05-21,11617,0.8,0.8,0.8,0.8124548736462094,0.0,0.0,-1.5329926682959287,0,0,19.0,24.0,34.0,16.0,27.75,20.53846153846154,38.7942238267148,32.0,0.4897636329797134,0.6186487995533222,0.8764191327005398,0.41243253303554817,0.7153126744835288,0.5294206073100546,0,0,0,0,0,0,5,21,20
FOODS_3_133,FOODS_3,TX_3,TX,2016-05-21,11617,0.8,0.8,0.8,0.8059927797833936,0.0,0.0,-0.7435277255218153,0,0,36.0,21.0,31.0,23.0,30.75,30.615384615384617,28.111913357400724,27.0,1.2805958649030436,0.7470142545267754,1.102735328110954,0.8181584692436111,1.0938423012713496,1.0890537483577165,0,0,0,0,0,0,5,21,20
FOODS_3_133,FOODS_3,WI_1,WI,2016-05-21,11617,0.8,0.8,0.8,0.8248550724637681,0.0,0.0,-3.0132653957656084,0,0,26.0,30.0,34.0,28.0,28.5,28.846153846153847,22.77173913043478,21.0,1.141766109785203,1.3174224343675418,1.4930787589498808,1.2295942720763724,1.2515513126491646,1.266752340738021,0,0,0,0,0,0,5,21,20
FOODS_3_133,FOODS_3,WI_2,WI,2016-05-21,11617,0.8,0.8,0.8,0.8187003610108303,0.0,0.0,-2.2841520416262404,0,0,14.0,24.0,33.0,22.0,21.5,25.384615384615383,26.23826714801444,26.0,0.5335718216840947,0.914694551458448,1.257705008255366,0.8384700055035773,0.8194138690148597,0.9674653909656661,0,0,0,0,0,0,5,21,20
FOODS_3_133,FOODS_3,WI_3,WI,2016-05-21,11617,0.8,0.8,0.8,0.8187003610108303,0.0,0.0,-2.2841520416262404,0,0,23.0,47.0,50.0,7.0,37.25,44.38461538461539,29.653429602888085,27.0,0.7756269783296811,1.5849768687606527,1.686145605064524,0.23606038470903337,1.2561784757730705,1.49677848326497,0,0,0,0,0,0,5,21,20
FOODS_3_136,FOODS_3,CA_1,CA,2016-05-21,11617,4.68,4.68,4.68,4.31826714801444,0.0,0.0,8.376805778491168,0,0,26.0,35.0,49.0,16.0,30.0,31.384615384615383,26.494584837545126,27.0,0.9813326066221556,1.3210246627605942,1.8494345278648316,0.6038969886905573,1.132306853794795,1.1845671701237854,0,0,0,0,0,0,5,21,20
FOODS_3_136,FOODS_3,CA_2,CA,2016-05-21,11617,4.68,4.68,4.68,4.316462093862816,0.0,0.0,8.422126691534379,0,0,30.0,23.0,20.0,11.0,23.5,20.846153846153847,15.566787003610107,16.0,1.9271799628942488,1.477504638218924,1.284786641929499,0.7066326530612246,1.5096243042671615,1.3391429998572857,0,0,0,0,0,0,5,21,20
FOODS_3_136,FOODS_3,CA_3,CA,2016-05-21,11617,4.68,4.68,4.68,4.21768953068592,0.0,0.0,10.96122571257383,0,0,33.0,41.0,32.0,36.0,38.0,34.92307692307692,39.75451263537906,36.0,0.8300944424264439,1.0313294587722486,0.8049400653832184,0.9055575735561207,0.9558663276425718,0.8784682444326469,0,0,0,0,0,0,5,21,20
FOODS_3_136,FOODS_3,CA_4,CA,2016-05-21,11617,4.68,4.68,4.68,4.321516245487365,0.0,0.0,8.29532354267956,0,0,14.0,22.0,19.0,25.0,18.5,21.076923076923077,17.613718411552348,18.0,0.7948350071736011,1.2490264398442303,1.0787046525927444,1.4193482270957163,1.05031768805083,1.1966197360745423,0,0,0,0,0,0,5,21,20
FOODS_3_136,FOODS_3,TX_1,TX,2016-05-21,11617,4.48,4.48,4.48,4.22259927797834,0.0,0.0,6.095788519740782,0,0,61.0,50.0,42.0,75.0,58.5,52.69230769230769,58.09025270758123,57.0,1.0500901124852402,0.8607296003977378,0.7230128643340998,1.2910944005966067,1.0070536324653532,0.9070765788806929,0,0,0,0,0,0,5,21,20
FOODS_3_136,FOODS_3,TX_2,TX,2016-05-21,11617,4.48,4.48,4.48,4.1945848375451265,0.0,0.0,6.804372149066193,0,0,46.0,42.0,56.0,69.0,49.0,52.76923076923077,55.9927797833935,57.0,0.8215344938749194,0.7500967117988394,1.0001289490651193,1.232301740812379,0.8751128304319794,0.9424292020036701,0,0,0,0,0,0,5,21,20
FOODS_3_136,FOODS_3,TX_3,TX,2016-05-21,11617,4.48,4.48,4.48,4.239350180505415,0.0,0.0,5.676573277697365,0,0,65.0,102.0,61.0,57.0,87.0,67.0,54.772563176895304,58.0,1.1867255470603744,1.8622462430793567,1.1136962826258898,1.0406670181914053,1.5883865014500396,1.2232401792776166,0,0,0,0,0,0,5,21,20
FOODS_3_136,FOODS_3,WI_1,WI,2016-05-21,11617,4.44,4.44,4.44,4.2789169675090255,0.0,0.0,3.76457486121189,0,0,23.0,31.0,38.0,17.0,29.25,34.76923076923077,17.032490974729242,16.0,1.3503603221704112,1.8200508690122934,2.23103009749894,0.9980924120389996,1.7173060618906315,2.041347376658949,0,0,0,0,0,0,5,21,20
FOODS_3_136,FOODS_3,WI_2,WI,2016-05-21,11617,4.44,4.44,4.44,4.293862815884477,0.0,0.0,3.4033966705902077,0,0,67.0,56.0,56.0,68.0,64.0,65.15384615384616,40.35740072202166,37.0,1.6601663833974418,1.3876017532874139,1.3876017532874139,1.684944986134717,1.5858305751856159,1.614421270651703,0,0,0,0,0,0,5,21,20
FOODS_3_136,FOODS_3,WI_3,WI,2016-05-21,11617,4.44,4.44,4.44,4.2985559566787,0.0,0.0,3.290501385739495,0,0,42.0,38.0,38.0,38.0,44.5,47.46153846153846,43.31768953068592,45.0,0.9695807983998667,0.8772397699808318,0.8772397699808318,0.8772397699808318,1.0272939411617636,1.0956618179720106,0,0,0,0,0,0,5,21,20
FOODS_3_202,FOODS_3,CA_1,CA,2016-05-21,11617,4.68,4.68,4.68,4.320072202166065,0.0,0.0,8.33152273828823,0,0,102.0,111.0,110.0,97.0,114.0,109.15384615384616,114.75451263537906,116.0,0.8888539339981754,0.967282222292132,0.958567968037248,0.8452826627237551,0.9934249850567842,0.9511943682831153,0,0,0,0,0,0,5,21,20
FOODS_3_202,FOODS_3,CA_2,CA,2016-05-21,11617,4.68,4.68,4.68,4.31826714801444,0.0,0.0,8.376805778491168,0,0,93.0,96.0,80.0,56.0,97.25,96.61538461538461,60.27797833935018,59.0,1.5428520093429958,1.5926214289992215,1.3271845241660178,0.9290291669162125,1.6133586871893155,1.6028305407235754,0,0,0,0,0,0,5,21,20
FOODS_3_202,FOODS_3,CA_3,CA,2016-05-21,11617,4.68,4.68,4.68,4.222310469314079,0.0,0.0,10.839788642076636,0,0,126.0,152.0,170.0,166.0,139.25,157.3846153846154,188.39350180505414,178.0,0.6688128772635815,0.8068218836830507,0.902366580434991,0.8811344256012265,0.7391443901504264,0.8354036305746568,0,0,0,0,0,0,5,21,20
FOODS_3_202,FOODS_3,CA_4,CA,2016-05-21,11617,4.68,4.68,4.68,4.320794223826715,0.0,0.0,8.313420115970118,0,0,75.0,106.0,72.0,89.0,88.25,86.46153846153847,68.07942238267148,71.0,1.1016544702513522,1.5570049846219112,1.0575882914412982,1.3072966380316047,1.296280093329091,1.2700098713461743,0,0,0,0,0,0,5,21,20
FOODS_3_202,FOODS_3,TX_1,TX,2016-05-21,11617,4.48,4.48,4.48,4.184259927797834,0.0,0.0,7.067918277194926,0,0,191.0,185.0,180.0,172.0,195.75,181.53846153846155,139.5234657039711,144.0,1.3689453529290003,1.3259418339888223,1.2901055682053406,1.23276754295177,1.4029898054233079,1.301132111523335,0,0,0,0,0,0,5,21,20
FOODS_3_202,FOODS_3,TX_2,TX,2016-05-21,11617,4.48,4.48,4.48,4.17014440433213,0.0,0.0,7.430332516686441,0,0,175.0,116.0,165.0,159.0,154.0,144.46153846153845,160.09025270758121,166.0,1.0931333859510657,0.7245912729732777,1.0306686210395761,0.9931897620926825,0.9619573796369377,0.9023756038752092,0,0,0,0,0,0,5,21,20
FOODS_3_202,FOODS_3,TX_3,TX,2016-05-21,11617,4.48,4.48,4.48,4.205848375451263,0.0,0.0,6.518343032737647,0,0,203.0,221.0,223.0,191.0,212.0,210.15384615384616,152.70758122743683,154.0,1.3293380614657209,1.4472104018912528,1.4603073286052008,1.250756501182033,1.3882742316784868,1.376184760865612,0,0,0,0,0,0,5,21,20
FOODS_3_202,FOODS_3,WI_1,WI,2016-05-21,11617,2.5,4.44,4.44,4.263790613718412,-43.693693693693696,-43.693693693693696,-41.36672678164716,1,0,74.0,70.0,87.0,71.0,66.5,77.46153846153847,48.938628158844764,48.0,1.5120979640011802,1.4303629389200354,1.7777367955149013,1.4507966951903217,1.3588447919740336,1.582830197244479,0,0,0,0,0,0,5,21,20
FOODS_3_202,FOODS_3,WI_2,WI,2016-05-21,11617,4.44,4.44,4.44,4.27129963898917,0.0,0.0,3.949625998394119,0,0,35.0,56.0,49.0,49.0,45.5,53.84615384615385,42.11552346570397,42.0,0.8310474884279101,1.3296759814846562,1.1634664837990742,1.1634664837990742,1.080361734956283,1.2785345975814002,0,0,0,0,0,0,5,21,20
FOODS_3_202,FOODS_3,WI_3,WI,2016-05-21,11617,4.44,4.44,4.44,4.287436823104693,0.0,0.0,3.558377258719124,0,0,95.0,117.0,143.0,129.0,118.75,134.46153846153845,108.49819494584838,109.0,0.8755906035802222,1.0783589538830105,1.3179942769681239,1.188959872229986,1.0944882544752779,1.2392974696827759,0,0,0,0,0,0,5,21,20
FOODS_3_219,FOODS_3,CA_1,CA,2016-05-21,11617,1.48,1.48,1.48,1.31971119133574,0.0,0.0,12.145748987854256,0,0,47.0,55.0,75.0,34.0,51.0,60.07692307692308,47.92779783393502,46.0,0.9806417595661344,1.1475595058752637,1.5648538716480869,0.7094004218137994,1.064100632720699,1.253488075648365,0,0,0,0,0,0,5,21,20
FOODS_3_219,FOODS_3,CA_2,CA,2016-05-21,11617,1.48,1.48,1.48,1.3187003610108303,0.0,0.0,12.231712658782303,0,0,44.0,45.0,55.0,16.0,41.5,39.15384615384615,28.924187725631768,30.0,1.5212181727408887,1.5557913130304544,1.901522715926111,0.5531702446330504,1.4347853220169746,1.3536714159529937,0,0,0,0,0,0,5,21,20
FOODS_3_219,FOODS_3,CA_3,CA,2016-05-21,11617,1.48,1.48,1.48,1.259783393501805,0.0,0.0,17.48051352590555,0,0,46.0,44.0,55.0,55.0,42.5,45.61538461538461,48.38628158844765,50.0,0.9506826829814221,0.9093486532865777,1.136685816608222,1.136685816608222,0.8783481310154443,0.9427338311170289,0,0,0,0,0,0,5,21,20
FOODS_3_219,FOODS_3,CA_4,CA,2016-05-21,11617,1.48,1.48,1.48,1.3174007220216608,0.0,0.0,12.342431217801147,0,0,29.0,32.0,55.0,15.0,36.75,39.69230769230769,27.28519855595668,27.0,1.0628473141042605,1.172797036252977,2.0157449060598043,0.5497486107435829,1.3468840963217783,1.4547194007368658,0,0,0,0,0,0,5,21,20
FOODS_3_219,FOODS_3,TX_1,TX,2016-05-21,11617,1.48,1.48,1.48,1.313465703971119,0.0,0.0,12.678998433334254,0,0,3.0,1.0,6.0,7.0,3.0,3.769230769230769,5.317689530685921,4.0,0.5641547861507128,0.18805159538357094,1.1283095723014256,1.3163611676849967,0.5641547861507128,0.7088098595226905,0,0,0,0,0,0,5,21,20
FOODS_3_219,FOODS_3,TX_2,TX,2016-05-21,11617,0.99,1.48,1.48,1.3110108303249097,-33.108108108108105,-33.108108108108105,-24.485749690210657,1,0,5.0,6.0,5.0,2.0,5.75,6.615384615384615,10.516245487364621,8.0,0.47545485753518707,0.5705458290422245,0.47545485753518707,0.19018194301407484,0.5467730861654652,0.6290633499696321,0,0,0,0,0,0,5,21,20
FOODS_3_219,FOODS_3,TX_3,TX,2016-05-21,11617,1.48,0.88,1.48,1.3115162454873648,68.18181818181817,0.0,12.84648627817995,0,1,12.0,6.0,2.0,5.0,6.75,6.6923076923076925,7.490974729241877,8.0,1.6019277108433736,0.8009638554216868,0.2669879518072289,0.6674698795180724,0.9010843373493976,0.8933827618164968,0,0,0,0,0,0,5,21,20
FOODS_3_219,FOODS_3,WI_1,WI,2016-05-21,11617,1.48,1.48,1.48,1.3290252707581227,0.0,0.0,11.359808768403326,0,0,65.0,68.0,62.0,52.0,67.0,71.07692307692308,52.458483754512635,60.0,1.2390750808616062,1.2962631615167572,1.1818870002064552,0.991260064689285,1.2772004679650402,1.3549176032143482,0,0,0,0,0,0,5,21,20
FOODS_3_219,FOODS_3,WI_2,WI,2016-05-21,11617,1.48,1.48,1.48,1.3311191335740071,0.0,0.0,11.184638750271214,0,0,41.0,33.0,45.0,28.0,40.5,45.84615384615385,30.126353790613717,32.0,1.3609346914319953,1.0953864589574596,1.493708807669263,0.9294188136608749,1.3443379269023368,1.5217956399502237,0,0,0,0,0,0,5,21,20
FOODS_3_219,FOODS_3,WI_3,WI,2016-05-21,11617,1.48,1.48,1.48,1.3155956678700362,0.0,0.0,12.496569891882979,0,0,73.0,44.0,60.0,63.0,60.0,65.92307692307692,54.49097472924188,57.0,1.3396713926063337,0.8074731681462833,1.1010997747449318,1.1561547634821783,1.1010997747449318,1.2097980858415467,0,0,0,0,0,0,5,21,20
FOODS_3_224,FOODS_3,CA_1,CA,2016-05-21,11617,3.98,3.98,3.98,3.9428158844765346,0.0,0.0,0.9430852622326307,0,0,17.0,8.0,15.0,0.0,11.0,12.846153846153847,20.075812274368232,18.0,0.8467901456572559,0.3984894803092969,0.7471677755799316,0.0,0.5479230354252832,0.6398821462658902,0,0,0,0,0,0,5,21,20
FOODS_3_224,FOODS_3,CA_2,CA,2016-05-21,11617,3.98,3.98,3.98,3.9922743682310475,0.0,0.0,-0.3074530229866503,0,0,13.0,16.0,7.0,0.0,13.0,13.153846153846153,10.296028880866427,10.0,1.2626227208976157,1.5539971949509115,0.6798737727910238,0.0,1.2626227208976157,1.2775650016182973,0,0,0,0,0,0,5,21,20
FOODS_3_224,FOODS_3,CA_3,CA,2016-05-21,11617,3.98,3.98,3.98,3.839494584837545,0.0,0.0,3.6594768414916308,0,0,13.0,6.0,7.0,1.0,11.0,10.846153846153847,18.353790613718413,14.0,0.7083005507474429,0.3269079464988198,0.3813926042486231,0.0544846577498033,0.5993312352478363,0.590948980209405,0,0,0,0,0,0,5,21,20
FOODS_3_224,FOODS_3,CA_4,CA,2016-05-21,11617,3.98,3.98,3.98,3.946425992779784,0.0,0.0,0.850744630246248,0,0,6.0,6.0,2.0,0.0,5.25,3.769230769230769,8.472924187725631,8.0,0.708138048572646,0.708138048572646,0.23604601619088197,0.0,0.6196207925010652,0.44485595359050834,0,0,0,0,0,0,5,21,20
FOODS_3_224,FOODS_3,TX_1,TX,2016-05-21,11617,3.98,3.98,3.98,3.892057761732852,0.0,0.0,2.2595306557833275,0,0,8.0,6.0,5.0,0.0,7.0,6.923076923076923,12.021660649819495,10.0,0.6654654654654655,0.4990990990990991,0.4159159159159159,0.0,0.5822822822822823,0.5758835758835759,0,0,0,0,0,0,5,21,20
FOODS_3_224,FOODS_3,TX_2,TX,2016-05-21,11617,3.98,3.98,3.98,3.894007220216607,0.0,0.0,2.2083364236445773,0,0,8.0,10.0,10.0,0.0,11.75,10.23076923076923,14.180505415162456,13.0,0.5641547861507128,0.705193482688391,0.705193482688391,0.0,0.8286023421588594,0.7214671784427384,0,0,0,0,0,0,5,21,20
FOODS_3_224,FOODS_3,TX_3,TX,2016-05-21,11617,3.98,3.98,3.98,3.8622743682310468,0.0,0.0,3.048090853858022,0,0,7.0,5.0,7.0,0.0,8.5,8.461538461538462,14.339350180505415,13.0,0.4881671701913394,0.3486908358509567,0.4881671701913394,0.0,0.5927744209466264,0.590092183747773,0,0,0,0,0,0,5,21,20
FOODS_3_224,FOODS_3,WI_1,WI,2016-05-21,11617,3.98,3.98,3.98,3.8767509025270757,0.0,0.0,2.663289441826685,0,0,17.0,14.0,14.0,0.0,17.5,19.53846153846154,16.097472924187727,16.0,1.0560663825969947,0.8697017268445839,0.8697017268445839,0.0,1.0871271585557298,1.2137595528490348,0,0,0,0,0,0,5,21,20
FOODS_3_224,FOODS_3,WI_2,WI,2016-05-21,11617,3.98,3.98,3.98,3.872490974729242,0.0,0.0,2.7762240369914517,0,0,25.0,21.0,13.0,0.0,22.5,21.46153846153846,12.530685920577618,12.0,1.9951022760011523,1.675885911840968,1.0374531835205991,0.0,1.795592048401037,1.712718569244066,0,0,0,0,0,0,5,21,20
FOODS_3_224,FOODS_3,WI_3,WI,2016-05-21,11617,3.98,3.98,3.98,3.8003249097472924,0.0,0.0,4.727887602238075,0,0,14.0,11.0,10.0,0.0,13.5,11.384615384615385,12.187725631768952,12.0,1.148696682464455,0.902547393364929,0.8204976303317536,0.0,1.1076718009478674,0.934104994531535,0,0,0,0,0,0,5,21,20
FOODS_3_231,FOODS_3,CA_1,CA,2016-05-21,11617,5.44,5.44,5.44,5.373140794223827,0.0,0.0,1.2443226101212017,0,0,30.0,25.0,18.0,0.0,31.0,19.923076923076923,30.649819494584836,29.0,0.9787985865724382,0.8156654888103652,0.5872791519434629,0.0,1.0114252061248528,0.6500226510827218,0,0,0,0,0,0,5,21,20
FOODS_3_231,FOODS_3,CA_2,CA,2016-05-21,11617,5.44,5.44,5.44,5.38129963898917,0.0,0.0,1.0908212690021557,0,0,17.0,21.0,40.0,0.0,19.0,26.615384615384617,20.80505415162455,20.0,0.8171091445427728,1.0093701197293077,1.9226097518653478,0.0,0.9132396321360402,1.2792749502796354,0,0,0,0,0,0,5,21,20
FOODS_3_231,FOODS_3,CA_3,CA,2016-05-21,11617,5.44,5.44,5.44,5.327870036101084,0.0,0.0,2.1045927010068906,0,0,60.0,42.0,41.0,0.0,54.75,43.0,40.05415162454874,39.0,1.4979720594862551,1.0485804416403786,1.023614240648941,0.0,1.3668995042812078,1.073546642631816,0,0,0,0,0,0,5,21,20
FOODS_3_231,FOODS_3,CA_4,CA,2016-05-21,11617,5.44,5.44,5.44,5.3802166064981956,0.0,0.0,1.111170755274031,0,0,23.0,23.0,27.0,0.0,20.75,23.0,22.1985559566787,22.0,1.0361034314522688,1.0361034314522688,1.2162953325744024,0.0,0.9347454870710685,1.0361034314522688,0,0,0,0,0,0,5,21,20
FOODS_3_231,FOODS_3,TX_1,TX,2016-05-21,11617,4.68,5.44,5.44,5.334368231046932,-13.970588235294128,-13.970588235294128,-12.267023998050938,1,0,11.0,17.0,22.0,0.0,18.5,18.076923076923077,25.263537906137184,20.0,0.4354101171763361,0.6729065447270649,0.8708202343526722,0.0,0.7322806516147471,0.7155341086464264,0,0,0,0,0,0,5,21,20
FOODS_3_231,FOODS_3,TX_2,TX,2016-05-21,11617,4.68,5.44,5.44,5.331480144404333,-13.970588235294128,-13.970588235294128,-12.219498652510142,1,0,21.0,14.0,15.0,0.0,14.75,15.076923076923077,28.36462093862816,22.0,0.7403589156166476,0.49357261041109834,0.5288277968690339,0.0,0.52001400025455,0.5315397342888751,0,0,0,0,0,0,5,21,20
FOODS_3_231,FOODS_3,TX_3,TX,2016-05-21,11617,4.68,5.44,5.44,5.354368231046932,-13.970588235294128,-13.970588235294128,-12.59473017071659,1,0,13.0,9.0,6.0,0.0,12.0,11.461538461538462,21.303249097472925,17.0,0.6102355532960515,0.4224707676664972,0.28164717844433146,0.0,0.5632943568886629,0.5380183280539153,0,0,0,0,0,0,5,21,20
FOODS_3_231,FOODS_3,WI_1,WI,2016-05-21,11617,5.44,5.44,5.44,5.249169675090252,0.0,0.0,3.635438302086644,0,0,14.0,20.0,14.0,0.0,15.5,18.153846153846153,15.397111913357401,13.0,0.9092614302461899,1.2989449003517,0.9092614302461899,0.0,1.0066822977725673,1.179042294165389,0,0,0,0,0,0,5,21,20
FOODS_3_231,FOODS_3,WI_2,WI,2016-05-21,11617,5.44,5.44,5.44,5.269025270758123,0.0,0.0,3.244902433676834,0,0,14.0,9.0,5.0,0.0,14.75,14.692307692307692,13.169675090252708,12.0,1.063048245614035,0.6833881578947368,0.3796600877192982,0.0,1.1199972587719298,1.1156165654520918,0,0,0,0,0,0,5,21,20
FOODS_3_231,FOODS_3,WI_3,WI,2016-05-21,11617,5.44,5.44,5.44,5.275523465703972,0.0,0.0,3.117729176361088,0,0,10.0,5.0,18.0,0.0,12.5,13.76923076923077,25.03610108303249,23.0,0.3994232155731795,0.19971160778658975,0.7189617880317232,0.0,0.4992790194664744,0.5499750429815319,0,0,0,0,0,0,5,21,20
FOODS_3_257,FOODS_3,CA_1,CA,2016-05-21,11617,3.98,3.98,3.98,3.9510469314079426,0.0,0.0,0.7327948539892449,0,0,16.0,14.0,21.0,0.0,18.0,19.153846153846153,22.353790613718413,22.0,0.7157622739018087,0.6262919896640826,0.9394379844961239,0.0,0.8052325581395349,0.856850029815146,0,0,0,0,0,0,5,21,20
FOODS_3_257,FOODS_3,CA_2,CA,2016-05-21,11617,3.98,3.98,3.98,3.9922743682310475,0.0,0.0,-0.3074530229866503,0,0,28.0,16.0,20.0,0.0,25.0,21.615384615384617,14.76173285198556,15.0,1.896796282709709,1.0838835901198336,1.354854487649792,0.0,1.6935681095622401,1.4642850424215061,0,0,0,0,0,0,5,21,20
FOODS_3_257,FOODS_3,CA_3,CA,2016-05-21,11617,3.98,3.98,3.98,3.912924187725632,0.0,0.0,1.714211905376967,0,0,11.0,11.0,19.0,2.0,15.0,18.53846153846154,20.931407942238266,19.0,0.5255260434632633,0.5255260434632633,0.9077268023456365,0.09555018972059331,0.7166264229044499,0.8856767585639612,0,0,0,0,0,0,5,21,20
FOODS_3_257,FOODS_3,CA_4,CA,2016-05-21,11617,3.98,3.98,3.98,3.94101083032491,0.0,0.0,0.9893190187420906,0,0,21.0,20.0,18.0,0.0,18.5,18.846153846153847,11.8014440433213,12.0,1.779443254817987,1.6947078617314162,1.5252370755582747,0.0,1.56760477210156,1.5969362543238346,0,0,0,0,0,0,5,21,20
FOODS_3_257,FOODS_3,TX_1,TX,2016-05-21,11617,3.98,3.98,3.98,3.897761732851986,0.0,0.0,2.109884410195607,0,0,18.0,19.0,20.0,0.0,15.25,13.23076923076923,13.31407942238267,13.0,1.351952277657267,1.4270607375271152,1.5021691973969633,0.0,1.1454040130151844,0.9937426998164526,0,0,0,0,0,0,5,21,20
FOODS_3_257,FOODS_3,TX_2,TX,2016-05-21,11617,3.98,3.98,3.98,3.87898916967509,0.0,0.0,2.604050331323059,0,0,15.0,19.0,11.0,0.0,13.75,13.461538461538462,12.725631768953068,13.0,1.1787234042553192,1.493049645390071,0.8643971631205674,0.0,1.0804964539007091,1.0578286961265686,0,0,0,0,0,0,5,21,20
FOODS_3_257,FOODS_3,TX_3,TX,2016-05-21,11617,3.98,3.98,3.98,3.9009386281588445,0.0,0.0,2.0267268823573024,0,0,9.0,15.0,7.0,0.0,12.0,9.461538461538462,11.783393501805055,12.0,0.7637867647058824,1.2729779411764706,0.5940563725490196,0.0,1.0183823529411764,0.8029553167420814,0,0,0,0,0,0,5,21,20
FOODS_3_257,FOODS_3,WI_1,WI,2016-05-21,11617,3.98,3.98,3.98,3.877111913357401,0.0,0.0,2.653730120302424,0,0,11.0,12.0,14.0,0.0,13.0,14.076923076923077,10.678700361010831,10.0,1.0300878972278567,1.1237322515212982,1.311020960108181,0.0,1.2173766058147395,1.3182243719769073,0,0,0,0,0,0,5,21,20
FOODS_3_257,FOODS_3,WI_2,WI,2016-05-21,11617,3.98,3.98,3.98,3.8761010830324913,0.0,0.0,2.680500707845903,0,0,36.0,30.0,25.0,0.0,32.0,32.0,16.52707581227437,18.0,2.17824377457405,1.8152031454783748,1.5126692878986456,0.0,1.9362166885102665,1.9362166885102665,0,0,0,0,0,0,5,21,20
FOODS_3_257,FOODS_3,WI_3,WI,2016-05-21,11617,3.98,3.98,3.98,3.8579636363636367,0.0,0.0,3.1632326050483437,0,0,6.0,17.0,15.0,0.0,10.0,12.615384615384615,10.854545454545455,11.0,0.5527638190954773,1.5661641541038525,1.3819095477386933,0.0,0.9212730318257956,1.1622213632263882,0,0,0,0,0,0,5,21,20
FOODS_3_274,FOODS_3,CA_1,CA,2016-05-21,11617,1.6,1.6,1.6,1.38,0.0,0.0,15.942028985507262,0,0,25.0,23.0,33.0,0.0,22.5,25.846153846153847,27.0072202166065,26.0,0.9256783852426146,0.8516241144232054,1.2218954685202512,0.0,0.8331105467183532,0.9570090382815954,0,0,0,0,0,0,5,21,20
FOODS_3_274,FOODS_3,CA_2,CA,2016-05-21,11617,1.6,1.6,1.6,1.3748014440433214,0.0,0.0,16.380442203665773,0,0,20.0,10.0,15.0,0.0,18.5,13.538461538461538,16.144404332129962,15.0,1.2388193202146691,0.6194096601073346,0.9291144901610019,0.0,1.145907871198569,0.8385853859914684,0,0,0,0,0,0,5,21,20
FOODS_3_274,FOODS_3,CA_3,CA,2016-05-21,11617,1.6,1.6,1.6,1.330361010830325,0.0,0.0,20.268106699953865,0,0,8.0,8.0,18.0,5.0,10.75,10.461538461538462,31.451263537906136,27.0,0.25436179981634527,0.25436179981634527,0.5723140495867769,0.15897612488521579,0.34179866850321394,0.33262696899060534,0,0,0,0,0,0,5,21,20
FOODS_3_274,FOODS_3,CA_4,CA,2016-05-21,11617,1.6,1.6,1.6,1.3793862815884477,0.0,0.0,15.993614069983517,0,0,15.0,4.0,6.0,0.0,14.5,11.0,13.386281588447654,13.0,1.1205501618122977,0.2988133764832794,0.4482200647249191,0.0,1.0831984897518878,0.8217367853290183,0,0,0,0,0,0,5,21,20
FOODS_3_274,FOODS_3,TX_1,TX,2016-05-21,11617,1.5,1.5,1.5,1.3665342960288807,0.0,0.0,9.766729189232045,0,0,4.0,1.0,5.0,0.0,3.0,4.6923076923076925,7.3610108303249095,7.0,0.5434036292300147,0.13585090730750368,0.6792545365375184,0.0,0.407552721922511,0.6374542573659788,0,0,0,0,0,0,5,21,20
FOODS_3_274,FOODS_3,TX_2,TX,2016-05-21,11617,1.5,1.5,1.5,1.401768953068592,0.0,0.0,7.007648922197335,0,0,7.0,19.0,15.0,0.0,10.5,9.0,11.36101083032491,10.0,0.6161423578010804,1.6723863997457897,1.3203050524308866,0.0,0.9242135367016207,0.792183031458532,0,0,0,0,0,0,5,21,20
FOODS_3_274,FOODS_3,TX_3,TX,2016-05-21,11617,1.5,1.5,1.5,1.3484476534296028,0.0,0.0,11.239023345470127,0,0,4.0,2.0,2.0,0.0,3.75,3.3076923076923075,6.231046931407942,4.0,0.641946697566628,0.320973348783314,0.320973348783314,0.0,0.6018250289687138,0.530840538372404,0,0,0,0,0,0,5,21,20
FOODS_3_274,FOODS_3,WI_1,WI,2016-05-21,11617,1.5,1.5,1.5,1.378158844765343,0.0,0.0,8.840864440078581,0,0,19.0,27.0,24.0,0.0,24.75,25.846153846153847,25.187725631768952,25.0,0.7543356743586068,1.0719506951411781,0.9528450623477139,0.0,0.9826214705460801,1.0261408363744613,0,0,0,0,0,0,5,21,20
FOODS_3_274,FOODS_3,WI_2,WI,2016-05-21,11617,1.5,1.5,1.5,1.4064622641509434,0.0,0.0,6.650568467652677,0,0,10.0,7.0,4.0,0.0,10.0,8.384615384615385,9.056603773584905,9.0,1.1041666666666667,0.7729166666666667,0.44166666666666665,0.0,1.1041666666666667,0.9258012820512821,0,0,0,0,0,0,5,21,20
FOODS_3_274,FOODS_3,WI_3,WI,2016-05-21,11617,1.5,1.5,1.5,1.3640433212996388,0.0,0.0,9.967181875926334,0,0,15.0,17.0,13.0,0.0,13.25,16.307692307692307,13.548736462093864,13.0,1.1071143085531574,1.2547295496935784,0.9594990674127364,0.0,0.9779509725552891,1.2036319662218942,0,0,0,0,0,0,5,21,20
FOODS_3_281,FOODS_3,CA_1,CA,2016-05-21,11617,1.25,1.25,1.25,1.223804347826087,0.0,0.0,2.140509814370727,0,0,90.0,74.0,74.0,65.0,76.25,69.3076923076923,84.1159420289855,74.0,1.0699517574086836,0.87973811164714,0.87973811164714,0.7727429359062716,0.9064869055823571,0.823954302072841,0,0,0,0,0,0,5,21,20
FOODS_3_281,FOODS_3,CA_2,CA,2016-05-21,11617,1.25,1.25,1.25,1.2244565217391303,0.0,0.0,2.086107412339112,0,0,55.0,63.0,52.0,25.0,55.25,60.38461538461539,44.03623188405797,38.0,1.248971532005924,1.430640118479513,1.1808458120783283,0.5677143327299655,1.2546486753332238,1.3712484652093013,0,0,0,0,0,0,5,21,20
FOODS_3_281,FOODS_3,CA_3,CA,2016-05-21,11617,1.25,1.25,1.25,1.165036231884058,0.0,0.0,7.292800497589805,0,0,85.0,123.0,92.0,78.0,105.75,113.15384615384616,173.30072463768116,110.5,0.490476887374297,0.709748907612218,0.5308691016286509,0.45008467311994316,0.610210951056846,0.6529334853643357,0,0,0,0,0,0,5,21,20
FOODS_3_281,FOODS_3,CA_4,CA,2016-05-21,11617,1.25,1.25,1.25,1.224927536231884,0.0,0.0,2.0468528159015578,0,0,52.0,60.0,58.0,36.0,49.25,50.84615384615385,42.20289855072464,44.5,1.232142857142857,1.4217032967032965,1.3743131868131868,0.853021978021978,1.166981456043956,1.2048024091293321,0,0,0,0,0,0,5,21,20
FOODS_3_281,FOODS_3,TX_1,TX,2016-05-21,11617,1.25,1.25,1.25,1.202608695652174,0.0,0.0,3.9407086044830018,0,0,24.0,27.0,18.0,29.0,22.5,21.923076923076923,21.91304347826087,20.0,1.0952380952380951,1.232142857142857,0.8214285714285714,1.3234126984126984,1.0267857142857142,1.0004578754578755,0,0,0,0,0,0,5,21,20
FOODS_3_281,FOODS_3,TX_2,TX,2016-05-21,11617,1.25,1.25,1.25,1.207427536231884,0.0,0.0,3.525881470367594,0,0,30.0,34.0,32.0,34.0,32.75,30.76923076923077,38.916666666666664,31.5,0.7708779443254818,0.8736616702355461,0.822269807280514,0.8736616702355461,0.841541755888651,0.7906440454620327,0,0,0,0,0,0,5,21,20
FOODS_3_281,FOODS_3,TX_3,TX,2016-05-21,11617,1.25,1.25,1.25,1.2060869565217391,0.0,0.0,3.640951694304253,0,0,31.0,26.0,38.0,17.0,40.0,38.84615384615385,42.43840579710145,31.0,0.7304704174848459,0.6126526082130965,0.8954153504652949,0.4005805515239477,0.9425424741739946,0.9153537489574372,0,0,0,0,0,0,5,21,20
FOODS_3_281,FOODS_3,WI_1,WI,2016-05-21,11617,1.25,1.25,1.25,1.2340794223826714,0.0,0.0,1.2900772291130393,0,0,46.0,38.0,49.0,35.0,52.0,47.92307692307692,29.28519855595668,30.0,1.570759368836292,1.2975838264299802,1.6732001972386588,1.1951429980276134,1.7756410256410255,1.6364265665301168,0,0,0,0,0,0,5,21,20
FOODS_3_281,FOODS_3,WI_2,WI,2016-05-21,11617,1.25,1.25,1.25,1.2359927797833936,0.0,0.0,1.1332768642112243,0,0,102.0,69.0,92.0,51.0,92.75,105.53846153846153,76.4404332129964,72.0,1.3343723434400678,0.9026636440918107,1.2035515254557476,0.6671861717200339,1.2133630868045715,1.3806627867268273,0,0,0,0,0,0,5,21,20
FOODS_3_281,FOODS_3,WI_3,WI,2016-05-21,11617,1.25,1.25,1.25,1.211841155234657,0.0,0.0,3.1488322211630093,0,0,78.0,54.0,32.0,25.0,67.25,56.0,94.88086642599278,47.0,0.8220835552849859,0.5691347690434518,0.3372650483220455,0.2634883190015981,0.7087835781142988,0.5902138345635797,0,0,0,0,0,0,5,21,20
FOODS_3_285,FOODS_3,CA_1,CA,2016-05-21,11617,1.25,1.25,1.25,1.223804347826087,0.0,0.0,2.140509814370727,0,0,33.0,18.0,24.0,34.0,25.0,26.76923076923077,34.63768115942029,31.5,0.9527196652719665,0.5196652719665272,0.6928870292887029,0.9815899581589959,0.7217573221757322,0.7728355326681687,0,0,0,0,0,0,5,21,20
FOODS_3_285,FOODS_3,CA_2,CA,2016-05-21,11617,1.25,1.25,1.25,1.2244565217391303,0.0,0.0,2.086107412339112,0,0,18.0,42.0,34.0,20.0,25.5,26.307692307692307,17.753623188405797,17.5,1.013877551020408,2.3657142857142857,1.9151020408163266,1.126530612244898,1.436326530612245,1.4818210361067503,0,0,0,0,0,0,5,21,20
FOODS_3_285,FOODS_3,CA_3,CA,2016-05-21,11617,1.25,1.25,1.25,1.1367391304347827,0.0,0.0,9.963664180531643,0,0,41.0,30.0,41.0,39.0,30.0,32.23076923076923,35.8731884057971,34.0,1.1429148570851428,0.8362791637208363,1.1429148570851428,1.0871629128370872,0.8362791637208363,0.8984640246128985,0,0,0,0,0,0,5,21,20
FOODS_3_285,FOODS_3,CA_4,CA,2016-05-21,11617,1.25,1.25,1.25,1.2253623188405798,0.0,0.0,2.0106445890005857,0,0,20.0,18.0,13.0,14.0,17.0,18.692307692307693,21.63768115942029,22.5,0.9243134628265238,0.8318821165438715,0.6008037508372405,0.6470194239785667,0.7856664434025452,0.8638775825647896,0,0,0,0,0,0,5,21,20
FOODS_3_285,FOODS_3,TX_1,TX,2016-05-21,11617,1.25,1.25,1.25,1.2019202898550725,0.0,0.0,4.000241159979499,0,0,3.0,3.0,9.0,3.0,3.25,4.615384615384615,6.518115942028985,6.0,0.46025569760978324,0.46025569760978324,1.3807670928293496,0.46025569760978324,0.49861033907726515,0.7080856886304356,0,0,0,0,0,0,5,21,20
FOODS_3_285,FOODS_3,TX_2,TX,2016-05-21,11617,0.88,1.25,1.25,1.202391304347826,-29.599999999999998,-29.599999999999998,-26.812511299945758,1,0,6.0,7.0,8.0,9.0,6.75,10.153846153846153,12.141304347826088,10.0,0.4941808415398388,0.576544315129812,0.6589077887197851,0.7412712623097583,0.5559534467323187,0.836306039528958,0,0,0,0,0,0,5,21,20
FOODS_3_285,FOODS_3,TX_3,TX,2016-05-21,11617,1.25,1.25,1.25,1.2043478260869565,0.0,0.0,3.7906137184115583,0,0,7.0,10.0,5.0,3.0,8.5,6.3076923076923075,9.952898550724637,8.0,0.7033127047688388,1.0047324353840554,0.5023662176920277,0.30141973061521665,0.8540225700764471,0.6337543053960965,0,0,0,0,0,0,5,21,20
FOODS_3_285,FOODS_3,WI_1,WI,2016-05-21,11617,1.25,1.25,1.25,1.2344404332129963,0.0,0.0,1.260455050593675,0,0,18.0,31.0,19.0,10.0,27.5,24.692307692307693,19.577617328519857,20.0,0.9194172966992439,1.58344089987092,0.9704960354047575,0.5107873870551355,1.4046653144016226,1.261251932651527,0,0,0,0,0,0,5,21,20
FOODS_3_285,FOODS_3,WI_2,WI,2016-05-21,11617,1.25,1.25,1.25,1.2359927797833936,0.0,0.0,1.1332768642112243,0,0,17.0,22.0,39.0,13.0,25.0,30.23076923076923,20.20216606498195,22.0,0.841493924231594,1.0889921372408864,1.9304860614724804,0.6434953538241601,1.237491065046462,1.4964122725023368,0,0,0,0,0,0,5,21,20
FOODS_3_285,FOODS_3,WI_3,WI,2016-05-21,11617,1.25,1.25,1.25,1.2343321299638987,0.0,0.0,1.2693398847650113,0,0,15.0,20.0,11.0,8.0,14.0,15.692307692307692,17.24548736462094,15.0,0.8697927569604355,1.1597236759472471,0.637848021770986,0.4638894703788989,0.811806573163073,0.909937038050917,0,0,0,0,0,0,5,21,20
FOODS_3_295,FOODS_3,CA_1,CA,2016-05-21,11617,0.8,0.8,0.8,0.8181949458483755,0.0,0.0,-2.223791034239321,0,0,188.0,122.0,151.0,104.0,151.0,174.23076923076923,103.37184115523466,96.0,1.8186770971572255,1.1802053502828804,1.460745966333729,1.0060766920444226,1.460745966333729,1.6854761150004565,0,0,0,0,0,0,5,21,20
FOODS_3_295,FOODS_3,CA_2,CA,2016-05-21,11617,0.8,0.8,0.8,0.8178339350180506,0.0,0.0,-2.1806303522556707,0,0,50.0,43.0,52.0,57.0,47.0,46.61538461538461,43.36101083032491,44.0,1.1531096494879693,0.9916742985596537,1.1992340354674882,1.314545000416285,1.0839230705186913,1.0750529962918607,0,0,0,0,0,0,5,21,20
FOODS_3_295,FOODS_3,CA_3,CA,2016-05-21,11617,0.8,0.8,0.8,0.8064259927797833,0.0,0.0,-0.7968484197331767,0,0,100.0,118.0,178.0,91.0,103.0,126.46153846153847,127.64259927797833,130.0,0.7834375088384196,0.9244562604293352,1.3945187657323868,0.7129281330429618,0.8069406341035722,0.9907471265618168,0,0,0,0,0,0,5,21,20
FOODS_3_295,FOODS_3,CA_4,CA,2016-05-21,11617,0.8,0.8,0.8,0.8175451263537906,0.0,0.0,-2.1460743619182145,0,0,37.0,35.0,49.0,38.0,39.5,38.07692307692308,46.9927797833935,49.0,0.7873549973112084,0.7447952677268188,1.0427133748175463,0.8086348621034033,0.8405546592916955,0.810271774779726,0,0,0,0,0,0,5,21,20
FOODS_3_295,FOODS_3,TX_1,TX,2016-05-21,11617,0.8,0.8,0.8,0.8149097472924188,0.0,0.0,-1.8296194568732569,0,0,230.0,56.0,134.0,24.0,99.75,75.76923076923077,52.021660649819495,49.0,4.421235253296322,1.0764746703678,2.575850104094379,0.46134628730048577,1.917470506592644,1.4564938877915978,0,0,0,0,0,0,5,21,20
FOODS_3_295,FOODS_3,TX_2,TX,2016-05-21,11617,0.8,0.8,0.8,0.8170036101083032,0.0,0.0,-2.0812160311077665,0,0,101.0,74.0,185.0,59.0,76.5,92.38461538461539,113.89169675090253,102.0,0.8868074045898314,0.6497400786103715,1.6243501965259288,0.5180360086217827,0.671690756941803,0.811161990032283,0,0,0,0,0,0,5,21,20
FOODS_3_295,FOODS_3,TX_3,TX,2016-05-21,11617,0.8,0.8,0.8,0.8094584837545127,0.0,0.0,-1.1684952279011684,0,0,57.0,26.0,48.0,82.0,45.75,48.0,56.44043321299639,55.0,1.0099142893693234,0.46066265830881414,0.8504541384162723,1.4528591531277983,0.8105891006780095,0.8504541384162723,0,0,0,0,0,0,5,21,20
FOODS_3_295,FOODS_3,WI_1,WI,2016-05-21,11617,0.8,0.8,0.8,0.8176895306859205,0.0,0.0,-2.163355408388511,0,0,70.0,67.0,52.0,97.0,64.75,61.76923076923077,66.66064981949458,61.0,1.0500947738965611,1.0050907121581372,0.7800704034660169,1.4551313295423776,0.971337665854319,0.9266220916911413,0,0,0,0,0,0,5,21,20
FOODS_3_295,FOODS_3,WI_2,WI,2016-05-21,11617,0.8,0.8,0.8,0.8179783393501806,0.0,0.0,-2.1978991967517056,0,0,44.0,44.0,51.0,23.0,46.25,49.23076923076923,54.021660649819495,43.0,0.8144881047848169,0.8144881047848169,0.944065757818765,0.42575514568297246,0.8561380646885859,0.9113153619969979,0,0,0,0,0,0,5,21,20
FOODS_3_295,FOODS_3,WI_3,WI,2016-05-21,11617,0.8,0.8,0.8,0.8186281588447654,0.0,0.0,-2.2755336038101928,0,0,63.0,96.0,83.0,27.0,90.5,90.3076923076923,75.0072202166065,67.0,0.8399191413582326,1.2798767868315926,1.1065601386148145,0.35996534629638544,1.2065505125860325,1.203986656843181,0,0,0,0,0,0,5,21,20
FOODS_3_318,FOODS_3,CA_1,CA,2016-05-21,11617,1.48,1.48,1.48,1.3190613718411552,0.0,0.0,12.200996223110185,0,0,87.0,76.0,107.0,77.0,84.25,86.46153846153847,118.91696750902527,101.0,0.7316029143897996,0.6391013964784457,0.8997874924104432,0.6475106253794779,0.7084775349119612,0.7270748680584747,0,0,0,0,0,0,5,21,20
FOODS_3_318,FOODS_3,CA_2,CA,2016-05-21,11617,1.48,1.48,1.48,1.3204332129963898,0.0,0.0,12.084426946631675,0,0,88.0,85.0,164.0,20.0,77.75,87.46153846153847,63.31768953068592,68.0,1.389816979303267,1.3424368550088375,2.5901134614288157,0.31586749529619707,1.227934887963966,1.381312854429908,0,0,0,0,0,0,5,21,20
FOODS_3_318,FOODS_3,CA_3,CA,2016-05-21,11617,1.48,1.48,1.48,1.2973646209386283,0.0,0.0,14.077413250966961,0,0,137.0,128.0,203.0,95.0,142.0,160.76923076923077,163.34657039711192,164.0,0.8387075386213451,0.7836099630914757,1.2427564258403871,0.5815855194819546,0.8693173028046058,0.984221648354077,0,0,0,0,0,0,5,21,20
FOODS_3_318,FOODS_3,CA_4,CA,2016-05-21,11617,1.48,1.48,1.48,1.3174007220216608,0.0,0.0,12.342431217801147,0,0,54.0,61.0,49.0,50.0,62.75,63.61538461538461,53.82310469314079,58.0,1.0032866054061307,1.1333422764772956,0.9103896974981556,0.9289690790797506,1.165856194245087,1.1819345052291594,0,0,0,0,0,0,5,21,20
FOODS_3_318,FOODS_3,TX_1,TX,2016-05-21,11617,1.48,1.48,1.48,1.3135740072202167,0.0,0.0,12.669708129500352,0,0,56.0,77.0,67.0,28.0,67.5,60.0,45.808664259927795,46.0,1.2224761604539365,1.6809047206241627,1.4626054062573883,0.6112380802269682,1.473520371975727,1.3097958862006462,0,0,0,0,0,0,5,21,20
FOODS_3_318,FOODS_3,TX_2,TX,2016-05-21,11617,1.48,1.48,1.48,1.3194223826714802,0.0,0.0,12.170296596256975,0,0,55.0,54.0,50.0,62.0,53.0,54.76923076923077,56.08303249097473,52.0,0.9806887672996459,0.9628580624396523,0.8915352429996781,1.105503701319601,0.9450273575796588,0.976573989255032,0,0,0,0,0,0,5,21,20
FOODS_3_318,FOODS_3,TX_3,TX,2016-05-21,11617,1.48,1.48,1.48,1.312418772563177,0.0,0.0,12.768883754194846,0,0,81.0,75.0,47.0,22.0,73.5,64.92307692307692,52.938628158844764,49.0,1.5300736497545009,1.416734860883797,0.8878205128205129,0.4155755591925805,1.3884001636661212,1.2263838180368458,0,0,0,0,0,0,5,21,20
FOODS_3_318,FOODS_3,WI_1,WI,2016-05-21,11617,1.48,1.48,1.48,1.3307581227436824,0.0,0.0,11.214801150236003,0,0,90.0,109.0,123.0,74.0,94.25,94.84615384615384,71.10108303249098,79.0,1.2658035034272659,1.533028687484133,1.72993145468393,1.0407717694846408,1.3255775577557756,1.3339621536118107,0,0,0,0,0,0,5,21,20
FOODS_3_318,FOODS_3,WI_2,WI,2016-05-21,11617,1.48,1.48,1.48,1.3311191335740071,0.0,0.0,11.184638750271214,0,0,203.0,213.0,241.0,123.0,221.25,226.46153846153845,129.18772563176896,134.0,1.5713567137068605,1.6487634483722229,1.8655023054352382,0.9521028363839598,1.7126240044711472,1.752964821960211,0,0,0,0,0,0,5,21,20
FOODS_3_318,FOODS_3,WI_3,WI,2016-05-21,11617,1.48,1.48,1.48,1.315956678700361,0.0,0.0,12.465708328761115,0,0,173.0,173.0,172.0,79.0,191.75,179.23076923076923,200.25631768953068,171.0,0.863892844909953,0.863892844909953,0.8588992446503579,0.3944944205080132,0.9575228497773612,0.8950068157581994,0,0,0,0,0,0,5,21,20
FOODS_3_319,FOODS_3,CA_1,CA,2016-05-21,11617,1.0,1.0,1.0,1.0,0.0,0.0,0.0,0,0,0.0,0.0,82.0,0.0,0.0,29.692307692307693,102.64981949458483,83.0,0.0,0.0,0.798832383765914,0.0,0.0,0.2892582552848432,0,0,0,0,0,0,5,21,20
FOODS_3_319,FOODS_3,CA_2,CA,2016-05-21,11617,0.88,0.88,1.0,0.9995604395604395,0.0,-12.0,-11.961301671064199,0,0,0.0,0.0,173.0,0.0,1.0,69.61538461538461,78.97802197802197,69.0,0.0,0.0,2.1904828161959093,0.0,0.012661750382635315,0.8814526227911508,0,0,0,0,0,0,5,21,20
FOODS_3_319,FOODS_3,CA_3,CA,2016-05-21,11617,0.88,0.88,0.88,0.9873913043478261,0.0,0.0,-10.876265962131217,0,0,2.0,0.0,105.0,0.0,0.5,52.53846153846154,169.34057971014494,154.0,0.011810518207882236,0.0,0.6200522059138174,0.0,0.002952629551970559,0.3102532283070603,0,0,0,0,0,0,5,21,20
FOODS_3_319,FOODS_3,CA_4,CA,2016-05-21,11617,1.0,1.0,1.0,1.0023826714801445,0.0,0.0,-0.23770078513290416,0,0,0.0,0.0,24.0,0.0,0.0,9.23076923076923,51.86642599277978,47.0,0.0,0.0,0.46272708289830866,0.0,0.0,0.1779719549608879,0,0,0,0,0,0,5,21,20
FOODS_3_319,FOODS_3,TX_1,TX,2016-05-21,11617,0.94,0.94,0.94,0.9413718411552346,0.0,0.0,-0.14572787237306778,0,0,0.0,0.0,5.0,0.0,0.0,9.76923076923077,55.765342960288805,45.0,0.0,0.0,0.08966142293001877,0.0,0.0,0.17518462634019055,0,0,0,0,0,0,5,21,20
FOODS_3_319,FOODS_3,TX_2,TX,2016-05-21,11617,0.94,0.94,0.94,0.9416245487364621,0.0,0.0,-0.17252616646858354,0,0,0.0,0.0,3.0,0.0,0.0,22.53846153846154,70.85198555956678,54.0,0.0,0.0,0.04234179150107001,0.0,0.0,0.31810627973880806,0,0,0,0,0,0,5,21,20
FOODS_3_319,FOODS_3,TX_3,TX,2016-05-21,11617,0.94,0.94,0.94,0.9776173285198556,0.0,0.0,-3.84785819793206,0,0,0.0,0.0,17.0,0.0,0.0,15.0,65.31407942238268,37.0,0.0,0.0,0.2602807870882158,0.0,0.0,0.2296595180190139,0,0,0,0,0,0,5,21,20
FOODS_3_319,FOODS_3,WI_1,WI,2016-05-21,11617,0.94,0.94,0.94,0.983610108303249,0.0,0.0,-4.433678338104674,0,0,0.0,0.0,47.0,0.0,0.0,22.76923076923077,53.51624548736462,44.0,0.0,0.0,0.8782379924446843,0.0,0.0,0.4254639046867865,0,0,0,0,0,0,5,21,20
FOODS_3_319,FOODS_3,WI_2,WI,2016-05-21,11617,0.94,0.94,0.94,0.983971119133574,0.0,0.0,-4.46874082770767,0,0,0.0,0.0,10.0,0.0,0.0,12.461538461538462,38.942238267148014,34.0,0.0,0.0,0.2567905812552146,0.0,0.0,0.32000057048726743,0,0,0,0,0,0,5,21,20
FOODS_3_319,FOODS_3,WI_3,WI,2016-05-21,11617,0.94,0.94,0.94,0.979927797833935,0.0,0.0,-4.0745652814618385,0,0,0.0,0.0,51.0,0.0,0.0,28.53846153846154,66.74007220216606,51.0,0.0,0.0,0.7641585979336831,0.0,0.0,0.42760609326304144,0,0,0,0,0,0,5,21,20
FOODS_3_324,FOODS_3,CA_1,CA,2016-05-21,11617,3.0,3.0,3.0,3.147364620938628,0.0,0.0,-4.682159161294761,0,0,112.0,80.0,0.0,60.0,97.5,33.07692307692308,53.51263537906137,54.0,2.0929636375902314,1.4949740268501652,0.0,1.121230520137624,1.821999595223639,0.6181142611015107,0,0,0,0,0,0,5,21,20
FOODS_3_324,FOODS_3,CA_2,CA,2016-05-21,11617,3.0,3.0,3.0,3.1348014440433216,0.0,0.0,-4.300158923923818,0,0,48.0,45.0,0.0,13.0,40.0,13.692307692307692,16.96028880866426,16.0,2.8301404853128993,2.653256704980843,0.0,0.7664963814389102,2.358450404427416,0.8073157153616923,0,0,0,0,0,0,5,21,20
FOODS_3_324,FOODS_3,CA_3,CA,2016-05-21,11617,3.0,3.0,2.5,3.1104693140794226,0.0,20.0,-3.5515320334261915,0,0,64.0,59.0,5.0,23.0,58.75,25.384615384615383,36.26353790613718,37.0,1.7648581383773023,1.6269785963165755,0.13787954206072675,0.634245893479343,1.6200846192135392,0.7000038289236896,0,0,0,0,0,0,5,21,20
FOODS_3_324,FOODS_3,CA_4,CA,2016-05-21,11617,3.0,3.0,3.0,3.150974729241877,0.0,0.0,-4.791365917371266,0,0,31.0,46.0,0.0,23.0,36.25,12.23076923076923,17.971119133574007,18.0,1.7249899558055444,2.5596625150662917,0.0,1.2798312575331459,2.017125351546806,0.680579163704917,0,0,0,0,0,0,5,21,20
FOODS_3_324,FOODS_3,TX_1,TX,2016-05-21,11617,3.0,3.0,3.0,3.125018050541516,0.0,0.0,-4.000554509432433,0,0,8.0,16.0,0.0,14.0,11.25,4.461538461538462,11.155234657039712,11.0,0.7171521035598705,1.434304207119741,0.0,1.2550161812297733,1.008495145631068,0.39995021160069705,0,0,0,0,0,0,5,21,20
FOODS_3_324,FOODS_3,TX_2,TX,2016-05-21,11617,3.0,3.0,3.0,3.1488447653429605,0.0,0.0,-4.726964218153476,0,0,22.0,30.0,0.0,27.0,27.25,9.153846153846153,24.888086642599276,25.0,0.8839570641137221,1.205395996518712,0.0,1.0848563968668408,1.0949013635044966,0.3678003168864788,0,0,0,0,0,0,5,21,20
FOODS_3_324,FOODS_3,TX_3,TX,2016-05-21,11617,3.0,3.0,3.0,3.1427436823104693,0.0,0.0,-4.542008408573988,0,0,25.0,34.0,0.0,27.0,30.75,9.923076923076923,15.205776173285198,15.0,1.6441120607787276,2.2359924026590696,0.0,1.7756410256410258,2.022257834757835,0.6525860179706334,0,0,0,0,0,0,5,21,20
FOODS_3_324,FOODS_3,WI_1,WI,2016-05-21,11617,3.0,3.0,3.0,2.9920855614973263,0.0,0.0,0.2645124392336257,0,0,134.0,145.0,0.0,127.0,134.25,45.46153846153846,62.893048128342244,52.0,2.130601139358898,2.3055012328883597,0.0,2.0193010798401496,2.1345761414845676,0.7228388480833001,0,0,0,0,0,0,5,21,20
FOODS_3_324,FOODS_3,WI_2,WI,2016-05-21,11617,3.0,3.0,3.0,2.992173913043478,0.0,0.0,0.26155187445511213,0,0,25.0,33.0,0.0,30.0,28.0,9.538461538461538,20.190217391304348,21.0,1.2382234185733514,1.6344549125168237,0.0,1.4858681022880216,1.3868102288021535,0.47242985816337096,0,0,0,0,0,0,5,21,20
FOODS_3_324,FOODS_3,WI_3,WI,2016-05-21,11617,3.0,3.0,3.0,2.992021276595745,0.0,0.0,0.2666666666666629,0,0,37.0,37.0,0.0,20.0,37.0,12.076923076923077,23.585106382978722,25.0,1.5687866486242672,1.5687866486242672,0.0,0.8479927830401444,1.5687866486242672,0.5120571805280871,0,0,0,0,0,0,5,21,20
FOODS_3_339,FOODS_3,CA_1,CA,2016-05-21,11617,0.8,0.8,0.8,0.8192057761732853,0.0,0.0,-2.3444385686585614,0,0,43.0,48.0,33.0,31.0,39.25,48.07692307692308,26.48014440433213,26.0,1.623858214042263,1.812678936605317,1.2462167689161554,1.1706884798909338,1.4822426721199728,1.815583870798595,0,0,0,0,0,0,5,21,20
FOODS_3_339,FOODS_3,CA_2,CA,2016-05-21,11617,0.8,0.8,0.8,0.8190613718411552,0.0,0.0,-2.3272214386459753,0,0,45.0,43.0,55.0,13.0,43.75,42.30769230769231,18.187725631768952,16.0,2.4741961095672886,2.364231838030965,3.0240174672489086,0.7147677649861056,2.4054684398570862,2.3261672824991604,0,0,0,0,0,0,5,21,20
FOODS_3_339,FOODS_3,CA_3,CA,2016-05-21,11617,0.8,0.8,0.8,0.8105415162454874,0.0,0.0,-1.3005522893283468,0,0,43.0,47.0,72.0,41.0,47.0,49.15384615384615,33.92057761732852,34.0,1.2676670923797362,1.385589612601107,2.1226053639846745,1.2087058322690507,1.385589612601107,1.4490863542587682,0,0,0,0,0,0,5,21,20
FOODS_3_339,FOODS_3,CA_4,CA,2016-05-21,11617,0.8,0.8,0.8,0.81985559566787,0.0,0.0,-2.4218405988551237,0,0,21.0,31.0,23.0,20.0,25.0,21.384615384615383,20.061371841155236,22.0,1.0467878351628577,1.5452582328594564,1.1464819147021774,0.9969407953931977,1.2461759942414972,1.0659597735358037,0,0,0,0,0,0,5,21,20
FOODS_3_339,FOODS_3,TX_1,TX,2016-05-21,11617,0.8,0.8,0.8,0.8097472924187726,0.0,0.0,-1.2037449843959016,0,0,5.0,9.0,8.0,10.0,8.5,10.307692307692308,7.2888086642599275,6.0,0.6859831599801882,1.2347696879643388,1.0975730559683012,1.3719663199603764,1.16617137196632,1.4141806682668496,0,0,0,0,0,0,5,21,20
FOODS_3_339,FOODS_3,TX_2,TX,2016-05-21,11617,0.8,0.8,0.8,0.8148736462093863,0.0,0.0,-1.8252702463228738,0,0,21.0,10.0,25.0,13.0,14.0,18.615384615384617,14.252707581227437,13.0,1.4734042553191489,0.7016210739614995,1.7540526849037488,0.9121073961499493,0.9822695035460993,1.306094614605253,0,0,0,0,0,0,5,21,20
FOODS_3_339,FOODS_3,TX_3,TX,2016-05-21,11617,0.8,0.8,0.8,0.8098555956678701,0.0,0.0,-1.21695716132484,0,0,12.0,9.0,3.0,8.0,9.25,8.846153846153847,9.729241877256317,9.0,1.2333951762523192,0.9250463821892394,0.3083487940630798,0.8222634508348794,0.9507421150278293,0.9092336235193379,0,0,0,0,0,0,5,21,20
FOODS_3_339,FOODS_3,WI_1,WI,2016-05-21,11617,0.8,0.8,0.8,0.8194223826714803,0.0,0.0,-2.370252885716812,0,0,56.0,67.0,28.0,127.0,55.75,55.07692307692308,37.104693140794225,32.0,1.5092430433936563,1.8057014983459816,0.7546215216968282,3.422747616267756,1.502505351235649,1.4843654108102444,0,0,0,0,0,0,5,21,20
FOODS_3_339,FOODS_3,WI_2,WI,2016-05-21,11617,0.8,0.8,0.8,0.8190613718411552,0.0,0.0,-2.3272214386459753,0,0,17.0,11.0,21.0,15.0,17.5,17.23076923076923,14.823104693140793,15.0,1.146858256210424,0.7420847540185095,1.4167072576717,1.0119337554797858,1.1805893813930834,1.1624264678331897,0,0,0,0,0,0,5,21,20
FOODS_3_339,FOODS_3,WI_3,WI,2016-05-21,11617,0.8,0.8,0.8,0.8182671480144404,0.0,0.0,-2.232418600547071,0,0,34.0,33.0,33.0,21.0,31.5,34.15384615384615,26.48014440433213,25.0,1.2839809134287663,1.2462167689161554,1.2462167689161554,0.7930470347648262,1.1895705521472393,1.2897907818153216,0,0,0,0,0,0,5,21,20
FOODS_3_348,FOODS_3,CA_1,CA,2016-05-21,11617,0.8,0.8,0.8,0.8192057761732853,0.0,0.0,-2.3444385686585614,0,0,51.0,38.0,49.0,46.0,41.25,50.76923076923077,41.588447653429604,44.0,1.2263020833333333,0.9137152777777777,1.1782118055555555,1.106076388888889,0.9918619791666666,1.220753205128205,0,0,0,0,0,0,5,21,20
FOODS_3_348,FOODS_3,CA_2,CA,2016-05-21,11617,0.8,0.8,0.8,0.8191335740072202,0.0,0.0,-2.3358307624504113,0,0,18.0,27.0,25.0,14.0,27.25,24.692307692307693,25.057761732851986,26.0,0.7183402967872065,1.0775104451808097,0.9976948566488978,0.5587091197233828,1.0874873937472986,0.985415535336296,0,0,0,0,0,0,5,21,20
FOODS_3_348,FOODS_3,CA_3,CA,2016-05-21,11617,0.8,0.8,0.8,0.8117689530685921,0.0,0.0,-1.4497909810548772,0,0,72.0,49.0,58.0,68.0,61.25,70.3076923076923,84.83032490974729,88.0,0.8487530853689675,0.5776236275427696,0.6837177632138906,0.8016001361818027,0.7220295344284621,0.8288037607128593,0,0,0,0,0,0,5,21,20
FOODS_3_348,FOODS_3,CA_4,CA,2016-05-21,11617,0.8,0.8,0.8,0.8189891696750903,0.0,0.0,-2.318610596843866,0,0,44.0,23.0,23.0,24.0,25.5,21.615384615384617,21.6028880866426,22.0,2.036764705882353,1.0646724598930482,1.0646724598930482,1.1109625668449197,1.1803977272727273,1.0005784656519952,0,0,0,0,0,0,5,21,20
FOODS_3_348,FOODS_3,TX_1,TX,2016-05-21,11617,0.8,0.8,0.8,0.8076895306859206,0.0,0.0,-0.952040405846335,0,0,12.0,22.0,21.0,21.0,18.75,18.46153846153846,26.407942238267147,26.0,0.45440874914559126,0.8330827067669173,0.7952153110047847,0.7952153110047847,0.7100136705399863,0.6990903833009096,0,0,0,0,0,0,5,21,20
FOODS_3_348,FOODS_3,TX_2,TX,2016-05-21,11617,0.8,0.8,0.8,0.8120938628158846,0.0,0.0,-1.489219826628147,0,0,36.0,49.0,23.0,35.0,49.25,29.0,51.42599277978339,44.0,0.7000351000351,0.9528255528255528,0.44724464724464724,0.6805896805896806,0.9576869076869077,0.563917163917164,0,0,0,0,0,0,5,21,20
FOODS_3_348,FOODS_3,TX_3,TX,2016-05-21,11617,0.8,0.8,0.8,0.808158844765343,0.0,0.0,-1.009559546144918,0,0,45.0,38.0,17.0,30.0,43.0,32.69230769230769,34.375451263537904,33.0,1.3090737240075616,1.1054400336063852,0.49453896240285655,0.872715816005041,1.2508926696072253,0.9510364661593396,0,0,0,0,0,0,5,21,20
FOODS_3_348,FOODS_3,WI_1,WI,2016-05-21,11617,0.8,0.8,0.8,0.818695652173913,0.0,0.0,-2.2835900159320186,0,0,33.0,35.0,39.0,33.0,39.25,39.69230769230769,36.40217391304348,35.0,0.9065392654523738,0.9614810391161541,1.0713645864437147,0.9065392654523738,1.0782323081516871,1.0903828927119463,0,0,0,0,0,0,5,21,20
FOODS_3_348,FOODS_3,WI_2,WI,2016-05-21,11617,0.8,0.8,0.8,0.8191335740072202,0.0,0.0,-2.3358307624504113,0,0,25.0,30.0,26.0,18.0,27.5,29.153846153846153,31.144404332129962,28.0,0.8027124145125768,0.9632548974150922,0.8348209110930799,0.5779529384490553,0.8829836559638345,0.9360861695392819,0,0,0,0,0,0,5,21,20
FOODS_3_348,FOODS_3,WI_3,WI,2016-05-21,11617,0.8,0.8,0.8,0.8186281588447654,0.0,0.0,-2.2755336038101928,0,0,42.0,65.0,49.0,15.0,49.25,56.84615384615385,45.458483754512635,42.0,0.9239199491740788,1.4298761118170267,1.0779066073697585,0.3299714104193139,1.083406130876747,1.2505070374352458,0,0,0,0,0,0,5,21,20
FOODS_3_351,FOODS_3,CA_1,CA,2016-05-21,11617,0.94,0.94,0.94,1.051552346570397,0.0,0.0,-10.608349354572923,0,0,72.0,43.0,59.0,55.0,61.75,65.53846153846153,71.07581227436823,71.0,1.0130028443722063,0.6049878098334011,0.8300995530272247,0.7738216172287687,0.8687906338886632,0.9220923326977776,0,0,0,0,0,0,5,21,20
FOODS_3_351,FOODS_3,CA_2,CA,2016-05-21,11617,0.94,0.94,0.94,1.0544043321299639,0.0,0.0,-10.850138665388437,0,0,69.0,69.0,39.0,6.0,63.75,55.0,38.631768953068594,33.0,1.7860947574992991,1.7860947574992991,1.0095318194561256,0.1553125876086347,1.6501962433417436,1.4236987197458182,0,0,0,0,0,0,5,21,20
FOODS_3_351,FOODS_3,CA_3,CA,2016-05-21,11617,0.94,0.94,0.94,1.0146570397111914,0.0,0.0,-7.357859531772583,0,0,29.0,54.0,50.0,30.0,47.0,53.61538461538461,57.18050541516246,50.0,0.5071658564303302,0.9443778016288906,0.874423890397121,0.5246543342382726,0.8219584569732937,0.9376514640104512,0,0,0,0,0,0,5,21,20
FOODS_3_351,FOODS_3,CA_4,CA,2016-05-21,11617,0.94,0.94,0.94,1.0713357400722021,0.0,0.0,-12.259064563957407,0,0,43.0,22.0,23.0,13.0,29.75,23.76923076923077,29.03610108303249,29.0,1.4809150814372747,0.7576774835260475,0.7921173691408678,0.4477185129926644,1.0245865970409052,0.8186095888445758,0,0,0,0,0,0,5,21,20
FOODS_3_351,FOODS_3,TX_1,TX,2016-05-21,11617,0.94,0.94,0.94,1.0450541516245488,0.0,0.0,-10.052507945281208,0,0,16.0,16.0,25.0,10.0,16.0,23.23076923076923,13.617328519855596,11.0,1.1749734888653234,1.1749734888653234,1.835896076352068,0.7343584305408272,1.1749734888653234,1.705971123256383,0,0,0,0,0,0,5,21,20
FOODS_3_351,FOODS_3,TX_2,TX,2016-05-21,11617,0.94,0.94,0.94,1.0340794223826715,0.0,0.0,-9.097891355955877,0,0,17.0,9.0,0.0,12.0,10.0,11.846153846153847,17.404332129963898,12.0,0.9767683053308442,0.5171126322339764,0.0,0.6894835096453018,0.5745695913710849,0.6806439774703621,0,0,0,0,0,0,5,21,20
FOODS_3_351,FOODS_3,TX_3,TX,2016-05-21,11617,0.94,0.94,0.94,1.0434296028880865,0.0,0.0,-9.912465833996464,0,0,9.0,9.0,3.0,10.0,12.0,12.923076923076923,8.92057761732852,9.0,1.008903278025091,1.008903278025091,0.33630109267503033,1.121003642250101,1.3452043707001213,1.448681629984746,0,0,0,0,0,0,5,21,20
FOODS_3_351,FOODS_3,WI_1,WI,2016-05-21,11617,0.94,0.94,0.94,1.0449458483754512,0.0,0.0,-10.043185351528765,0,0,19.0,37.0,31.0,18.0,28.0,29.76923076923077,18.36101083032491,18.0,1.034801415650806,2.015139598898938,1.688360204482894,0.980338183248132,1.524970507274872,1.621328533833449,0,0,0,0,0,0,5,21,20
FOODS_3_351,FOODS_3,WI_2,WI,2016-05-21,11617,0.94,0.94,0.94,1.0502166064981948,0.0,0.0,-10.494654704204043,0,0,12.0,1.0,12.0,13.0,8.5,15.076923076923077,13.740072202166065,14.0,0.8733578560168156,0.07277982133473462,0.8733578560168156,0.9461376773515502,0.6186284813452444,1.097295767815999,0,0,0,0,0,0,5,21,20
FOODS_3_351,FOODS_3,WI_3,WI,2016-05-21,11617,0.94,0.94,0.94,1.0512996389891696,0.0,0.0,-10.586861714913631,0,0,39.0,16.0,20.0,9.0,26.75,20.153846153846153,19.75451263537906,18.0,1.9742324561403508,0.8099415204678363,1.0124269005847952,0.4555921052631579,1.3541209795321638,1.020214799820063,0,0,0,0,0,0,5,21,20
FOODS_3_355,FOODS_3,CA_1,CA,2016-05-21,11617,0.94,0.94,0.94,1.0511913357400722,0.0,0.0,-10.577649563843673,0,0,14.0,28.0,39.0,18.0,22.5,23.615384615384617,32.79061371841155,31.0,0.42695144775955085,0.8539028955191017,1.1893647473301774,0.5489375756908511,0.6861719696135639,0.7201873322097918,0,0,0,0,0,0,5,21,20
FOODS_3_355,FOODS_3,CA_2,CA,2016-05-21,11617,0.94,0.94,0.94,1.0540072202166064,0.0,0.0,-10.816550212357857,0,0,37.0,22.0,3.0,1.0,30.0,27.923076923076923,16.03971119133574,16.0,2.3067747017780778,1.371595768624803,0.18703578663065495,0.06234526221021832,1.8703578663065497,1.7408715524853269,0,0,0,0,0,0,5,21,20
FOODS_3_355,FOODS_3,CA_3,CA,2016-05-21,11617,0.94,0.94,0.94,1.0468231046931407,0.0,0.0,-10.204503914198014,0,0,15.0,16.0,27.0,4.0,20.0,22.53846153846154,31.43321299638989,25.0,0.47720225106236364,0.5090157344665212,0.8589640519122546,0.1272539336166303,0.6362696680831516,0.71702697210909,0,0,0,0,0,0,5,21,20
FOODS_3_355,FOODS_3,CA_4,CA,2016-05-21,11617,0.94,0.94,0.94,1.0724187725631769,0.0,0.0,-12.347673870598534,0,0,8.0,9.0,0.0,10.0,5.5,4.615384615384615,18.37184115523466,17.0,0.4354490076635881,0.4898801336215366,0.0,0.5443112595794851,0.2993711927687168,0.25122058134437775,0,0,0,0,0,0,5,21,20
FOODS_3_355,FOODS_3,TX_1,TX,2016-05-21,11617,0.94,0.94,0.94,1.0470036101083031,0.0,0.0,-10.219984828632501,0,0,4.0,11.0,28.0,7.0,9.75,15.384615384615385,10.202166064981949,9.0,0.3920736022646851,1.078202406227884,2.7445152158527955,0.6861288039631989,0.9556794055201699,1.5079753933257118,0,0,0,0,0,0,5,21,20
FOODS_3_355,FOODS_3,TX_2,TX,2016-05-21,11617,0.94,0.94,0.94,1.0368953068592057,0.0,0.0,-9.344753150894785,0,0,7.0,8.0,0.0,7.0,9.0,5.769230769230769,16.111913357400724,11.0,0.4344611248039435,0.4965269997759354,0.0,0.4344611248039435,0.5585928747479273,0.3580723556076457,0,0,0,0,0,0,5,21,20
FOODS_3_355,FOODS_3,TX_3,TX,2016-05-21,11617,0.94,0.94,0.94,1.0428519855595668,0.0,0.0,-9.862567937134358,0,0,10.0,4.0,10.0,10.0,8.25,7.3076923076923075,5.981949458483754,5.0,1.671695835847918,0.6686783343391672,1.671695835847918,1.671695835847918,1.3791490645745323,1.2216238800427093,0,0,0,0,0,0,5,21,20
FOODS_3_355,FOODS_3,WI_1,WI,2016-05-21,11617,0.94,0.94,0.94,1.053682310469314,0.0,0.0,-10.789049919484704,0,0,7.0,19.0,24.0,0.0,15.5,20.23076923076923,13.393501805054152,13.0,0.5226415094339623,1.418598382749326,1.7919137466307278,0.0,1.157277628032345,1.5104913953970558,0,0,0,0,0,0,5,21,20
FOODS_3_355,FOODS_3,WI_2,WI,2016-05-21,11617,0.94,0.94,0.94,1.0502527075812276,0.0,0.0,-10.49773133507495,0,0,12.0,7.0,9.0,9.0,11.5,10.76923076923077,10.173285198555957,9.0,1.1795599716110716,0.6880766501064585,0.8846699787083037,0.8846699787083037,1.1304116394606103,1.058579461702244,0,0,0,0,0,0,5,21,20
FOODS_3_355,FOODS_3,WI_3,WI,2016-05-21,11617,0.94,0.94,0.94,1.0504693140794223,0.0,0.0,-10.516186679496876,0,0,18.0,13.0,10.0,6.0,14.0,14.615384615384615,18.263537906137184,14.0,0.9855702708045068,0.7118007511365883,0.5475390393358371,0.3285234236015023,0.766554655070172,0.8002493651831465,0,0,0,0,0,0,5,21,20
FOODS_3_404,FOODS_3,CA_1,CA,2016-05-21,11617,1.0,1.0,1.0,1.00043321299639,0.0,0.0,-0.043302540415713874,0,0,0.0,0.0,54.0,0.0,0.0,26.923076923076923,52.62093862815885,43.0,0.0,0.0,1.0262074643249177,0.0,0.0,0.511641898167694,0,0,0,0,0,0,5,21,20
FOODS_3_404,FOODS_3,CA_2,CA,2016-05-21,11617,0.88,0.88,1.0,1.0,0.0,-12.0,-12.0,0,0,0.0,0.0,20.0,0.0,0.0,7.0,29.772563176895307,29.0,0.0,0.0,0.6717594276706681,0.0,0.0,0.23511579968473384,0,0,0,0,0,0,5,21,20
FOODS_3_404,FOODS_3,CA_3,CA,2016-05-21,11617,0.88,0.88,0.88,0.987870036101083,0.0,0.0,-10.9194562198509,0,0,1.0,3.0,109.0,0.0,1.25,38.84615384615385,83.38267148014441,76.0,0.011992899510758973,0.03597869853227691,1.307226046672728,0.0,0.014991124388448716,0.4658780194564062,0,0,0,0,0,0,5,21,20
FOODS_3_404,FOODS_3,CA_4,CA,2016-05-21,11617,1.0,1.0,1.0,1.002247191011236,0.0,0.0,-0.22421524663678072,0,0,0.0,0.0,63.0,0.0,0.0,23.53846153846154,21.198501872659175,16.0,0.0,0.0,2.9719081272084806,0.0,0.0,1.1103832563196523,0,0,0,0,0,0,5,21,20
FOODS_3_404,FOODS_3,TX_1,TX,2016-05-21,11617,0.94,0.94,0.94,0.9387364620938627,0.0,0.0,0.13459985386301773,0,0,0.0,0.0,3.0,0.0,0.0,5.923076923076923,27.314079422382672,20.0,0.0,0.0,0.1098334655035686,0.0,0.0,0.21685068830191748,0,0,0,0,0,0,5,21,20
FOODS_3_404,FOODS_3,TX_2,TX,2016-05-21,11617,0.94,0.94,0.94,0.9386642599277978,0.0,0.0,0.14230221914541713,0,0,0.0,0.0,23.0,0.0,0.0,12.461538461538462,60.04693140794224,48.0,0.0,0.0,0.38303372813082426,0.0,0.0,0.20752997978994492,0,0,0,0,0,0,5,21,20
FOODS_3_404,FOODS_3,TX_3,TX,2016-05-21,11617,0.94,0.94,0.94,0.9611191335740072,0.0,0.0,-2.1973481576080913,0,0,0.0,0.0,122.0,0.0,0.0,41.30769230769231,28.454873646209386,15.0,0.0,0.0,4.287490484648567,0.0,0.0,1.451691292721488,0,0,0,0,0,0,5,21,20
FOODS_3_404,FOODS_3,WI_1,WI,2016-05-21,11617,0.94,0.94,0.94,0.9725133689839571,0.0,0.0,-3.343231056856919,0,0,0.0,0.0,89.0,0.0,0.0,38.46153846153846,36.155080213903744,30.0,0.0,0.0,2.4616181038307943,0.0,0.0,1.0637934761585108,0,0,0,0,0,0,5,21,20
FOODS_3_404,FOODS_3,WI_2,WI,2016-05-21,11617,0.94,0.94,0.94,0.983370786516854,0.0,0.0,-4.410420475319934,0,0,0.0,0.0,0.0,0.0,0.0,2.1538461538461537,21.149812734082396,20.0,0.0,0.0,0.0,0.0,0.0,0.10183759926986419,0,0,0,0,0,0,5,21,20
FOODS_3_404,FOODS_3,WI_3,WI,2016-05-21,11617,0.94,0.94,0.94,0.9794945848375451,0.0,0.0,-4.0321391714580646,0,0,0.0,0.0,87.0,0.0,0.0,41.69230769230769,50.46570397111913,39.0,0.0,0.0,1.723943057443308,0.0,0.0,0.8261513148844145,0,0,0,0,0,0,5,21,20
FOODS_3_406,FOODS_3,CA_1,CA,2016-05-21,11617,0.8,0.8,0.8,0.8181227436823105,0.0,0.0,-2.2151619451063467,0,0,149.0,58.0,83.0,112.0,91.75,93.15384615384616,73.34296028880867,67.0,2.031551486513093,0.7908052766292577,1.1316696200039378,1.5270722583185665,1.2509721401850757,1.2701129840822694,0,0,0,0,0,0,5,21,20
FOODS_3_406,FOODS_3,CA_2,CA,2016-05-21,11617,0.8,0.8,0.8,0.8177617328519856,0.0,0.0,-2.171993642945436,0,0,37.0,21.0,47.0,9.0,32.25,35.07692307692308,33.86281588447653,34.0,1.0926439232409382,0.6201492537313433,1.3879530916844351,0.26577825159914714,0.9523720682302772,1.0358536985402658,0,0,0,0,0,0,5,21,20
FOODS_3_406,FOODS_3,CA_3,CA,2016-05-21,11617,0.8,0.8,0.8,0.8184115523465705,0.0,0.0,-2.2496691662990784,0,0,96.0,95.0,199.0,76.0,94.0,113.3076923076923,112.76173285198556,113.0,0.8513526492716504,0.842484392508404,1.7647830958860253,0.6739875140067233,0.8336161357451577,1.0048417086355297,0,0,0,0,0,0,5,21,20
FOODS_3_406,FOODS_3,CA_4,CA,2016-05-21,11617,0.8,0.8,0.8,0.8175451263537906,0.0,0.0,-2.1460743619182145,0,0,36.0,21.0,16.0,48.0,31.0,30.923076923076923,35.0,36.0,1.0285714285714285,0.6,0.45714285714285713,1.3714285714285714,0.8857142857142857,0.8835164835164835,0,0,0,0,0,0,5,21,20
FOODS_3_406,FOODS_3,TX_1,TX,2016-05-21,11617,0.8,0.8,0.8,0.8093862815884477,0.0,0.0,-1.1596788581623578,0,0,23.0,44.0,89.0,25.0,35.5,39.76923076923077,35.03971119133574,33.0,0.6563981042654028,1.2557181125077272,2.5399752730269936,0.7134762002884814,1.0131362044096435,1.134975986305061,0,0,0,0,0,0,5,21,20
FOODS_3_406,FOODS_3,TX_2,TX,2016-05-21,11617,0.8,0.8,0.8,0.8070036101083033,0.0,0.0,-0.8678536279860495,0,0,46.0,29.0,100.0,51.0,46.75,50.46153846153846,63.16606498194946,55.0,0.7282391267074355,0.4591072755329485,1.583128536320512,0.8073955535234612,0.7401125907298394,0.798871015250966,0,0,0,0,0,0,5,21,20
FOODS_3_406,FOODS_3,TX_3,TX,2016-05-21,11617,0.8,0.8,0.8,0.806245487364621,0.0,0.0,-0.7746384274392154,0,0,45.0,28.0,14.0,39.0,34.0,28.53846153846154,37.07942238267148,34.0,1.213611138155973,0.7551358192970499,0.37756790964852494,1.0517963197351767,0.9169506377178464,0.7696576619758394,0,0,0,0,0,0,5,21,20
FOODS_3_406,FOODS_3,WI_1,WI,2016-05-21,11617,0.8,0.8,0.8,0.8181227436823105,0.0,0.0,-2.2151619451063467,0,0,53.0,43.0,41.0,33.0,42.0,40.84615384615385,39.24909747292419,38.0,1.3503495217071375,1.0955665930831493,1.0446100073583517,0.8407836644591611,1.0700883002207504,1.0406902699949057,0,0,0,0,0,0,5,21,20
FOODS_3_406,FOODS_3,WI_2,WI,2016-05-21,11617,0.8,0.8,0.8,0.8164981949458484,0.0,0.0,-2.0206039704646934,0,0,17.0,31.0,26.0,12.0,22.5,29.615384615384617,33.74729241877257,28.0,0.5037441163885322,0.9185922122379118,0.7704321780059905,0.355584082156611,0.6667201540436456,0.8775632796813797,0,0,0,0,0,0,5,21,20
FOODS_3_406,FOODS_3,WI_3,WI,2016-05-21,11617,0.8,0.8,0.8,0.8186281588447654,0.0,0.0,-2.2755336038101928,0,0,55.0,43.0,58.0,44.0,49.0,51.23076923076923,53.761732851985556,50.0,1.0230325006715015,0.7998254096159012,1.0788342734354017,0.8184260005372013,0.9114289551437014,0.952922581045063,0,0,0,0,0,0,5,21,20
FOODS_3_432,FOODS_3,CA_1,CA,2016-05-21,11617,3.98,3.98,3.98,3.9392057761732855,0.0,0.0,1.035595146449642,0,0,4.0,3.0,4.0,0.0,3.5,4.538461538461538,8.99638989169675,7.0,0.4446227929373997,0.33346709470304975,0.4446227929373997,0.0,0.3890449438202247,0.5044758612174343,0,0,0,0,0,0,5,21,20
FOODS_3_432,FOODS_3,CA_2,CA,2016-05-21,11617,3.98,3.98,3.98,4.001227436823104,0.0,0.0,-0.5305231246729175,0,0,7.0,5.0,11.0,0.0,8.0,10.615384615384615,9.061371841155236,7.0,0.7725099601593625,0.5517928286852589,1.2139442231075697,0.0,0.8828685258964143,1.1714986209010112,0,0,0,0,0,0,5,21,20
FOODS_3_432,FOODS_3,CA_3,CA,2016-05-21,11617,3.98,3.98,3.98,3.9209747292418777,0.0,0.0,1.5053723840126563,0,0,10.0,10.0,19.0,0.0,10.75,12.846153846153847,15.84115523465704,11.0,0.6312670920692799,0.6312670920692799,1.1994074749316317,0.0,0.6786121239744759,0.8109354182736134,0,0,0,0,0,0,5,21,20
FOODS_3_432,FOODS_3,CA_4,CA,2016-05-21,11617,3.98,3.98,3.98,3.937400722021661,0.0,0.0,1.081913703628988,0,0,6.0,5.0,6.0,0.0,4.5,5.538461538461538,4.043321299638989,4.0,1.4839285714285715,1.236607142857143,1.4839285714285715,0.0,1.1129464285714286,1.3697802197802198,0,0,0,0,0,0,5,21,20
FOODS_3_432,FOODS_3,TX_1,TX,2016-05-21,11617,3.98,3.98,3.98,3.8973285198555954,0.0,0.0,2.121234577049917,0,0,7.0,12.0,6.0,0.0,12.5,10.923076923076923,18.67148014440433,16.0,0.37490332559938133,0.642691415313225,0.3213457076566125,0.0,0.6694702242846094,0.585013980605628,0,0,0,0,0,0,5,21,20
FOODS_3_432,FOODS_3,TX_2,TX,2016-05-21,11617,3.98,3.98,3.98,3.8851624548736465,0.0,0.0,2.44101877921184,0,0,14.0,16.0,13.0,0.0,14.0,12.384615384615385,17.24548736462094,15.0,0.811806573163073,0.9277789407577978,0.7538203893657107,0.0,0.811806573163073,0.7181365839519492,0,0,0,0,0,0,5,21,20
FOODS_3_432,FOODS_3,TX_3,TX,2016-05-21,11617,3.98,3.98,3.98,3.8820938628158843,0.0,0.0,2.521993044060487,0,0,16.0,12.0,11.0,0.0,21.25,15.23076923076923,22.23826714801444,16.0,0.7194805194805195,0.5396103896103897,0.49464285714285716,0.0,0.955560064935065,0.6848901098901099,0,0,0,0,0,0,5,21,20
FOODS_3_432,FOODS_3,WI_1,WI,2016-05-21,11617,3.98,3.98,3.98,3.8677978339350183,0.0,0.0,2.900931508895063,0,0,4.0,3.0,4.0,0.0,4.25,3.769230769230769,6.469314079422382,5.0,0.6183035714285715,0.4637276785714286,0.6183035714285715,0.0,0.6569475446428572,0.5826322115384616,0,0,0,0,0,0,5,21,20
FOODS_3_432,FOODS_3,WI_2,WI,2016-05-21,11617,3.98,3.98,3.98,3.824296028880866,0.0,0.0,4.071441382760812,0,0,16.0,22.0,12.0,0.0,20.0,16.76923076923077,13.581227436823104,10.0,1.1780967570441254,1.6198830409356726,0.8835725677830941,0.0,1.472620946305157,1.2347360242097085,0,0,0,0,0,0,5,21,20
FOODS_3_432,FOODS_3,WI_3,WI,2016-05-21,11617,3.98,3.98,3.98,3.793068592057762,0.0,0.0,4.9282369513077215,0,0,5.0,4.0,8.0,0.0,7.0,7.384615384615385,11.375451263537906,8.0,0.439543002221517,0.35163440177721356,0.7032688035544271,0.0,0.6153602031101237,0.6491712032810097,0,0,0,0,0,0,5,21,20
FOODS_3_435,FOODS_3,CA_1,CA,2016-05-21,11617,1.48,1.48,1.48,1.3190613718411552,0.0,0.0,12.200996223110185,0,0,10.0,15.0,20.0,5.0,16.0,16.0,18.498194945848375,16.0,0.5405932864949259,0.8108899297423887,1.0811865729898518,0.27029664324746294,0.8649492583918813,0.8649492583918813,0,0,0,0,0,0,5,21,20
FOODS_3_435,FOODS_3,CA_2,CA,2016-05-21,11617,1.48,1.48,1.48,1.3218050541516244,0.0,0.0,11.968099634019785,0,0,25.0,24.0,40.0,2.0,26.75,26.846153846153847,16.52707581227437,17.0,1.5126692878986456,1.4521625163826999,2.420270860637833,0.12101354303189166,1.618556138051551,1.624374096851161,0,0,0,0,0,0,5,21,20
FOODS_3_435,FOODS_3,CA_3,CA,2016-05-21,11617,1.48,1.48,1.48,1.2870397111913356,0.0,0.0,14.992566828419967,0,0,34.0,20.0,20.0,22.0,29.0,25.846153846153847,23.08664259927798,26.0,1.4727130570758404,0.8663017982799062,0.8663017982799062,0.9529319781078968,1.256137607505864,1.1195284777771095,0,0,0,0,0,0,5,21,20
FOODS_3_435,FOODS_3,CA_4,CA,2016-05-21,11617,1.48,1.48,1.48,1.3174007220216608,0.0,0.0,12.342431217801147,0,0,15.0,14.0,14.0,8.0,17.25,15.0,12.129963898916968,12.0,1.2366071428571428,1.1541666666666666,1.1541666666666666,0.6595238095238095,1.4220982142857144,1.2366071428571428,0,0,0,0,0,0,5,21,20
FOODS_3_435,FOODS_3,TX_1,TX,2016-05-21,11617,1.48,1.48,1.48,1.3163176895306858,0.0,0.0,12.434863693708524,0,0,14.0,6.0,16.0,8.0,11.25,12.615384615384615,13.451263537906136,12.0,1.0407944176060118,0.4460547504025765,1.1894793344068706,0.5947396672034353,0.836352657004831,0.937858705974648,0,0,0,0,0,0,5,21,20
FOODS_3_435,FOODS_3,TX_2,TX,2016-05-21,11617,1.48,1.48,1.48,1.319783393501805,0.0,0.0,12.139613764429123,0,0,15.0,18.0,40.0,23.0,17.5,22.076923076923077,17.642599277978338,18.0,0.8502148557397177,1.0202578268876612,2.267239615305914,1.3036627788009005,0.9919173316963373,1.2513418646015333,0,0,0,0,0,0,5,21,20
FOODS_3_435,FOODS_3,TX_3,TX,2016-05-21,11617,1.48,1.48,1.48,1.3131768953068592,0.0,0.0,12.70378006872852,0,0,12.0,22.0,20.0,12.0,17.75,16.53846153846154,12.386281588447654,11.0,0.9688137569221801,1.7761585543573302,1.6146895948703002,0.9688137569221801,1.4330370154473915,1.3352240880658253,0,0,0,0,0,0,5,21,20
FOODS_3_435,FOODS_3,WI_1,WI,2016-05-21,11617,1.48,1.48,1.48,1.3307581227436824,0.0,0.0,11.214801150236003,0,0,101.0,92.0,122.0,83.0,89.25,99.84615384615384,70.14440433212997,74.0,1.4398867730313947,1.3115800308800822,1.739269171384457,1.1832732887287698,1.2723751930005147,1.4234371907043033,0,0,0,0,0,0,5,21,20
FOODS_3_435,FOODS_3,WI_2,WI,2016-05-21,11617,1.48,1.48,1.48,1.3301083032490975,0.0,0.0,11.269134730213874,0,0,144.0,104.0,114.0,93.0,133.25,134.46153846153845,76.44404332129965,72.0,1.8837308146399054,1.3604722550177095,1.4912868949232585,1.2165761511216056,1.7431050767414402,1.7589537734992278,0,0,0,0,0,0,5,21,20
FOODS_3_435,FOODS_3,WI_3,WI,2016-05-21,11617,1.48,1.48,1.48,1.3173285198555955,0.0,0.0,12.348588654425882,0,0,93.0,97.0,91.0,76.0,99.5,99.38461538461539,104.49819494584838,90.0,0.8899675257375803,0.9282456988875837,0.8708284391625786,0.7272852898500656,0.9521695571063359,0.9510653790347012,0,0,0,0,0,0,5,21,20
FOODS_3_491,FOODS_3,CA_1,CA,2016-05-21,11617,1.6,1.6,1.6,1.3824548736462094,0.0,0.0,15.736146654828435,0,0,77.0,59.0,92.0,0.0,80.25,85.3076923076923,105.34296028880867,112.0,0.7309458533241946,0.5600753941055517,0.8733379026730637,0.0,0.7617974640164495,0.8098091421943375,0,0,0,0,0,0,5,21,20
FOODS_3_491,FOODS_3,CA_2,CA,2016-05-21,11617,1.6,1.6,1.6,1.3698194945848374,0.0,0.0,16.803710731604486,0,0,60.0,68.0,71.0,0.0,69.25,67.92307692307692,59.707581227436826,61.0,1.004897514964629,1.1388838502932461,1.1891287260414776,0.0,1.1598192151883426,1.1375955201458556,0,0,0,0,0,0,5,21,20
FOODS_3_491,FOODS_3,CA_3,CA,2016-05-21,11617,1.6,1.6,1.6,1.3376895306859207,0.0,0.0,19.60921897770821,0,0,53.0,82.0,68.0,5.0,67.0,70.84615384615384,120.02527075812274,118.0,0.44157367582037477,0.6831894607032214,0.5665473576563299,0.041657893945318374,0.5582157788672663,0.5902603126713573,0,0,0,0,0,0,5,21,20
FOODS_3_491,FOODS_3,CA_4,CA,2016-05-21,11617,1.6,1.6,1.6,1.377509025270758,0.0,0.0,16.151689074088647,0,0,54.0,47.0,54.0,0.0,58.75,61.23076923076923,67.69314079422382,69.0,0.797717455069063,0.6943096368193696,0.797717455069063,0.0,0.8678870460242121,0.904534322272043,0,0,0,0,0,0,5,21,20
FOODS_3_491,FOODS_3,TX_1,TX,2016-05-21,11617,1.5,1.5,1.5,1.3725631768953068,0.0,0.0,9.284587059442401,0,0,30.0,46.0,33.0,0.0,32.75,30.384615384615383,32.057761732851986,33.0,0.9358108108108107,1.4349099099099099,1.0293918918918918,0.0,1.0215934684684684,0.9478083853083853,0,0,0,0,0,0,5,21,20
FOODS_3_491,FOODS_3,TX_2,TX,2016-05-21,11617,1.5,1.5,1.5,1.370072202166065,0.0,0.0,9.483281072962505,0,0,50.0,53.0,73.0,0.0,54.0,53.23076923076923,62.87003610108303,66.0,0.7952914154464542,0.8430089003732415,1.1611254665518231,0.0,0.8589147286821706,0.8466794761368406,0,0,0,0,0,0,5,21,20
FOODS_3_491,FOODS_3,TX_3,TX,2016-05-21,11617,1.5,1.5,1.5,1.3715523465703972,0.0,0.0,9.365129500947566,0,0,42.0,50.0,32.0,0.0,44.25,41.30769230769231,50.84115523465704,51.0,0.8261023929560464,0.983455229709579,0.6294113470141305,0.0,0.8703578782929774,0.8124853205446829,0,0,0,0,0,0,5,21,20
FOODS_3_491,FOODS_3,WI_1,WI,2016-05-21,11617,1.44,1.44,1.38,1.3367870036101082,0.0,4.347826086956526,7.720975451673021,0,0,99.0,120.0,124.0,0.0,97.75,121.38461538461539,96.7653429602888,108.0,1.0230935681241606,1.2401134159080736,1.2814505297716758,0.0,1.010175720041785,1.2544224168608589,0,0,0,0,0,0,5,21,20
FOODS_3_491,FOODS_3,WI_2,WI,2016-05-21,11617,1.44,1.44,1.38,1.3350541516245487,0.0,4.347826086956526,7.860793380384525,0,0,62.0,54.0,57.0,0.0,56.0,60.69230769230769,38.37906137184115,43.0,1.6154642084469948,1.4070172138086727,1.4851848367980436,0.0,1.4591289624682533,1.5813911420157305,0,0,0,0,0,0,5,21,20
FOODS_3_491,FOODS_3,WI_3,WI,2016-05-21,11617,1.44,1.44,1.38,1.325812274368231,0.0,4.347826086956526,8.612661674608576,0,0,97.0,89.0,114.0,0.0,91.5,95.15384615384616,84.70397111913357,87.0,1.1451647274432084,1.0507181519839748,1.34586370029408,0.0,1.0802327068149853,1.1233693638756932,0,0,0,0,0,0,5,21,20
FOODS_3_501,FOODS_3,CA_1,CA,2016-05-21,11617,0.8,0.8,0.8,0.8178339350180506,0.0,0.0,-2.1806303522556707,0,0,169.0,123.0,212.0,130.0,151.75,183.46153846153845,104.46209386281589,93.0,1.6178117224218964,1.1774606027094277,2.0294442908487698,1.244470555709151,1.4526800525297208,1.7562498670806659,0,0,0,0,0,0,5,21,20
FOODS_3_501,FOODS_3,CA_2,CA,2016-05-21,11617,0.8,0.8,0.8,0.8179061371841155,0.0,0.0,-2.1892655367231595,0,0,43.0,34.0,54.0,17.0,40.75,41.23076923076923,41.55234657039711,40.0,1.0348392701998261,0.8182450043440487,1.2995655951346654,0.40912250217202434,0.9806907037358819,0.9922609102452717,0,0,0,0,0,0,5,21,20
FOODS_3_501,FOODS_3,CA_3,CA,2016-05-21,11617,0.8,0.8,0.8,0.8123826714801444,0.0,0.0,-1.5242412122828037,0,0,91.0,93.0,232.0,96.0,103.25,130.30769230769232,144.81949458483754,146.0,0.628368440732893,0.6421787361336159,1.601994266483859,0.6628941792347003,0.7129565000623208,0.8997938618778705,0,0,0,0,0,0,5,21,20
FOODS_3_501,FOODS_3,CA_4,CA,2016-05-21,11617,0.8,0.8,0.8,0.8177617328519856,0.0,0.0,-2.171993642945436,0,0,62.0,43.0,60.0,64.0,47.5,43.53846153846154,50.87364620938628,53.0,1.2187056485949475,0.845231336928754,1.1793925631564008,1.2580187340334943,0.933685779165484,0.8558156291622089,0,0,0,0,0,0,5,21,20
FOODS_3_501,FOODS_3,TX_1,TX,2016-05-21,11617,0.8,0.8,0.8,0.8132129963898918,0.0,0.0,-1.6247891325579342,0,0,238.0,42.0,98.0,30.0,91.5,67.84615384615384,47.82671480144404,44.0,4.976298309178744,0.8781702898550725,2.0490640096618358,0.6272644927536232,1.9131567028985508,1.4185827759197325,0,0,0,0,0,0,5,21,20
FOODS_3_501,FOODS_3,TX_2,TX,2016-05-21,11617,0.8,0.8,0.8,0.8154873646209386,0.0,0.0,-1.899154455708525,0,0,89.0,84.0,111.0,56.0,87.25,90.76923076923077,112.46209386281589,96.0,0.7913777606574216,0.7469183359013867,0.9869992295839752,0.49794555726759115,0.7758169619928094,0.8071095571095571,0,0,0,0,0,0,5,21,20
FOODS_3_501,FOODS_3,TX_3,TX,2016-05-21,11617,0.8,0.8,0.8,0.8103610108303249,0.0,0.0,-1.278567291842996,0,0,56.0,18.0,21.0,36.0,39.0,39.07692307692308,54.72924187725632,52.0,1.0232189973614776,0.3288918205804749,0.38370712401055407,0.6577836411609498,0.712598944591029,0.7140044651918003,0,0,0,0,0,0,5,21,20
FOODS_3_501,FOODS_3,WI_1,WI,2016-05-21,11617,0.8,0.8,0.8,0.8176895306859205,0.0,0.0,-2.163355408388511,0,0,48.0,41.0,57.0,76.0,49.0,50.84615384615385,50.624548736462096,46.0,0.9481565998716395,0.8098837623903586,1.1259359623475718,1.5012479497967623,0.9679098623689653,1.0043774239024899,0,0,0,0,0,0,5,21,20
FOODS_3_501,FOODS_3,WI_2,WI,2016-05-21,11617,0.8,0.8,0.8,0.8179783393501806,0.0,0.0,-2.1978991967517056,0,0,43.0,33.0,49.0,20.0,43.5,46.46153846153846,54.32129963898917,43.0,0.7915863627301124,0.6074965109324119,0.9020402738087326,0.3681797035954011,0.8007908553199974,0.8553097729677779,0,0,0,0,0,0,5,21,20
FOODS_3_501,FOODS_3,WI_3,WI,2016-05-21,11617,0.8,0.8,0.8,0.8186281588447654,0.0,0.0,-2.2755336038101928,0,0,57.0,56.0,33.0,43.0,61.75,63.46153846153846,69.38989169675091,64.0,0.8214452942094583,0.8070339732584152,0.47557359138442323,0.6196868008948545,0.8898990687269132,0.9145645988161986,0,0,0,0,0,0,5,21,20
FOODS_3_524,FOODS_3,CA_1,CA,2016-05-21,11617,1.0,1.0,1.0,1.00043321299639,0.0,0.0,-0.043302540415713874,0,0,0.0,0.0,98.0,0.0,0.0,39.76923076923077,43.20938628158845,38.0,0.0,0.0,2.268025733143955,0.0,0.0,0.9203840691015892,0,0,0,0,0,0,5,21,20
FOODS_3_524,FOODS_3,CA_2,CA,2016-05-21,11617,0.88,0.88,1.0,1.00043321299639,0.0,-12.0,-12.038106235565827,0,0,1.0,0.0,40.0,0.0,0.25,17.692307692307693,35.87003610108303,34.0,0.027878421900161033,0.0,1.1151368760064413,0.0,0.006969605475040258,0.4932336182336183,0,0,0,0,0,0,5,21,20
FOODS_3_524,FOODS_3,CA_3,CA,2016-05-21,11617,1.0,1.0,1.0,0.9913357400722023,0.0,0.0,0.873998543335751,0,0,0.0,0.0,61.0,2.0,0.0,22.615384615384617,81.1913357400722,76.0,0.0,0.0,0.7513116940862605,0.024633170297910182,0.0,0.2785443102917536,0,0,0,0,0,0,5,21,20
FOODS_3_524,FOODS_3,CA_4,CA,2016-05-21,11617,1.0,1.0,1.0,1.0022388059701492,0.0,0.0,-0.22338049143708072,0,0,0.0,0.0,14.0,0.0,0.0,8.692307692307692,15.33955223880597,15.0,0.0,0.0,0.9126733154950134,0.0,0.0,0.5666598057743764,0,0,0,0,0,0,5,21,20
FOODS_3_524,FOODS_3,TX_1,TX,2016-05-21,11617,0.94,0.94,0.94,0.9377617328519855,0.0,0.0,0.23868186017862747,0,0,0.0,0.0,45.0,0.0,0.0,13.846153846153847,33.15523465703971,27.0,0.0,0.0,1.3572517421602786,0.0,0.0,0.41761592066470116,0,0,0,0,0,0,5,21,20
FOODS_3_524,FOODS_3,TX_2,TX,2016-05-21,11617,0.94,0.94,0.94,0.9403610108303248,0.0,0.0,-0.038390663390652134,0,0,0.0,0.0,29.0,0.0,0.0,11.846153846153847,29.790613718411553,25.0,0.0,0.0,0.973460979156568,0.0,0.0,0.3976471904246989,0,0,0,0,0,0,5,21,20
FOODS_3_524,FOODS_3,TX_3,TX,2016-05-21,11617,0.94,0.94,0.94,0.9763537906137184,0.0,0.0,-3.7234239230911492,0,0,0.0,0.0,33.0,0.0,0.0,22.384615384615383,26.826714801444044,22.0,0.0,0.0,1.2301170771094065,0.0,0.0,0.83441508027701,0,0,0,0,0,0,5,21,20
FOODS_3_524,FOODS_3,WI_1,WI,2016-05-21,11617,0.94,0.94,0.94,0.9725133689839571,0.0,0.0,-3.343231056856919,0,0,0.0,0.0,50.0,0.0,0.0,20.692307692307693,29.705882352941178,22.0,0.0,0.0,1.683168316831683,0.0,0.0,0.6965727341964966,0,0,0,0,0,0,5,21,20
FOODS_3_524,FOODS_3,WI_2,WI,2016-05-21,11617,0.94,0.94,0.94,0.9835955056179776,0.0,0.0,-4.432259538496699,0,0,0.0,0.0,25.0,0.0,0.0,6.846153846153846,16.56928838951311,16.0,0.0,0.0,1.5088155515370705,0.0,0.0,0.4131833356516901,0,0,0,0,0,0,5,21,20
FOODS_3_524,FOODS_3,WI_3,WI,2016-05-21,11617,0.94,0.94,0.94,0.9783393501805054,0.0,0.0,-3.9188191881918897,0,0,0.0,0.0,0.0,0.0,0.0,0.0,39.761732851985556,36.0,0.0,0.0,0.0,0.0,0.0,0.0,0,0,0,0,0,0,5,21,20
FOODS_3_541,FOODS_3,CA_1,CA,2016-05-21,11617,1.0,1.0,1.0,1.0006498194945848,0.0,0.0,-0.06493975034272963,0,0,0.0,0.0,0.0,0.0,0.0,3.6923076923076925,131.48014440433212,109.0,0.0,0.0,0.0,0.0,0.0,0.02808262577620074,0,0,0,0,0,0,5,21,20
FOODS_3_541,FOODS_3,CA_2,CA,2016-05-21,11617,0.88,0.88,1.0,1.0021660649819495,0.0,-12.0,-12.190201729106631,0,0,0.0,0.0,168.0,0.0,1.0,61.84615384615385,78.95667870036101,80.0,0.0,0.0,2.12774907411641,0.0,0.012665173060216726,0.7832922415703267,0,0,0,0,0,0,5,21,20
FOODS_3_541,FOODS_3,CA_3,CA,2016-05-21,11617,0.88,0.88,1.0,0.9891696750902527,0.0,-12.0,-11.03649635036496,0,0,0.0,0.0,130.0,3.0,1.0,52.46153846153846,290.5956678700361,269.0,0.0,0.0,0.44735697869432883,0.010323622585253742,0.0034412075284179144,0.1805310411062321,0,0,0,0,0,0,5,21,20
FOODS_3_541,FOODS_3,CA_4,CA,2016-05-21,11617,1.0,1.0,1.0,1.0023826714801445,0.0,0.0,-0.23770078513290416,0,0,0.0,0.0,20.0,0.0,0.0,7.615384615384615,64.29963898916968,58.0,0.0,0.0,0.3110437370164505,0.0,0.0,0.11843588447934075,0,0,0,0,0,0,5,21,20
FOODS_3_541,FOODS_3,TX_1,TX,2016-05-21,11617,0.69,0.69,0.69,0.9327436823104693,0.0,0.0,-26.024693269342425,0,0,0.0,0.0,0.0,0.0,0.0,8.384615384615385,83.68231046931407,51.0,0.0,0.0,0.0,0.0,0.0,0.10019579212849274,0,0,0,0,0,0,5,21,20
FOODS_3_541,FOODS_3,TX_2,TX,2016-05-21,11617,0.94,0.94,0.94,0.9412996389891697,0.0,0.0,-0.1380685740584557,0,0,0.0,0.0,0.0,0.0,0.0,14.384615384615385,83.71841155234657,73.0,0.0,0.0,0.0,0.0,0.0,0.17182140843201646,0,0,0,0,0,0,5,21,20
FOODS_3_541,FOODS_3,TX_3,TX,2016-05-21,11617,0.94,0.94,0.94,0.9794584837545126,0.0,0.0,-4.028601968228229,0,0,0.0,0.0,74.0,0.0,0.0,30.692307692307693,84.30324909747293,54.0,0.0,0.0,0.8777834874957177,0.0,0.0,0.36407028223574983,0,0,0,0,0,0,5,21,20
FOODS_3_541,FOODS_3,WI_1,WI,2016-05-21,11617,0.94,0.94,0.94,0.983393501805054,0.0,0.0,-4.412628487518348,0,0,0.0,0.0,42.0,0.0,0.0,14.923076923076923,45.34296028880866,40.0,0.0,0.0,0.9262738853503185,0.0,0.0,0.3291156295933366,0,0,0,0,0,0,5,21,20
FOODS_3_541,FOODS_3,WI_2,WI,2016-05-21,11617,0.94,0.94,0.94,0.9844043321299639,0.0,0.0,-4.5107818688572765,0,0,0.0,0.0,43.0,0.0,0.0,22.076923076923077,32.5956678700361,33.0,0.0,0.0,1.3191937091593753,0.0,0.0,0.6772962335040084,0,0,0,0,0,0,5,21,20
FOODS_3_541,FOODS_3,WI_3,WI,2016-05-21,11617,0.94,0.94,0.94,0.9803610108303249,0.0,0.0,-4.116953896008253,0,0,0.0,0.0,0.0,0.0,0.0,0.38461538461538464,89.25631768953069,53.0,0.0,0.0,0.0,0.0,0.0,0.004309111047502893,0,0,0,0,0,0,5,21,20
FOODS_3_547,FOODS_3,CA_1,CA,2016-05-21,11617,0.25,0.25,0.25,0.202,0.0,0.0,23.762376237623755,0,0,9.0,0.0,19.0,49.0,18.0,18.153846153846153,45.20363636363636,41.0,0.19909902662698092,0.0,0.4203201673236264,1.083983589413563,0.39819805325396185,0.40160145541852565,0,0,0,0,0,0,5,21,20
FOODS_3_547,FOODS_3,CA_2,CA,2016-05-21,11617,0.25,0.25,0.25,0.20198555956678702,0.0,0.0,23.77122430741733,0,0,13.0,15.0,12.0,16.0,25.75,23.384615384615383,20.90974729241877,17.0,0.6217196132596685,0.7173687845303868,0.5738950276243094,0.765193370165746,1.2314830801104972,1.1183595410114746,0,0,0,0,0,0,5,21,20
FOODS_3_547,FOODS_3,CA_3,CA,2016-05-21,11617,0.25,0.25,0.25,0.20198555956678702,0.0,0.0,23.77122430741733,0,0,30.0,76.0,24.0,63.0,50.5,54.92307692307692,95.10108303249098,85.0,0.3154538207493452,0.7991496792316745,0.25236305659947617,0.6624530235736249,0.5310139315947311,0.5775231487564935,0,0,0,0,0,0,5,21,20
FOODS_3_547,FOODS_3,CA_4,CA,2016-05-21,11617,0.25,0.25,0.25,0.20198555956678702,0.0,0.0,23.77122430741733,0,0,8.0,1.0,19.0,29.0,3.5,9.615384615384615,17.350180505415164,15.0,0.46109030378693294,0.05763628797336662,1.0950894714939658,1.671452351227632,0.20172700790678316,0.5541950766669868,0,0,0,0,0,0,5,21,20
FOODS_3_547,FOODS_3,TX_1,TX,2016-05-21,11617,0.25,0.25,0.25,0.1988086642599278,0.0,0.0,25.749046667877245,0,0,8.0,0.0,25.0,46.0,2.75,20.23076923076923,56.69314079422383,48.0,0.14111054508405502,0.0,0.44097045338767193,0.8113856342333163,0.04850674987264391,0.3568468592029468,0,0,0,0,0,0,5,21,20
FOODS_3_547,FOODS_3,TX_2,TX,2016-05-21,11617,0.25,0.25,0.25,0.1976173285198556,0.0,0.0,26.507124588966015,0,0,47.0,50.0,70.0,76.0,53.25,46.92307692307692,76.68231046931407,71.0,0.6129184125041194,0.6520408643660845,0.9128572101125183,0.9911021138364484,0.69442352054988,0.6119152727127869,0,0,0,0,0,0,5,21,20
FOODS_3_547,FOODS_3,TX_3,TX,2016-05-21,11617,0.25,0.25,0.25,0.19393501805054153,0.0,0.0,28.90915860014891,0,0,2.0,69.0,61.0,0.0,36.25,42.0,53.39350180505415,47.0,0.037457741717376605,1.292292089249493,1.1424611223799865,0.0,0.678921568627451,0.7866125760649088,0,0,0,0,0,0,5,21,20
FOODS_3_547,FOODS_3,WI_1,WI,2016-05-21,11617,0.25,0.25,0.25,0.20267379679144384,0.0,0.0,23.35092348284961,0,0,38.0,22.0,2.0,43.0,29.0,21.23076923076923,39.76470588235294,39.0,0.9556213017751479,0.5532544378698224,0.05029585798816568,1.081360946745562,0.7292899408284024,0.5339098771051434,0,0,0,0,0,0,5,21,20
FOODS_3_547,FOODS_3,WI_2,WI,2016-05-21,11617,0.25,0.25,0.25,0.2020754716981132,0.0,0.0,23.71615312791783,0,0,228.0,58.0,163.0,58.0,159.5,136.76923076923077,157.30943396226414,142.0,1.449372706119414,0.36870007436371055,1.0361743469187037,0.36870007436371055,1.013925204500204,0.869428026815222,0,0,0,0,0,0,5,21,20
FOODS_3_547,FOODS_3,WI_3,WI,2016-05-21,11617,0.25,0.25,0.25,0.20198555956678702,0.0,0.0,23.77122430741733,0,0,52.0,27.0,125.0,33.0,36.0,78.07692307692308,113.76895306859205,98.0,0.45706670051405723,0.23732309449768357,1.0987180300818684,0.29006155994161326,0.3164307926635781,0.686276184943444,0,0,0,0,0,0,5,21,20
FOODS_3_578,FOODS_3,CA_1,CA,2016-05-21,11617,3.0,3.0,3.0,3.1486642599277976,0.0,0.0,-4.72150244215643,0,0,53.0,51.0,0.0,57.0,48.5,17.0,17.530685920577618,13.0,3.0232701812191105,2.909184514003295,0.0,3.2514415156507415,2.7665774299835255,0.9697281713344316,0,0,0,0,0,0,5,21,20
FOODS_3_578,FOODS_3,CA_2,CA,2016-05-21,11617,3.0,3.0,3.0,3.140216606498195,0.0,0.0,-4.465189000275911,0,0,14.0,18.0,0.0,7.0,15.0,5.461538461538462,8.028880866425993,8.0,1.743705035971223,2.241906474820144,0.0,0.8718525179856115,1.8682553956834531,0.6802365799667958,0,0,0,0,0,0,5,21,20
FOODS_3_578,FOODS_3,CA_3,CA,2016-05-21,11617,3.0,3.0,2.36,3.1216606498194945,0.0,27.118644067796616,-3.897305423846419,0,0,44.0,34.0,1.0,24.0,41.5,14.384615384615385,22.0,20.0,2.0,1.5454545454545454,0.045454545454545456,1.0909090909090908,1.8863636363636365,0.6538461538461539,0,0,0,0,0,0,5,21,20
FOODS_3_578,FOODS_3,CA_4,CA,2016-05-21,11617,3.0,3.0,3.0,3.1536462093862814,0.0,0.0,-4.872017949539808,0,0,16.0,19.0,0.0,10.0,16.25,5.3076923076923075,5.577617328519856,5.0,2.868608414239482,3.406472491909385,0.0,1.7928802588996764,2.913430420711974,0.9516056758775204,0,0,0,0,0,0,5,21,20
FOODS_3_578,FOODS_3,TX_1,TX,2016-05-21,11617,3.0,3.0,3.0,3.0655595667870035,0.0,0.0,-2.1385840124358144,0,0,42.0,49.0,0.0,17.0,41.75,14.23076923076923,14.725631768953068,14.0,2.8521696494238786,3.3275312576611915,0.0,1.1544496200049033,2.8351924491296887,0.9663944782846474,0,0,0,0,0,0,5,21,20
FOODS_3_578,FOODS_3,TX_2,TX,2016-05-21,11617,3.0,3.0,3.0,3.0753790613718412,0.0,0.0,-2.451049443583606,0,0,21.0,14.0,0.0,16.0,15.5,5.615384615384615,16.425992779783392,15.0,1.2784615384615385,0.8523076923076923,0.0,0.9740659340659341,0.9436263736263737,0.3418596787827557,0,0,0,0,0,0,5,21,20
FOODS_3_578,FOODS_3,TX_3,TX,2016-05-21,11617,3.0,3.0,3.0,3.1014440433212997,0.0,0.0,-3.2708648585729283,0,0,27.0,20.0,0.0,23.0,27.25,9.153846153846153,13.978339350180505,12.0,1.931559917355372,1.4307851239669422,0.0,1.6454028925619835,1.9494447314049588,0.6548593452002542,0,0,0,0,0,0,5,21,20
FOODS_3_578,FOODS_3,WI_1,WI,2016-05-21,11617,3.0,3.0,3.0,2.9705882352941178,0.0,0.0,0.9900990099009864,0,0,54.0,49.0,0.0,22.0,50.75,17.46153846153846,20.310160427807485,18.0,2.6587677725118484,2.412585571353344,0.0,1.0832016850974198,2.4987493417588205,0.8597439948150848,0,0,0,0,0,0,5,21,20
FOODS_3_578,FOODS_3,WI_2,WI,2016-05-21,11617,3.0,3.0,3.0,2.992173913043478,0.0,0.0,0.26155187445511213,0,0,85.0,108.0,0.0,38.0,103.5,34.61538461538461,48.244565217391305,44.5,1.7618564830460741,2.2385941196350116,0.0,0.7876534865382449,2.1453193646502196,0.717498115267632,0,0,0,0,0,0,5,21,20
FOODS_3_578,FOODS_3,WI_3,WI,2016-05-21,11617,3.0,3.0,3.0,2.9919148936170212,0.0,0.0,0.2702318304650847,0,0,53.0,32.0,0.0,19.0,53.25,17.46153846153846,22.3031914893617,19.0,2.376341521583592,1.4347722394466969,0.0,0.8518960171714763,2.387550679704269,0.7829165825826927,0,0,0,0,0,0,5,21,20
FOODS_3_594,FOODS_3,CA_1,CA,2016-05-21,11617,1.0,1.0,1.0,1.000216606498195,0.0,0.0,-0.02165595899805571,0,0,0.0,0.0,39.0,0.0,0.0,18.384615384615383,36.935018050541515,35.0,0.0,0.0,1.0559085133418042,0.0,0.0,0.4977556897212845,0,0,0,0,0,0,5,21,20
FOODS_3_594,FOODS_3,CA_2,CA,2016-05-21,11617,0.88,0.88,1.0,1.00043321299639,0.0,-12.0,-12.038106235565827,0,0,4.0,0.0,29.0,0.0,2.0,11.153846153846153,18.794223826714802,15.0,0.21283134844410295,0.0,1.5430272762197463,0.0,0.10641567422205148,0.5934720293152871,0,0,0,0,0,0,5,21,20
FOODS_3_594,FOODS_3,CA_3,CA,2016-05-21,11617,0.88,0.88,1.0,0.9913357400722023,0.0,-12.0,-11.230881281864539,0,0,0.0,0.0,1.0,0.0,0.25,9.23076923076923,56.53068592057762,52.0,0.0,0.0,0.017689507631394086,0.0,0.004422376907848522,0.16328776275133,0,0,0,0,0,0,5,21,20
FOODS_3_594,FOODS_3,CA_4,CA,2016-05-21,11617,1.0,1.0,1.0,1.0017328519855597,0.0,0.0,-0.17298544039211608,0,0,0.0,0.0,18.0,0.0,0.0,7.384615384615385,19.256317689530686,18.0,0.0,0.0,0.9347581552305961,0.0,0.0,0.3834905252228087,0,0,0,0,0,0,5,21,20
FOODS_3_594,FOODS_3,TX_1,TX,2016-05-21,11617,0.94,0.94,0.94,0.9339350180505415,0.0,0.0,0.6494008504058753,0,0,0.0,0.0,9.0,0.0,0.0,3.8461538461538463,12.429602888086643,9.0,0.0,0.0,0.7240778390938135,0.0,0.0,0.30943497397171515,0,0,0,0,0,0,5,21,20
FOODS_3_594,FOODS_3,TX_2,TX,2016-05-21,11617,0.94,0.94,0.94,0.9381949458483755,0.0,0.0,0.19239649068800074,0,0,0.0,0.0,18.0,0.0,0.0,6.230769230769231,21.537906137184116,19.0,0.0,0.0,0.8357358364063023,0.0,0.0,0.28929317414064315,0,0,0,0,0,0,5,21,20
FOODS_3_594,FOODS_3,TX_3,TX,2016-05-21,11617,0.94,0.94,0.94,0.9687725631768954,0.0,0.0,-2.9700018632383247,0,0,0.0,0.0,14.0,0.0,0.0,7.153846153846154,14.407942238267148,11.0,0.0,0.0,0.9716862941618641,0.0,0.0,0.4965210184453482,0,0,0,0,0,0,5,21,20
FOODS_3_594,FOODS_3,WI_1,WI,2016-05-21,11617,0.94,0.94,0.94,0.9725133689839571,0.0,0.0,-3.343231056856919,0,0,0.0,0.0,46.0,0.0,0.0,18.23076923076923,35.62032085561497,33.0,0.0,0.0,1.2913976880348297,0.0,0.0,0.5118081138198238,0,0,0,0,0,0,5,21,20
FOODS_3_594,FOODS_3,WI_2,WI,2016-05-21,11617,0.94,0.94,0.94,0.9831768953068591,0.0,0.0,-4.391569361827127,0,0,0.0,0.0,15.0,0.0,0.0,5.384615384615385,10.88086642599278,9.0,0.0,0.0,1.378566688785667,0.0,0.0,0.4948700934102394,0,0,0,0,0,0,5,21,20
FOODS_3_594,FOODS_3,WI_3,WI,2016-05-21,11617,0.94,0.94,0.94,0.9794945848375451,0.0,0.0,-4.0321391714580646,0,0,0.0,0.0,25.0,0.0,0.0,12.923076923076923,27.873646209386283,21.0,0.0,0.0,0.8969045460432586,0.0,0.0,0.46363065764697675,0,0,0,0,0,0,5,21,20
FOODS_3_635,FOODS_3,CA_1,CA,2016-05-21,11617,1.0,1.0,1.0,1.00043321299639,0.0,0.0,-0.043302540415713874,0,0,0.0,0.0,7.0,0.0,0.0,1.3846153846153846,125.20216606498195,101.0,0.0,0.0,0.055909575848447274,0.0,0.0,0.01105903698101155,0,0,0,0,0,0,5,21,20
FOODS_3_635,FOODS_3,CA_2,CA,2016-05-21,11617,0.88,0.88,1.0,1.000216606498195,0.0,-12.0,-12.019057243918288,0,0,4.0,3.0,162.0,0.0,2.5,60.84615384615385,80.7870036101083,81.0,0.04951291446956833,0.03713468585217625,2.0052730360175173,0.0,0.030945571543480203,0.7531676027967028,0,0,0,0,0,0,5,21,20
FOODS_3_635,FOODS_3,CA_3,CA,2016-05-21,11617,0.88,0.88,1.0,0.9879422382671481,0.0,-12.0,-10.925966527808237,0,0,17.0,8.0,114.0,5.0,7.5,79.07692307692308,289.7184115523466,255.0,0.05867766535413447,0.027613018990180926,0.39348552061007824,0.01725813686886308,0.02588720530329462,0.2729440723260192,0,0,0,0,0,0,5,21,20
FOODS_3_635,FOODS_3,CA_4,CA,2016-05-21,11617,1.0,1.0,1.0,1.0023826714801445,0.0,0.0,-0.23770078513290416,0,0,0.0,0.0,64.0,0.0,0.0,25.076923076923077,75.4332129963899,72.0,0.0,0.0,0.8484326393874132,0.0,0.0,0.33243875052920274,0,0,0,0,0,0,5,21,20
FOODS_3_635,FOODS_3,TX_1,TX,2016-05-21,11617,0.69,0.69,0.69,0.9312996389891696,0.0,0.0,-25.9099895336667,0,0,0.0,0.0,5.0,0.0,0.0,8.153846153846153,72.37906137184116,53.0,0.0,0.0,0.06908075215721482,0.0,0.0,0.11265476505638108,0,0,0,0,0,0,5,21,20
FOODS_3_635,FOODS_3,TX_2,TX,2016-05-21,11617,0.94,0.94,0.94,0.9424719101123595,0.0,0.0,-0.262279446828807,0,0,0.0,0.0,97.0,0.0,0.0,26.53846153846154,97.8314606741573,88.0,0.0,0.0,0.9915010910761457,0.0,0.0,0.27126715021512315,0,0,0,0,0,0,5,21,20
FOODS_3_635,FOODS_3,TX_3,TX,2016-05-21,11617,0.94,0.94,0.94,0.9777617328519854,0.0,0.0,-3.8620587800915587,0,0,0.0,0.0,47.0,0.0,0.0,14.307692307692308,95.14801444043322,58.0,0.0,0.0,0.49396721809075733,0.0,0.0,0.15037299928785738,0,0,0,0,0,0,5,21,20
FOODS_3_635,FOODS_3,WI_1,WI,2016-05-21,11617,0.94,0.94,0.94,0.983610108303249,0.0,0.0,-4.433678338104674,0,0,0.0,0.0,51.0,0.0,0.0,16.076923076923077,48.851985559566785,42.0,0.0,0.0,1.0439698492462313,0.0,0.0,0.32909456786193414,0,0,0,0,0,0,5,21,20
FOODS_3_635,FOODS_3,WI_2,WI,2016-05-21,11617,0.94,0.94,0.94,0.9835379061371841,0.0,0.0,-4.426662751431508,0,0,0.0,0.0,17.0,0.0,0.0,9.0,36.36101083032491,29.0,0.0,0.0,0.4675337569499603,0.0,0.0,0.2475178713264496,0,0,0,0,0,0,5,21,20
FOODS_3_635,FOODS_3,WI_3,WI,2016-05-21,11617,0.94,0.94,0.94,0.9803610108303249,0.0,0.0,-4.116953896008253,0,0,0.0,0.0,0.0,0.0,0.0,1.4615384615384615,100.49819494584838,61.0,0.0,0.0,0.0,0.0,0.0,0.014542932460886336,0,0,0,0,0,0,5,21,20
FOODS_3_681,FOODS_3,CA_1,CA,2016-05-21,11617,1.0,1.0,1.0,1.1054151624548736,0.0,0.0,-9.536250816459825,0,0,146.0,139.0,63.0,274.0,145.0,115.84615384615384,120.83393501805054,104.0,1.2082698455379284,1.1503390995189866,0.5213767141704759,2.267574915598578,1.1999940246780796,0.9587220165332561,0,0,0,0,0,0,5,21,20
FOODS_3_681,FOODS_3,CA_2,CA,2016-05-21,11617,1.0,1.0,1.0,1.1051263537906137,0.0,0.0,-9.512609434208809,0,0,77.0,100.0,86.0,40.0,80.25,85.15384615384616,50.82671480144404,48.0,1.514951345976277,1.967469280488671,1.6920235812202573,0.7869877121954685,1.5788940975921586,1.675375764231507,0,0,0,0,0,0,5,21,20
FOODS_3_681,FOODS_3,CA_3,CA,2016-05-21,11617,1.0,1.0,1.0,1.0965703971119134,0.0,0.0,-8.80658436213992,0,0,417.0,220.0,387.0,308.0,285.25,264.38461538461536,204.37184115523465,182.0,2.0403985091236687,1.0764692374273552,1.8936072494744838,1.5070569323982972,1.395740227164332,1.2936450241390978,0,0,0,0,0,0,5,21,20
FOODS_3_681,FOODS_3,CA_4,CA,2016-05-21,11617,1.0,1.0,1.0,1.1009747292418774,0.0,0.0,-9.171393907597485,0,0,51.0,37.0,44.0,44.0,56.0,49.92307692307692,43.95306859205776,38.0,1.1603285420944558,0.8418069815195072,1.0010677618069814,1.0010677618069814,1.2740862422997947,1.1358268835886904,0,0,0,0,0,0,5,21,20
FOODS_3_681,FOODS_3,TX_1,TX,2016-05-21,11617,1.0,1.0,1.0,1.1004332129963899,0.0,0.0,-9.126697723246503,0,0,259.0,264.0,122.0,120.0,253.75,232.07692307692307,90.96389891696751,74.0,2.8472834067547725,2.9022502678890345,1.341191411675993,1.3192046672222884,2.7895682025637973,2.5513080006472078,0,0,0,0,0,0,5,21,20
FOODS_3_681,FOODS_3,TX_2,TX,2016-05-21,11617,1.0,1.0,1.0,1.1013357400722021,0.0,0.0,-9.201166945291241,0,0,88.0,154.0,64.0,151.0,106.5,89.76923076923077,80.06859205776173,65.0,1.0990576671626313,1.9233509175346049,0.7993146670273682,1.885883042517697,1.33010956310023,1.1211541062751669,0,0,0,0,0,0,5,21,20
FOODS_3_681,FOODS_3,TX_3,TX,2016-05-21,11617,1.0,1.0,1.0,1.1031407942238267,0.0,0.0,-9.349739830480742,0,0,101.0,98.0,127.0,279.0,117.5,135.30769230769232,87.15162454873646,68.0,1.1588997970258066,1.1244770307775154,1.4572304378443313,3.2013172610910896,1.3482250113914087,1.5525550213011379,0,0,0,0,0,0,5,21,20
FOODS_3_681,FOODS_3,WI_1,WI,2016-05-21,11617,1.0,1.0,1.0,1.1112087912087913,0.0,0.0,-10.007911392405076,0,0,20.0,20.0,20.0,34.0,23.75,23.46153846153846,13.106227106227106,9.0,1.5259921743991056,1.5259921743991056,1.5259921743991056,2.59418669647848,1.812115707098938,1.790106204583566,0,0,0,0,0,0,5,21,20
FOODS_3_681,FOODS_3,WI_2,WI,2016-05-21,11617,1.0,1.0,1.0,1.1048014440433211,0.0,0.0,-9.485998104760958,0,0,75.0,62.0,71.0,91.0,69.0,68.84615384615384,52.6173285198556,40.0,1.425385934819897,1.178319039451115,1.3493653516295026,1.729468267581475,1.3113550600343054,1.3084311914500593,0,0,0,0,0,0,5,21,20
FOODS_3_681,FOODS_3,WI_3,WI,2016-05-21,11617,1.0,1.0,1.0,1.1049097472924188,0.0,0.0,-9.494870286871853,0,0,342.0,322.0,253.0,124.0,365.0,344.15384615384613,178.64981949458485,124.0,1.9143596168613344,1.8024087620741218,1.4161783130582386,0.6940952996807177,2.0431030998666286,1.9264158627614956,0,0,0,0,0,0,5,21,20
FOODS_3_704,FOODS_3,CA_1,CA,2016-05-21,11617,4.68,4.68,4.68,4.318628158844765,0.0,0.0,8.367746142143009,0,0,36.0,27.0,35.0,27.0,29.25,25.53846153846154,32.2129963898917,32.0,1.1175613582875714,0.8381710187156785,1.0865179872240276,0.8381710187156785,0.9080186036086517,0.7927999379304994,0,0,0,0,0,0,5,21,20
FOODS_3_704,FOODS_3,CA_2,CA,2016-05-21,11617,4.68,4.68,4.68,4.316101083032491,0.0,0.0,8.431195423065338,0,0,13.0,17.0,25.0,13.0,18.5,17.923076923076923,20.574007220216608,21.0,0.6318652395157045,0.8262853132128443,1.215125460607124,0.6318652395157045,0.8991928408492718,0.8711514840660305,0,0,0,0,0,0,5,21,20
FOODS_3_704,FOODS_3,CA_3,CA,2016-05-21,11617,4.68,4.68,4.68,4.1781227436823105,0.0,0.0,12.01202758048628,0,0,20.0,28.0,26.0,37.0,23.25,22.53846153846154,41.00361010830325,37.0,0.48776192991723893,0.6828667018841346,0.6340905088924106,0.9023595703468921,0.5670232435287903,0.5496701748682732,0,0,0,0,0,0,5,21,20
FOODS_3_704,FOODS_3,CA_4,CA,2016-05-21,11617,4.68,4.68,4.68,4.320794223826715,0.0,0.0,8.313420115970118,0,0,14.0,13.0,21.0,23.0,18.5,23.76923076923077,28.227436823104693,30.0,0.4959713518352731,0.4605448267041821,0.7439570277529096,0.8148100780150914,0.6553907149251823,0.8420612511928537,0,0,0,0,0,0,5,21,20
FOODS_3_704,FOODS_3,TX_1,TX,2016-05-21,11617,4.48,4.48,4.48,4.169386281588448,0.0,0.0,7.44986665743082,0,0,9.0,11.0,0.0,14.0,13.0,9.923076923076923,17.04693140794224,17.0,0.5279542566709021,0.6452774248199915,0.0,0.8212621770436256,0.7626005929690809,0.5821034112012511,0,0,0,0,0,0,5,21,20
FOODS_3_704,FOODS_3,TX_2,TX,2016-05-21,11617,4.48,4.48,4.48,4.194187725631769,0.0,0.0,6.8144845453997736,0,0,17.0,26.0,28.0,30.0,18.5,18.0,26.184115523465703,26.0,0.6492485867916724,0.9929684268578519,1.0693506135392252,1.1457328002205984,0.7065352268027023,0.687439680132359,0,0,0,0,0,0,5,21,20
FOODS_3_704,FOODS_3,TX_3,TX,2016-05-21,11617,4.48,4.48,4.48,4.23,0.0,0.0,5.910165484633569,0,0,17.0,25.0,16.0,25.0,21.0,20.153846153846153,23.458483754512635,22.0,0.7246845183133271,1.0657125269313634,0.6820560172360727,1.0657125269313634,0.8951985226223453,0.859128252480053,0,0,0,0,0,0,5,21,20
FOODS_3_704,FOODS_3,WI_1,WI,2016-05-21,11617,2.5,4.44,4.44,4.266498194945849,-43.693693693693696,-43.693693693693696,-41.40393630163647,1,0,39.0,37.0,48.0,60.0,42.25,48.61538461538461,35.16245487364621,35.0,1.1091375770020533,1.052258726899384,1.3650924024640656,1.706365503080082,1.201565708418891,1.3825935871110409,0,0,0,0,0,0,5,21,20
FOODS_3_704,FOODS_3,WI_2,WI,2016-05-21,11617,4.44,4.44,4.44,4.272527075812274,0.0,0.0,3.9197627356378355,0,0,23.0,18.0,20.0,20.0,22.0,22.923076923076923,20.971119133574007,21.0,1.096746427956619,0.8583232914443105,0.9536925460492339,0.9536925460492339,1.0490618006541574,1.0930783797025836,0,0,0,0,0,0,5,21,20
FOODS_3_704,FOODS_3,WI_3,WI,2016-05-21,11617,2.5,4.44,4.44,4.223537906137184,-43.693693693693696,-43.693693693693696,-40.80791849015318,1,0,29.0,24.0,25.0,24.0,23.75,22.153846153846153,21.732851985559567,23.0,1.3343853820598006,1.1043189368770765,1.1503322259136213,1.1043189368770765,1.0928156146179402,1.0193713263480706,0,0,0,0,0,0,5,21,20
FOODS_3_723,FOODS_3,CA_1,CA,2016-05-21,11617,1.6,1.6,1.6,1.3806137184115523,0.0,0.0,15.890489762832422,0,0,88.0,80.0,56.0,0.0,87.5,86.92307692307692,104.03249097472924,107.0,0.8458895790679113,0.7689905264253739,0.5382933684977618,0.0,0.8410833882777528,0.8355377835198774,0,0,0,0,0,0,5,21,20
FOODS_3_723,FOODS_3,CA_2,CA,2016-05-21,11617,1.6,1.6,1.6,1.3751263537906135,0.0,0.0,16.35294426504951,0,0,115.0,92.0,91.0,0.0,103.25,99.76923076923077,61.55595667870036,64.0,1.8682188727933846,1.4945750982347077,1.4783297167321565,0.0,1.6773356401384083,1.6207892160622206,0,0,0,0,0,0,5,21,20
FOODS_3_723,FOODS_3,CA_3,CA,2016-05-21,11617,1.6,1.6,1.6,1.3481227436823104,0.0,0.0,18.68355515089844,0,0,167.0,222.0,221.0,1.0,177.5,180.53846153846155,163.96750902527077,176.0,1.0184944626698078,1.3539267707347145,1.3478280014971706,0.0060987692375437585,1.0825315396640172,1.1010624154242463,0,0,0,0,0,0,5,21,20
FOODS_3_723,FOODS_3,CA_4,CA,2016-05-21,11617,1.6,1.6,1.6,1.3800361010830324,0.0,0.0,15.938995997593336,0,0,45.0,56.0,47.0,0.0,60.0,58.84615384615385,47.3898916967509,50.0,0.9495695893959016,1.181686600137122,0.9917726822579417,0.0,1.266092785861202,1.2417448476715636,0,0,0,0,0,0,5,21,20
FOODS_3_723,FOODS_3,TX_1,TX,2016-05-21,11617,1.5,1.5,1.5,1.3726714801444044,0.0,0.0,9.275964547773707,0,0,96.0,105.0,111.0,0.0,105.25,118.07692307692308,116.60649819494584,123.0,0.8232817337461301,0.9004643962848298,0.9519195046439629,0.0,0.902608359133127,1.0126101452726841,0,0,0,0,0,0,5,21,20
FOODS_3_723,FOODS_3,TX_2,TX,2016-05-21,11617,1.5,1.5,1.5,1.3726714801444044,0.0,0.0,9.275964547773707,0,0,128.0,124.0,124.0,0.0,129.0,134.76923076923077,123.89530685920577,131.0,1.0331303359655002,1.0008450129665782,1.0008450129665782,0.0,1.0412016667152306,1.087767036425214,0,0,0,0,0,0,5,21,20
FOODS_3_723,FOODS_3,TX_3,TX,2016-05-21,11617,1.5,1.5,1.5,1.3693140794223828,0.0,0.0,9.543896651726854,0,0,129.0,106.0,105.0,0.0,110.0,117.6923076923077,115.41516245487365,122.0,1.117704097591492,0.9184235220519237,0.9097591492023772,0.0,0.9530810134501094,1.0197300353696974,0,0,0,0,0,0,5,21,20
FOODS_3_723,FOODS_3,WI_1,WI,2016-05-21,11617,1.5,1.5,1.5,1.373826714801444,0.0,0.0,9.184075679936935,0,0,69.0,70.0,69.0,0.0,70.25,74.53846153846153,48.664259927797836,47.0,1.4178783382789317,1.438427299703264,1.4178783382789317,0.0,1.443564540059347,1.531687970782926,0,0,0,0,0,0,5,21,20
FOODS_3_723,FOODS_3,WI_2,WI,2016-05-21,11617,1.5,1.5,1.5,1.3771841155234659,0.0,0.0,8.91789871028624,0,0,226.0,212.0,258.0,0.0,206.5,218.46153846153845,113.1913357400722,113.0,1.9966192511322318,1.8729348727435096,2.279326401735026,0.0,1.8243445812336543,1.9300199704613814,0,0,0,0,0,0,5,21,20
FOODS_3_723,FOODS_3,WI_3,WI,2016-05-21,11617,1.5,1.5,1.5,1.365812274368231,0.0,0.0,9.824756165252557,0,0,130.0,173.0,234.0,0.0,167.25,195.0,147.68953068592057,144.0,0.8802248838914691,1.171376191640186,1.5844047910046444,0.0,1.1324431679296016,1.3203373258372038,0,0,0,0,0,0,5,21,20
FOODS_3_727,FOODS_3,CA_1,CA,2016-05-21,11617,3.98,3.98,3.98,3.941480144404332,0.0,0.0,0.9772941682924421,0,0,19.0,20.0,22.0,0.0,18.75,19.923076923076923,22.95667870036101,22.0,0.8276458562667086,0.8712061644912722,0.9583267809403995,0.0,0.8167557792105677,0.8678553715509212,0,0,0,0,0,0,5,21,20
FOODS_3_727,FOODS_3,CA_2,CA,2016-05-21,11617,3.98,3.98,3.98,3.9721660649819492,0.0,0.0,0.19722073271592538,0,0,7.0,18.0,7.0,0.0,14.25,13.538461538461538,7.635379061371841,7.0,0.9167848699763593,2.3574468085106384,0.9167848699763593,0.0,1.8663120567375886,1.7731223858883434,0,0,0,0,0,0,5,21,20
FOODS_3_727,FOODS_3,CA_3,CA,2016-05-21,11617,3.98,3.98,3.98,3.9340072202166065,0.0,0.0,1.1691076606834767,0,0,30.0,26.0,23.0,0.0,27.25,23.23076923076923,25.512635379061372,22.0,1.1758879298146314,1.0191028725060138,0.9015140795245508,0.0,1.0680982029149568,0.9105593712923555,0,0,0,0,0,0,5,21,20
FOODS_3_727,FOODS_3,CA_4,CA,2016-05-21,11617,3.98,3.98,3.98,3.943465703971119,0.0,0.0,0.9264514711536742,0,0,3.0,2.0,1.0,0.0,7.0,5.076923076923077,8.577617328519855,9.0,0.34974747474747475,0.23316498316498319,0.11658249158249159,0.0,0.8160774410774412,0.5918803418803419,0,0,0,0,0,0,5,21,20
FOODS_3_727,FOODS_3,TX_1,TX,2016-05-21,11617,3.98,3.98,3.98,3.760397111913358,0.0,0.0,5.839885563971838,0,0,5.0,10.0,7.0,0.0,8.75,8.076923076923077,11.71841155234657,11.0,0.42667898952556993,0.8533579790511399,0.5973505853357979,0.0,0.7466882316697474,0.6892506753874591,0,0,0,0,0,0,5,21,20
FOODS_3_727,FOODS_3,TX_2,TX,2016-05-21,11617,3.98,3.98,3.98,3.762274368231047,0.0,0.0,5.78707479729405,0,0,15.0,19.0,16.0,0.0,15.25,13.615384615384615,15.15884476534296,15.0,0.989521314598714,1.253393665158371,1.0554894022386283,0.0,1.0060133365086925,0.8981808855588327,0,0,0,0,0,0,5,21,20
FOODS_3_727,FOODS_3,TX_3,TX,2016-05-21,11617,3.98,3.98,3.98,3.698664259927798,0.0,0.0,7.606414648668166,0,0,12.0,13.0,19.0,0.0,15.25,15.384615384615385,20.862815884476536,20.0,0.5751860183422737,0.6231181865374632,0.9107111957086,0.0,0.7309655649766394,0.7374179722336842,0,0,0,0,0,0,5,21,20
FOODS_3_727,FOODS_3,WI_1,WI,2016-05-21,11617,3.98,3.98,3.98,3.731985559566787,0.0,0.0,6.64564308930506,0,0,8.0,10.0,14.0,0.0,12.75,14.153846153846153,10.35740072202166,10.0,0.7723945625653538,0.9654932032066923,1.3516904844893691,0.0,1.2310038340885325,1.3665442260771643,0,0,0,0,0,0,5,21,20
FOODS_3_727,FOODS_3,WI_2,WI,2016-05-21,11617,3.98,3.98,3.98,3.728375451263538,0.0,0.0,6.748905844533097,0,0,17.0,9.0,12.0,0.0,13.5,14.0,7.328519855595668,7.0,2.3197044334975367,1.22807881773399,1.63743842364532,0.0,1.8421182266009852,1.910344827586207,0,0,0,0,0,0,5,21,20
FOODS_3_727,FOODS_3,WI_3,WI,2016-05-21,11617,3.98,3.98,3.98,3.7105415162454873,0.0,0.0,7.261971940612169,0,0,23.0,24.0,15.0,0.0,24.0,24.23076923076923,24.415162454873645,23.0,0.9420375572970575,0.9829957119621471,0.6143723199763419,0.0,0.9829957119621471,0.9924475938079369,0,0,0,0,0,0,5,21,20
FOODS_3_734,FOODS_3,CA_1,CA,2016-05-21,11617,1.78,1.78,1.78,1.632851985559567,0.0,0.0,9.011717886358605,0,0,36.0,27.0,36.0,30.0,28.75,31.153846153846153,31.884476534296027,31.0,1.1290760869565217,0.8468070652173914,1.1290760869565217,0.9408967391304348,0.9016927083333334,0.9770850752508361,0,0,0,0,0,0,5,21,20
FOODS_3_734,FOODS_3,CA_2,CA,2016-05-21,11617,1.78,1.78,1.78,1.632129963898917,0.0,0.0,9.05994249059942,0,0,35.0,43.0,41.0,14.0,33.0,31.23076923076923,21.054151624548737,17.0,1.6623799725651578,2.042352537722908,1.9473593964334703,0.6649519890260631,1.5673868312757202,1.4833544370581406,0,0,0,0,0,0,5,21,20
FOODS_3_734,FOODS_3,CA_3,CA,2016-05-21,11617,1.78,1.78,1.78,1.632129963898917,0.0,0.0,9.05994249059942,0,0,56.0,53.0,49.0,71.0,52.75,48.15384615384615,67.54512635379061,66.0,0.829075360769642,0.7846606092998397,0.7254409406734368,1.0511491181186532,0.7809593800106895,0.71291370307939,0,0,0,0,0,0,5,21,20
FOODS_3_734,FOODS_3,CA_4,CA,2016-05-21,11617,1.78,1.78,1.78,1.632129963898917,0.0,0.0,9.05994249059942,0,0,15.0,19.0,14.0,11.0,14.75,13.923076923076923,12.779783393501805,13.0,1.173728813559322,1.486723163841808,1.0954802259887004,0.8607344632768361,1.1541666666666666,1.0894611038678834,0,0,0,0,0,0,5,21,20
FOODS_3_734,FOODS_3,TX_1,TX,2016-05-21,11617,1.78,1.78,1.78,1.6180505415162454,0.0,0.0,10.008924587237848,0,0,33.0,46.0,31.0,37.0,34.25,40.46153846153846,48.47292418772563,48.0,0.6807924331570716,0.9489833916734937,0.6395322856930067,0.7633127280852015,0.7065800253221122,0.8347245217730062,0,0,0,0,0,0,5,21,20
FOODS_3_734,FOODS_3,TX_2,TX,2016-05-21,11617,1.78,1.78,1.78,1.6191335740072201,0.0,0.0,9.935340022296552,0,0,24.0,29.0,0.0,17.0,28.25,20.076923076923077,52.00361010830325,50.0,0.46150642138146475,0.5576535925026033,0.0,0.32690038181187087,0.5432315168344325,0.3860678717325715,0,0,0,0,0,0,5,21,20
FOODS_3_734,FOODS_3,TX_3,TX,2016-05-21,11617,1.78,1.78,1.78,1.6335740072202165,0.0,0.0,8.963535911602218,0,0,35.0,56.0,56.0,10.0,36.75,54.23076923076923,39.03610108303249,37.0,0.8966059372976972,1.4345694996763154,1.4345694996763154,0.2561731249421992,0.941436234162582,1.389246562186542,0,0,0,0,0,0,5,21,20
FOODS_3_734,FOODS_3,WI_1,WI,2016-05-21,11617,1.78,1.78,1.78,1.632129963898917,0.0,0.0,9.05994249059942,0,0,19.0,15.0,10.0,10.0,13.25,13.384615384615385,10.35740072202166,10.0,1.8344370860927153,1.4482398048100384,0.9654932032066923,0.9654932032066923,1.2792784942488673,1.2922755181381882,0,0,0,0,0,0,5,21,20
FOODS_3_734,FOODS_3,WI_2,WI,2016-05-21,11617,1.78,1.78,1.78,1.6468265682656826,0.0,0.0,8.086670102399788,0,0,35.0,26.0,42.0,27.0,39.0,39.69230769230769,37.693726937269375,36.0,0.9285364659813998,0.6897699461576113,1.11424375917768,0.7162995594713656,1.034654919236417,1.0530215746074776,0,0,0,0,0,0,5,21,20
FOODS_3_734,FOODS_3,WI_3,WI,2016-05-21,11617,1.78,1.78,1.78,1.6244688644688645,0.0,0.0,9.574276179309098,0,0,39.0,39.0,22.0,12.0,45.0,34.38461538461539,40.18315018315018,39.0,0.970556061987238,0.970556061987238,0.547493163172288,0.2986326344576117,1.1198723792160439,0.8556973564266181,0,0,0,0,0,0,5,21,20
FOODS_3_738,FOODS_3,CA_1,CA,2016-05-21,11617,1.6,1.6,1.6,1.3824548736462094,0.0,0.0,15.736146654828435,0,0,31.0,42.0,35.0,0.0,36.75,28.692307692307693,35.82310469314079,34.0,0.8653632973899023,1.172427693237932,0.9770230776982768,0.0,1.0258742315831906,0.8009441933658401,0,0,0,0,0,0,5,21,20
FOODS_3_738,FOODS_3,CA_2,CA,2016-05-21,11617,1.6,1.6,1.6,1.369638989169675,0.0,0.0,16.81910435172252,0,0,41.0,39.0,25.0,0.0,34.75,34.84615384615385,27.28880866425993,29.0,1.502447413679058,1.4291572959386163,0.9161264717555232,0.0,1.2734157957401773,1.276939359093083,0,0,0,0,0,0,5,21,20
FOODS_3_738,FOODS_3,CA_3,CA,2016-05-21,11617,1.6,1.6,1.6,1.3346931407942237,0.0,0.0,19.877742014010995,0,0,22.0,45.0,31.0,8.0,28.25,28.76923076923077,47.59927797833935,43.0,0.46219188471748196,0.9453924914675768,0.6512703830109974,0.16806977626090253,0.5934963974213121,0.604404772322861,0,0,0,0,0,0,5,21,20
FOODS_3_738,FOODS_3,CA_4,CA,2016-05-21,11617,1.6,1.6,1.6,1.382129963898917,0.0,0.0,15.763353793914064,0,0,25.0,17.0,17.0,0.0,15.25,17.384615384615383,26.729241877256317,26.0,0.9353052404105889,0.6360075634792004,0.6360075634792004,0.0,0.5705361966504592,0.6503968748701325,0,0,0,0,0,0,5,21,20
FOODS_3_738,FOODS_3,TX_1,TX,2016-05-21,11617,1.5,1.5,1.5,1.370072202166065,0.0,0.0,9.483281072962505,0,0,13.0,15.0,4.0,0.0,15.25,15.076923076923077,18.249097472924188,18.0,0.7123639960435213,0.8219584569732937,0.219188921859545,0.0,0.8356577645895154,0.8261736285475157,0,0,0,0,0,0,5,21,20
FOODS_3_738,FOODS_3,TX_2,TX,2016-05-21,11617,1.5,1.5,1.5,1.3750902527075812,0.0,0.0,9.08374901548963,0,0,31.0,43.0,22.0,0.0,34.75,31.23076923076923,33.72202166064982,33.0,0.9192805909431537,1.2751311422759875,0.6523926774435285,0.0,1.0304838882346643,0.9261238707764774,0,0,0,0,0,0,5,21,20
FOODS_3_738,FOODS_3,TX_3,TX,2016-05-21,11617,1.5,1.5,1.5,1.3707581227436823,0.0,0.0,9.428496181195685,0,0,18.0,20.0,21.0,0.0,21.5,20.23076923076923,22.736462093862816,23.0,0.7916798983804383,0.8796443315338203,0.9236265481105113,0.0,0.9456176563988568,0.8897940738207489,0,0,0,0,0,0,5,21,20
FOODS_3_738,FOODS_3,WI_1,WI,2016-05-21,11617,1.5,1.5,1.5,1.373826714801444,0.0,0.0,9.184075679936935,0,0,22.0,23.0,31.0,0.0,24.25,24.923076923076923,22.252707581227437,23.0,0.9886437378325762,1.0335820895522387,1.3930889033095393,0.0,1.089755029201817,1.120001996705436,0,0,0,0,0,0,5,21,20
FOODS_3_738,FOODS_3,WI_2,WI,2016-05-21,11617,1.5,1.5,1.5,1.3770397111913357,0.0,0.0,8.92932046979866,0,0,15.0,17.0,13.0,0.0,12.5,14.538461538461538,13.574007220216606,14.0,1.1050531914893618,1.2523936170212766,0.9577127659574468,0.0,0.9208776595744681,1.0710515548281505,0,0,0,0,0,0,5,21,20
FOODS_3_738,FOODS_3,WI_3,WI,2016-05-21,11617,1.5,1.5,1.5,1.365956678700361,0.0,0.0,9.813145862515531,0,0,8.0,16.0,20.0,0.0,18.0,19.23076923076923,19.332129963898918,16.0,0.4138188608776844,0.8276377217553688,1.034547152194211,0.0,0.9310924369747898,0.9947568771098182,0,0,0,0,0,0,5,21,20
FOODS_3_753,FOODS_3,CA_1,CA,2016-05-21,11617,5.44,5.44,5.44,5.371191335740073,0.0,0.0,1.2810689465123453,0,0,25.0,18.0,8.0,0.0,21.0,14.615384615384615,29.989169675090253,27.0,0.8336342843385097,0.600216684723727,0.2667629709883231,0.0,0.7002527988443481,0.48735542776712876,0,0,0,0,0,0,5,21,20
FOODS_3_753,FOODS_3,CA_2,CA,2016-05-21,11617,5.44,5.44,5.44,5.379494584837546,0.0,0.0,1.1247416315464487,0,0,30.0,11.0,33.0,0.0,18.0,21.923076923076923,20.068592057761734,19.0,1.4948731786292497,0.5481201654973916,1.6443604964921748,0.0,0.8969239071775499,1.0924073228444517,0,0,0,0,0,0,5,21,20
FOODS_3_753,FOODS_3,CA_3,CA,2016-05-21,11617,5.44,5.44,5.44,5.324259927797835,0.0,0.0,2.1738246023243457,0,0,38.0,29.0,26.0,3.0,31.5,28.0,34.18411552346571,30.0,1.1116274157778012,0.848347238356743,0.7605871792163903,0.08776005914035272,0.9214806209737036,0.8190938853099587,0,0,0,0,0,0,5,21,20
FOODS_3_753,FOODS_3,CA_4,CA,2016-05-21,11617,5.44,5.44,5.44,5.38129963898917,0.0,0.0,1.0908212690021557,0,0,28.0,22.0,28.0,0.0,23.0,24.615384615384617,16.620938628158846,16.0,1.6846220677671588,1.3236316246741961,1.6846220677671588,0.0,1.3837966985230232,1.480986433201898,0,0,0,0,0,0,5,21,20
FOODS_3_753,FOODS_3,TX_1,TX,2016-05-21,11617,4.68,5.44,5.44,5.336173285198557,-13.970588235294128,-13.970588235294128,-12.296701215056984,1,0,9.0,1.0,24.0,0.0,6.5,12.307692307692308,18.0072202166065,14.0,0.49979951884522855,0.055533279871692064,1.3327987169206095,0.0,0.3609663191659984,0.6834865214977485,0,0,0,0,0,0,5,21,20
FOODS_3_753,FOODS_3,TX_2,TX,2016-05-21,11617,4.68,5.44,5.44,5.336945454545455,-13.970588235294128,-13.970588235294128,-12.309390458280536,1,0,8.0,16.0,15.0,0.0,15.75,17.0,27.14181818181818,26.0,0.29474812433011793,0.5894962486602359,0.5526527331189711,0.0,0.5802853697749196,0.6263397642015006,0,0,0,0,0,0,5,21,20
FOODS_3_753,FOODS_3,TX_3,TX,2016-05-21,11617,4.68,5.44,5.44,5.353285198555957,-13.970588235294128,-13.970588235294128,-12.577047057712809,1,0,9.0,8.0,0.0,0.0,11.5,5.230769230769231,14.790613718411553,11.0,0.6084940200146448,0.540883573346351,0.0,0.0,0.7775201366853796,0.3536546441110756,0,0,0,0,0,0,5,21,20
FOODS_3_753,FOODS_3,WI_1,WI,2016-05-21,11617,5.44,5.44,5.44,5.265776173285199,0.0,0.0,3.3086067652986992,0,0,11.0,27.0,43.0,0.0,26.25,27.846153846153847,21.028880866425993,18.0,0.5230901287553648,1.2839484978540772,2.0448068669527895,0.0,1.248283261802575,1.3241862000660285,0,0,0,0,0,0,5,21,20
FOODS_3_753,FOODS_3,WI_2,WI,2016-05-21,11617,5.44,5.44,5.44,5.245767790262173,0.0,0.0,3.70264597106995,0,0,14.0,14.0,14.0,0.0,13.75,21.46153846153846,15.674157303370787,13.0,0.893189964157706,0.893189964157706,0.893189964157706,0.0,0.8772401433691756,1.369230769230769,0,0,0,0,0,0,5,21,20
FOODS_3_753,FOODS_3,WI_3,WI,2016-05-21,11617,5.44,5.44,5.44,5.275379061371842,0.0,0.0,3.1205518449578387,0,0,29.0,14.0,5.0,0.0,17.75,8.538461538461538,14.664259927797834,13.0,1.9775972427375677,0.9547021171836534,0.3409650418513048,0.0,1.210425898572132,0.5822633791614589,0,0,0,0,0,0,5,21,20
FOODS_3_755,FOODS_3,CA_1,CA,2016-05-21,11617,0.94,0.94,0.94,1.051552346570397,0.0,0.0,-10.608349354572923,0,0,74.0,78.0,80.0,46.0,74.75,71.84615384615384,84.30685920577618,78.0,0.8777458998843831,0.9251916242024579,0.9489144863614952,0.5456258296578598,0.8866419731940222,0.8521982021746505,0,0,0,0,0,0,5,21,20
FOODS_3_755,FOODS_3,CA_2,CA,2016-05-21,11617,0.94,0.94,0.94,1.0537545126353791,0.0,0.0,-10.795162561238833,0,0,73.0,69.0,51.0,11.0,71.0,67.07692307692308,42.938628158844764,38.0,1.7001008912056499,1.606944677988902,1.1877417185135362,0.25617958634605686,1.653522784597276,1.5621580370193118,0,0,0,0,0,0,5,21,20
FOODS_3_755,FOODS_3,CA_3,CA,2016-05-21,11617,0.94,0.94,0.94,1.0384115523465705,0.0,0.0,-9.477124183006547,0,0,50.0,40.0,45.0,10.0,41.5,42.61538461538461,65.27797833935018,53.0,0.7659550934631124,0.61276407477049,0.6893595841168012,0.1531910186926225,0.6357427275743833,0.6528294181208681,0,0,0,0,0,0,5,21,20
FOODS_3_755,FOODS_3,CA_4,CA,2016-05-21,11617,0.94,0.94,0.94,1.071913357400722,0.0,0.0,-12.306345143472994,0,0,35.0,33.0,20.0,24.0,34.5,26.615384615384617,36.29963898916967,40.0,0.964196916956738,0.9090999502734959,0.5509696668324218,0.6611636001989061,0.9504226752859275,0.7332134797077613,0,0,0,0,0,0,5,21,20
FOODS_3_755,FOODS_3,TX_1,TX,2016-05-21,11617,0.94,0.94,0.94,1.048158844765343,0.0,0.0,-10.318936419370397,0,0,17.0,18.0,22.0,4.0,17.75,19.692307692307693,14.95667870036101,13.0,1.1366159787593533,1.2034757422157858,1.4709147960415159,0.26743905382573013,1.1867608013516775,1.3166230342189793,0,0,0,0,0,0,5,21,20
FOODS_3_755,FOODS_3,TX_2,TX,2016-05-21,11617,0.94,0.94,0.94,1.0505776173285197,0.0,0.0,-10.525411497886665,0,0,17.0,10.0,0.0,5.0,10.0,11.76923076923077,19.927797833935017,15.0,0.8530797101449276,0.5018115942028986,0.0,0.2509057971014493,0.5018115942028986,0.5905936454849499,0,0,0,0,0,0,5,21,20
FOODS_3_755,FOODS_3,TX_3,TX,2016-05-21,11617,0.94,0.94,0.94,1.0503971119133573,0.0,0.0,-10.510035743744838,0,0,17.0,6.0,6.0,7.0,13.0,11.153846153846153,10.693140794223826,9.0,1.5898041863605672,0.5611073598919649,0.5611073598919649,0.6546252532072924,1.2157326130992574,1.0430841946709604,0,0,0,0,0,0,5,21,20
FOODS_3_755,FOODS_3,WI_1,WI,2016-05-21,11617,0.94,0.94,0.94,1.053682310469314,0.0,0.0,-10.789049919484704,0,0,32.0,30.0,35.0,22.0,32.25,30.615384615384617,23.85198555956679,26.0,1.3416073861056454,1.2577569244740425,1.4673830785530497,0.9223550779476313,1.3520886938095957,1.283557066514536,0,0,0,0,0,0,5,21,20
FOODS_3_755,FOODS_3,WI_2,WI,2016-05-21,11617,0.94,0.94,0.94,1.0505054151624549,0.0,0.0,-10.519261830303453,0,0,3.0,6.0,16.0,12.0,7.0,13.76923076923077,15.133574007220217,15.0,0.19823473282442747,0.39646946564885494,1.0572519083969465,0.7929389312977099,0.4625477099236641,0.9098465942454492,0,0,0,0,0,0,5,21,20
FOODS_3_755,FOODS_3,WI_3,WI,2016-05-21,11617,0.94,0.94,0.94,1.0504332129963898,0.0,0.0,-10.513111317317934,0,0,24.0,22.0,27.0,6.0,20.5,19.384615384615383,26.487364620938628,22.0,0.9060924083412839,0.8305847076461769,1.0193539593839445,0.22652310208532098,0.7739539321248466,0.7318438682756523,0,0,0,0,0,0,5,21,20
FOODS_3_767,FOODS_3,CA_1,CA,2016-05-21,11617,1.0,1.0,1.0,1.0006498194945848,0.0,0.0,-0.06493975034272963,0,0,0.0,0.0,19.0,0.0,0.0,9.692307692307692,43.35740072202166,37.0,0.0,0.0,0.438218151540383,0.0,0.0,0.22354448216230063,0,0,0,0,0,0,5,21,20
FOODS_3_767,FOODS_3,CA_2,CA,2016-05-21,11617,0.88,0.88,1.0,0.9993501805054151,0.0,-12.0,-11.94277870096091,0,0,0.0,0.0,83.0,0.0,0.0,33.69230769230769,34.454873646209386,28.0,0.0,0.0,2.4089480301760267,0.0,0.0,0.9778676897285448,0,0,0,0,0,0,5,21,20
FOODS_3_767,FOODS_3,CA_3,CA,2016-05-21,11617,0.88,0.88,0.88,0.9900361010830325,0.0,0.0,-11.114352392065346,0,0,0.0,0.0,24.0,0.0,0.25,13.538461538461538,82.06498194945848,62.0,0.0,0.0,0.29245117015660743,0.0,0.003046366355797994,0.16497245496013752,0,0,0,0,0,0,5,21,20
FOODS_3_767,FOODS_3,CA_4,CA,2016-05-21,11617,1.0,1.0,1.0,1.0023826714801445,0.0,0.0,-0.23770078513290416,0,0,0.0,0.0,0.0,0.0,0.0,0.0,26.425992779783392,24.0,0.0,0.0,0.0,0.0,0.0,0.0,0,0,0,0,0,0,5,21,20
FOODS_3_767,FOODS_3,TX_1,TX,2016-05-21,11617,0.94,0.94,0.94,0.9346570397111913,0.0,0.0,0.5716492854383919,0,0,0.0,0.0,7.0,0.0,0.0,5.538461538461538,29.24187725631769,20.0,0.0,0.0,0.23938271604938272,0.0,0.0,0.1894017094017094,0,0,0,0,0,0,5,21,20
FOODS_3_767,FOODS_3,TX_2,TX,2016-05-21,11617,0.94,0.94,0.94,0.9385920577617329,0.0,0.0,0.1500057694526568,0,0,0.0,0.0,33.0,0.0,0.0,11.538461538461538,43.09386281588448,36.0,0.0,0.0,0.7657702940437295,0.0,0.0,0.2677518510642411,0,0,0,0,0,0,5,21,20
FOODS_3_767,FOODS_3,TX_3,TX,2016-05-21,11617,0.94,0.94,0.94,0.9775451263537905,0.0,0.0,-3.8407563335549137,0,0,0.0,0.0,55.0,0.0,0.0,26.0,34.05054151624549,27.0,0.0,0.0,1.6152459711620017,0.0,0.0,0.7635708227311281,0,0,0,0,0,0,5,21,20
FOODS_3_767,FOODS_3,WI_1,WI,2016-05-21,11617,0.94,0.94,0.94,0.9767592592592592,0.0,0.0,-3.7633898947767572,0,0,0.0,0.0,0.0,0.0,0.0,7.615384615384615,17.98148148148148,13.0,0.0,0.0,0.0,0.0,0.0,0.4235126356650558,0,0,0,0,0,0,5,21,20
FOODS_3_767,FOODS_3,WI_2,WI,2016-05-21,11617,0.94,0.94,0.94,0.9846209386281589,0.0,0.0,-4.531788516535907,0,0,0.0,0.0,34.0,0.0,0.0,11.384615384615385,16.32490974729242,15.0,0.0,0.0,2.082706766917293,0.0,0.0,0.6973769264790937,0,0,0,0,0,0,5,21,20
FOODS_3_767,FOODS_3,WI_3,WI,2016-05-21,11617,0.94,0.94,0.94,0.9807942238267148,0.0,0.0,-4.1593050647820995,0,0,0.0,0.0,0.0,0.0,0.0,0.0,27.830324909747294,20.0,0.0,0.0,0.0,0.0,0.0,0.0,0,0,0,0,0,0,5,21,20
FOODS_3_769,FOODS_3,CA_1,CA,2016-05-21,11617,1.25,1.25,1.25,1.223804347826087,0.0,0.0,2.140509814370727,0,0,34.0,34.0,17.0,31.0,32.0,26.76923076923077,40.1231884057971,35.0,0.8473902835470472,0.8473902835470472,0.4236951417735236,0.7726205526458371,0.7975437962795737,0.6671760603492588,0,0,0,0,0,0,5,21,20
FOODS_3_769,FOODS_3,CA_2,CA,2016-05-21,11617,1.25,1.25,1.25,1.2276449275362318,0.0,0.0,1.8209721689342828,0,0,29.0,25.0,26.0,11.0,26.25,29.615384615384617,18.206521739130434,18.0,1.5928358208955224,1.3731343283582091,1.4280597014925374,0.604179104477612,1.4417910447761195,1.6266360505166477,0,0,0,0,0,0,5,21,20
FOODS_3_769,FOODS_3,CA_3,CA,2016-05-21,11617,1.25,1.25,1.25,1.1665217391304348,0.0,0.0,7.156168468132688,0,0,32.0,24.0,28.0,39.0,31.75,32.23076923076923,69.71376811594203,39.0,0.45901980146562027,0.34426485109921523,0.40164232628241775,0.5594303830362247,0.4554337092666701,0.4623300404184974,0,0,0,0,0,0,5,21,20
FOODS_3_769,FOODS_3,CA_4,CA,2016-05-21,11617,1.25,1.25,1.25,1.224927536231884,0.0,0.0,2.0468528159015578,0,0,21.0,16.0,25.0,31.0,20.5,20.0,21.33695652173913,21.0,0.9842078451349975,0.7498726439123791,1.1716760061130922,1.4528782475802344,0.9607743250127356,0.9373408048904738,0,0,0,0,0,0,5,21,20
FOODS_3_769,FOODS_3,TX_1,TX,2016-05-21,11617,1.25,1.25,1.25,1.2084782608695652,0.0,0.0,3.4358697607483357,0,0,10.0,17.0,12.0,10.0,17.5,15.846153846153847,12.11231884057971,11.0,0.8256057433443015,1.4035297636853126,0.9907268920131618,0.8256057433443015,1.4448100508525277,1.308267562530201,0,0,0,0,0,0,5,21,20
FOODS_3_769,FOODS_3,TX_2,TX,2016-05-21,11617,1.25,1.25,1.25,1.2091666666666667,0.0,0.0,3.3769813921433447,0,0,10.0,21.0,15.0,21.0,16.0,15.23076923076923,25.434782608695652,19.0,0.39316239316239315,0.8256410256410256,0.5897435897435898,0.8256410256410256,0.629059829059829,0.5988165680473373,0,0,0,0,0,0,5,21,20
FOODS_3_769,FOODS_3,TX_3,TX,2016-05-21,11617,1.25,1.25,1.25,1.2078260869565218,0.0,0.0,3.4917206623470047,0,0,23.0,20.0,26.0,11.0,20.25,21.923076923076923,22.032608695652176,19.0,1.0439072520966945,0.9077454366058213,1.1800690675875678,0.4992599901332017,0.9190922545633942,0.9950286516640734,0,0,0,0,0,0,5,21,20
FOODS_3_769,FOODS_3,WI_1,WI,2016-05-21,11617,1.25,1.25,1.25,1.2340794223826714,0.0,0.0,1.2900772291130393,0,0,28.0,26.0,16.0,15.0,36.75,29.76923076923077,19.826714801444044,22.0,1.4122359796067006,1.3113619810633648,0.8069919883466861,0.7565549890750182,1.8535597232337946,1.5014706706258054,0,0,0,0,0,0,5,21,20
FOODS_3_769,FOODS_3,WI_2,WI,2016-05-21,11617,1.25,1.25,1.25,1.2359927797833936,0.0,0.0,1.1332768642112243,0,0,48.0,32.0,39.0,18.0,40.0,42.15384615384615,25.667870036101082,24.0,1.8700421940928271,1.2466947960618848,1.519409282700422,0.7012658227848102,1.558368495077356,1.6422806448122904,0,0,0,0,0,0,5,21,20
FOODS_3_769,FOODS_3,WI_3,WI,2016-05-21,11617,1.25,1.25,1.25,1.2324187725631768,0.0,0.0,1.4265627746206668,0,0,22.0,17.0,23.0,10.0,21.5,22.846153846153847,17.227436823104693,17.0,1.277032690695725,0.9867979882648785,1.3350796311818944,0.5804694048616932,1.2480092204526405,1.3261493326455607,0,0,0,0,0,0,5,21,20
FOODS_3_783,FOODS_3,CA_1,CA,2016-05-21,11617,5.44,5.44,5.44,5.374801444043322,0.0,0.0,1.2130412004137476,0,0,41.0,35.0,28.0,0.0,37.5,31.923076923076923,34.42238267148014,31.0,1.1910854745673833,1.0167802831672785,0.8134242265338227,0.0,1.0894074462506556,0.9273930055261991,0,0,0,0,0,0,5,21,20
FOODS_3_783,FOODS_3,CA_2,CA,2016-05-21,11617,5.44,5.44,5.44,5.3849097472924194,0.0,0.0,1.0230487657714378,0,0,21.0,14.0,42.0,0.0,18.75,22.153846153846153,18.833935018050543,15.0,1.1150086256469234,0.7433390837646157,2.2300172512938468,0.0,0.9955434157561817,1.1762728358473038,0,0,0,0,0,0,5,21,20
FOODS_3_783,FOODS_3,CA_3,CA,2016-05-21,11617,5.44,5.44,5.44,5.312205882352941,0.0,0.0,2.405669518035603,0,0,28.0,13.0,19.0,0.0,23.5,21.0,29.110294117647058,26.0,0.9618590553169992,0.44657741854003535,0.652690073250821,0.0,0.8072745642839101,0.7213942914877495,0,0,0,0,0,0,5,21,20
FOODS_3_783,FOODS_3,CA_4,CA,2016-05-21,11617,5.44,5.44,5.44,5.38202166064982,0.0,0.0,1.077259494774683,0,0,19.0,10.0,12.0,0.0,18.0,20.384615384615383,23.36462093862816,22.0,0.813195302843016,0.4279975278121137,0.5135970333745364,0.0,0.7703955500618046,0.8724564990016163,0,0,0,0,0,0,5,21,20
FOODS_3_783,FOODS_3,TX_1,TX,2016-05-21,11617,4.68,5.44,5.44,5.31361010830325,-13.970588235294128,-13.970588235294128,-11.924286791632428,1,0,3.0,5.0,37.0,0.0,6.5,16.76923076923077,14.747292418772563,8.0,0.20342717258261933,0.3390452876376989,2.508935128518972,0.0,0.4407588739290086,1.1371057339233595,0,0,0,0,0,0,5,21,20
FOODS_3_783,FOODS_3,TX_2,TX,2016-05-21,11617,4.68,5.44,5.44,5.329675090252708,-13.970588235294128,-13.970588235294128,-12.189769155738611,1,0,17.0,22.0,12.0,0.0,20.5,17.76923076923077,31.353790613718413,22.0,0.5421991940126655,0.7016695451928612,0.3827288428324698,0.0,0.6538284398388025,0.5667330941942341,0,0,0,0,0,0,5,21,20
FOODS_3_783,FOODS_3,TX_3,TX,2016-05-21,11617,4.68,5.44,5.44,5.353880597014926,-13.970588235294128,-13.970588235294128,-12.586769256502478,1,0,7.0,14.0,4.0,0.0,21.75,13.923076923076923,22.167910447761194,15.5,0.3157717555967009,0.6315435111934018,0.1804410031981148,0.0,0.9811479548897492,0.6280734919011304,0,0,0,0,0,0,5,21,20
FOODS_3_783,FOODS_3,WI_1,WI,2016-05-21,11617,5.44,5.44,5.44,5.248808664259928,0.0,0.0,3.642566303510507,0,0,18.0,17.0,32.0,0.0,15.5,19.923076923076923,14.458483754512635,13.0,1.2449438202247192,1.1757802746566792,2.2132334581772786,0.0,1.0720349563046192,1.377950638624796,0,0,0,0,0,0,5,21,20
FOODS_3_783,FOODS_3,WI_2,WI,2016-05-21,11617,5.44,5.44,5.44,5.2693862815884485,0.0,0.0,3.2378290239925374,0,0,10.0,5.0,28.0,0.0,8.25,20.53846153846154,18.91696750902527,15.0,0.5286259541984734,0.2643129770992367,1.4801526717557252,0.0,0.4361164122137405,1.0857163828537877,0,0,0,0,0,0,5,21,20
FOODS_3_783,FOODS_3,WI_3,WI,2016-05-21,11617,5.44,5.44,5.44,5.276967509025271,0.0,0.0,3.0895109870563515,0,0,9.0,3.0,13.0,0.0,5.75,10.076923076923077,24.555956678700362,18.0,0.3665098500441047,0.12216995001470156,0.5294031167303734,0.0,0.2341590708615113,0.41036572953656164,0,0,0,0,0,0,5,21,20
FOODS_3_785,FOODS_3,CA_1,CA,2016-05-21,11617,3.0,3.0,3.0,3.1486642599277976,0.0,0.0,-4.72150244215643,0,0,162.0,143.0,0.0,175.0,151.75,51.23076923076923,94.47653429602889,85.0,1.714711501719526,1.5136033626289644,0.0,1.8523118074130682,1.6062189529996178,0.5422591928514741,0,0,0,0,0,0,5,21,20
FOODS_3_785,FOODS_3,CA_2,CA,2016-05-21,11617,3.0,3.0,3.0,3.1365342960288807,0.0,0.0,-4.353030547178927,0,0,61.0,57.0,0.0,26.0,51.0,18.615384615384617,24.99638989169675,24.0,2.4403523974581165,2.2803292894280762,0.0,1.0401502021952629,2.0402946273830156,0.7447229258321113,0,0,0,0,0,0,5,21,20
FOODS_3_785,FOODS_3,CA_3,CA,2016-05-21,11617,3.0,3.0,2.5,3.113646209386282,0.0,20.0,-3.6499397087468757,0,0,149.0,139.0,10.0,79.0,149.0,52.53846153846154,87.23826714801444,86.0,1.7079660666252845,1.593337471549762,0.11462859507552245,0.9055659010966273,1.7079660666252845,0.6022410033583218,0,0,0,0,0,0,5,21,20
FOODS_3_785,FOODS_3,CA_4,CA,2016-05-21,11617,3.0,3.0,3.0,3.151985559566787,0.0,0.0,-4.821898980643682,0,0,44.0,64.0,0.0,35.0,54.25,18.53846153846154,24.787003610108304,24.0,1.7751237984270316,2.5819982522575007,0.0,1.4120302942033207,2.188646956015147,0.7479105514351655,0,0,0,0,0,0,5,21,20
FOODS_3_785,FOODS_3,TX_1,TX,2016-05-21,11617,3.0,3.0,3.0,3.0869314079422385,0.0,0.0,-2.8161107732609896,0,0,67.0,107.0,0.0,42.0,88.5,30.46153846153846,35.16967509025271,34.0,1.9050502976801478,3.0423937589817283,0.0,1.1942106343666596,2.5163724081297474,0.8661307897604344,0,0,0,0,0,0,5,21,20
FOODS_3_785,FOODS_3,TX_2,TX,2016-05-21,11617,3.0,3.0,3.0,3.0666425992779787,0.0,0.0,-2.173145292303356,0,0,47.0,62.0,0.0,58.0,50.75,17.384615384615383,49.26714801444043,45.0,0.9539825602696564,1.2584450795046531,0.0,1.1772550743753207,1.0300981900784056,0.35286425306209873,0,0,0,0,0,0,5,21,20
FOODS_3_785,FOODS_3,TX_3,TX,2016-05-21,11617,3.0,3.0,3.0,3.129386281588448,0.0,0.0,-4.1345577038438535,0,0,98.0,90.0,0.0,82.0,99.0,34.0,46.974729241877256,45.0,2.0862280971411007,1.9159237626806025,0.0,1.7456194282201045,2.1075161389486627,0.7237934214571166,0,0,0,0,0,0,5,21,20
FOODS_3_785,FOODS_3,WI_1,WI,2016-05-21,11617,3.0,3.0,3.0,2.9919786096256686,0.0,0.0,0.26809651474530194,0,0,114.0,98.0,0.0,60.0,104.25,35.30769230769231,50.79679144385027,44.0,2.2442362353931995,1.929255711127487,0.0,1.1811769659964206,2.052294978418781,0.695077214605586,0,0,0,0,0,0,5,21,20
FOODS_3_785,FOODS_3,WI_2,WI,2016-05-21,11617,3.0,3.0,3.0,2.9922826086956524,0.0,0.0,0.2579098405317941,0,0,48.0,74.0,0.0,39.0,62.0,21.23076923076923,37.20652173913044,36.5,1.2900964066608238,1.9888986269354365,0.0,1.0482033304119194,1.6663745252702307,0.570619564484595,0,0,0,0,0,0,5,21,20
FOODS_3_785,FOODS_3,WI_3,WI,2016-05-21,11617,3.0,3.0,3.0,2.9919148936170212,0.0,0.0,0.2702318304650847,0,0,118.0,104.0,0.0,69.0,112.25,38.76923076923077,52.82446808510638,53.0,2.2338133118517773,1.9687846138354648,0.0,1.3062128687946832,2.1249622394522203,0.7339256252759424,0,0,0,0,0,0,5,21,20
FOODS_3_808,FOODS_3,CA_1,CA,2016-05-21,11617,1.0,1.0,1.0,1.0006498194945848,0.0,0.0,-0.06493975034272963,0,0,0.0,0.0,24.0,0.0,0.0,9.461538461538462,166.4043321299639,136.0,0.0,0.0,0.144227014361956,0.0,0.0,0.056858726815771116,0,0,0,0,0,0,5,21,20
FOODS_3_808,FOODS_3,CA_2,CA,2016-05-21,11617,0.88,0.88,1.0,0.9995667870036101,0.0,-12.0,-11.961860733891939,0,0,0.0,3.0,100.0,0.0,0.75,34.84615384615385,93.1913357400722,91.0,0.0,0.03219183388858759,1.0730611296195862,0.0,0.008047958472146897,0.37392053209051734,0,0,0,0,0,0,5,21,20
FOODS_3_808,FOODS_3,CA_3,CA,2016-05-21,11617,0.88,0.88,0.88,0.9866425992779784,0.0,0.0,-10.808635199414566,0,0,0.0,0.0,222.0,2.0,1.5,101.53846153846153,262.08303249097474,239.0,0.0,0.0,0.847059795859333,0.007631169332066063,0.005723376999049548,0.38742859685873854,0,0,0,0,0,0,5,21,20
FOODS_3_808,FOODS_3,CA_4,CA,2016-05-21,11617,1.0,1.0,1.0,1.0017328519855597,0.0,0.0,-0.17298544039211608,0,0,0.0,0.0,36.0,0.0,0.0,14.615384615384615,76.83032490974729,72.0,0.0,0.0,0.4685649844939386,0.0,0.0,0.19022937404668444,0,0,0,0,0,0,5,21,20
FOODS_3_808,FOODS_3,TX_1,TX,2016-05-21,11617,1.0,1.0,1.0,0.9430324909747292,0.0,0.0,6.040885077712279,0,0,0.0,0.0,33.0,0.0,0.0,14.0,80.73285198555956,60.0,0.0,0.0,0.4087555336940482,0.0,0.0,0.17341143853686894,0,0,0,0,0,0,5,21,20
FOODS_3_808,FOODS_3,TX_2,TX,2016-05-21,11617,1.0,1.0,1.0,0.9468382352941175,0.0,0.0,5.61466180010874,0,0,0.0,0.0,73.0,0.0,0.0,28.153846153846153,87.56985294117646,71.0,0.0,0.0,0.8336202191527773,0.0,0.0,0.3215015808323672,0,0,0,0,0,0,5,21,20
FOODS_3_808,FOODS_3,TX_3,TX,2016-05-21,11617,1.0,1.0,1.0,0.9844765342960289,0.0,0.0,1.5768243491015768,0,0,0.0,0.0,16.0,0.0,0.0,1.8461538461538463,94.52346570397111,67.0,0.0,0.0,0.1692701371118665,0.0,0.0,0.019531169666753827,0,0,0,0,0,0,5,21,20
FOODS_3_808,FOODS_3,WI_1,WI,2016-05-21,11617,0.94,0.94,0.94,0.983393501805054,0.0,0.0,-4.412628487518348,0,0,0.0,0.0,41.0,0.0,0.0,16.076923076923077,49.711191335740075,41.0,0.0,0.0,0.8247639796659404,0.0,0.0,0.323406513602592,0,0,0,0,0,0,5,21,20
FOODS_3_808,FOODS_3,WI_2,WI,2016-05-21,11617,0.94,0.94,0.94,0.9832967032967033,0.0,0.0,-4.403218596334379,0,0,0.0,0.0,64.0,0.0,0.0,22.0,26.897435897435898,22.0,0.0,0.0,2.3794089609151574,0.0,0.0,0.8179218303145853,0,0,0,0,0,0,5,21,20
FOODS_3_808,FOODS_3,WI_3,WI,2016-05-21,11617,0.94,0.94,0.94,0.98014440433213,0.0,0.0,-4.0957642725598635,0,0,0.0,0.0,138.0,0.0,0.0,54.0,81.67148014440433,57.0,0.0,0.0,1.689696326747116,0.0,0.0,0.6611855191619149,0,0,0,0,0,0,5,21,20
FOODS_3_822,FOODS_3,CA_1,CA,2016-05-21,11617,3.98,3.98,3.98,3.9438267148014443,0.0,0.0,0.917212844641346,0,0,20.0,19.0,17.0,0.0,19.75,20.76923076923077,29.51985559566787,26.0,0.6775100892747952,0.6436345848110554,0.5758835758835759,0.0,0.6690412131588602,0.703568169631518,0,0,0,0,0,0,5,21,20
FOODS_3_822,FOODS_3,CA_2,CA,2016-05-21,11617,3.98,3.98,3.98,3.9839711191335736,0.0,0.0,-0.09967740766246445,0,0,23.0,19.0,15.0,0.0,21.75,19.923076923076923,16.23826714801444,16.0,1.4164072921298354,1.1700755891507337,0.9237438861716318,0.0,1.3394286349488662,1.2269213667612957,0,0,0,0,0,0,5,21,20
FOODS_3_822,FOODS_3,CA_3,CA,2016-05-21,11617,3.98,3.98,3.98,3.858700361010831,0.0,0.0,3.1435361038863707,0,0,24.0,45.0,31.0,0.0,35.5,31.23076923076923,37.64981949458484,31.0,0.6374532553456707,1.1952248537731325,0.823377121488158,0.0,0.9428996068654713,0.8295064797126356,0,0,0,0,0,0,5,21,20
FOODS_3_822,FOODS_3,CA_4,CA,2016-05-21,11617,3.98,3.98,3.98,3.944620938628159,0.0,0.0,0.8968938187542229,0,0,8.0,9.0,2.0,0.0,6.5,4.3076923076923075,12.740072202166065,13.0,0.6279399263247379,0.7064324171153301,0.15698498158118449,0.0,0.5102011901388496,0.33812149879024345,0,0,0,0,0,0,5,21,20
FOODS_3_822,FOODS_3,TX_1,TX,2016-05-21,11617,3.98,2.5,3.98,3.859350180505415,59.199999999999996,0.0,3.12616927336676,0,1,10.0,11.0,11.0,0.0,10.25,9.846153846153847,13.913357400722022,11.0,0.7187337830825117,0.7906071613907628,0.7906071613907628,0.0,0.7367021276595744,0.7076763402658577,0,0,0,0,0,0,5,21,20
FOODS_3_822,FOODS_3,TX_2,TX,2016-05-21,11617,3.98,3.98,3.98,3.7654873646209386,0.0,0.0,5.696809326583833,0,0,9.0,15.0,14.0,0.0,16.5,15.76923076923077,17.1985559566787,15.0,0.5232997481108312,0.8721662468513854,0.8140218303946264,0.0,0.959382871536524,0.9168927210488924,0,0,0,0,0,0,5,21,20
FOODS_3_822,FOODS_3,TX_3,TX,2016-05-21,11617,3.98,3.98,3.98,3.8175812274368233,0.0,0.0,4.254494217330038,0,0,8.0,11.0,9.0,0.0,12.25,11.384615384615385,18.509025270758123,15.0,0.4322215720694363,0.5943046615954749,0.48624926857811585,0.0,0.6618392822313244,0.615084544868044,0,0,0,0,0,0,5,21,20
FOODS_3_822,FOODS_3,WI_1,WI,2016-05-21,11617,3.98,3.98,3.98,3.8767509025270757,0.0,0.0,2.663289441826685,0,0,16.0,19.0,22.0,0.0,16.5,16.307692307692307,14.393501805054152,14.0,1.111612741409581,1.3200401304238776,1.528467519438174,0.0,1.1463506395786305,1.1329899095136116,0,0,0,0,0,0,5,21,20
FOODS_3_822,FOODS_3,WI_2,WI,2016-05-21,11617,3.98,3.98,3.98,3.873212996389892,0.0,0.0,2.7570650958168574,0,0,44.0,24.0,38.0,0.0,39.75,39.53846153846154,30.1913357400722,24.0,1.4573717565466937,0.7949300490254694,1.2586392442903265,0.0,1.3166028936984335,1.309596298715036,0,0,0,0,0,0,5,21,20
FOODS_3_822,FOODS_3,WI_3,WI,2016-05-21,11617,3.98,3.98,3.98,3.835740072202166,0.0,0.0,3.7609411764705905,0,0,15.0,11.0,15.0,0.0,13.5,15.692307692307692,22.075812274368232,20.0,0.6794766966475879,0.4982829108748978,0.6794766966475879,0.0,0.6115290269828291,0.7108371595697842,0,0,0,0,0,0,5,21,20
