item_id,store_id,scenario_date,current_price,candidate_price,support_weeks,first_seen,last_seen
FOODS_1_012,CA_1,2016-05-21,5.64,5.56,27,2015-05-30,2015-11-28
FOODS_1_012,CA_1,2016-05-21,5.64,5.64,25,2015-12-05,2016-05-21
FOODS_1_012,CA_2,2016-05-21,5.64,5.56,26,2015-05-30,2015-11-21
FOODS_1_012,CA_2,2016-05-21,5.64,5.64,26,2015-11-28,2016-05-21
FOODS_1_012,CA_3,2016-05-21,5.64,5.56,26,2015-05-30,2015-11-21
FOODS_1_012,CA_3,2016-05-21,5.64,5.64,26,2015-11-28,2016-05-21
FOODS_1_012,CA_4,2016-05-21,5.64,5.56,26,2015-05-30,2015-11-21
FOODS_1_012,CA_4,2016-05-21,5.64,5.64,26,2015-11-28,2016-05-21
FOODS_1_012,TX_1,2016-05-21,6.27,6.18,6,2015-05-30,2015-07-04
FOODS_1_012,TX_1,2016-05-21,6.27,6.19,20,2015-07-11,2015-11-21
FOODS_1_012,TX_1,2016-05-21,6.27,6.27,26,2015-11-28,2016-05-21
FOODS_1_012,TX_2,2016-05-21,6.27,6.18,7,2015-05-30,2015-07-11
FOODS_1_012,TX_2,2016-05-21,6.27,6.19,20,2015-07-18,2015-11-28
FOODS_1_012,TX_2,2016-05-21,6.27,6.27,25,2015-12-05,2016-05-21
FOODS_1_012,TX_3,2016-05-21,6.27,6.18,6,2015-05-30,2015-07-04
FOODS_1_012,TX_3,2016-05-21,6.27,6.19,22,2015-07-11,2015-12-05
FOODS_1_012,TX_3,2016-05-21,6.27,6.27,24,2015-12-12,2016-05-21
FOODS_1_012,WI_1,2016-05-21,7.27,7.18,8,2015-05-23,2015-07-11
FOODS_1_012,WI_1,2016-05-21,7.27,7.19,19,2015-07-18,2015-11-21
FOODS_1_012,WI_1,2016-05-21,7.27,7.27,26,2015-11-28,2016-05-21
FOODS_1_012,WI_2,2016-05-21,7.27,7.18,6,2015-05-30,2015-07-04
FOODS_1_012,WI_2,2016-05-21,7.27,7.19,21,2015-07-11,2015-11-28
FOODS_1_012,WI_2,2016-05-21,7.27,7.27,25,2015-12-05,2016-05-21
FOODS_1_012,WI_3,2016-05-21,7.27,7.18,6,2015-06-13,2015-07-18
FOODS_1_012,WI_3,2016-05-21,7.27,7.19,19,2015-07-25,2015-11-28
FOODS_1_012,WI_3,2016-05-21,7.27,7.27,25,2015-12-05,2016-05-21
FOODS_1_019,CA_1,2016-05-21,0.98,0.98,34,2015-10-03,2016-05-21
FOODS_1_019,CA_1,2016-05-21,0.98,1.08,19,2015-05-23,2015-09-26
FOODS_1_019,CA_2,2016-05-21,0.98,0.98,34,2015-10-03,2016-05-21
FOODS_1_019,CA_2,2016-05-21,0.98,1.08,19,2015-05-23,2015-09-26
FOODS_1_019,CA_3,2016-05-21,0.98,0.98,53,2015-05-23,2016-05-21
FOODS_1_019,CA_4,2016-05-21,0.98,0.98,34,2015-10-03,2016-05-21
FOODS_1_019,CA_4,2016-05-21,0.98,1.08,19,2015-05-23,2015-09-26
FOODS_1_019,TX_1,2016-05-21,0.98,0.98,34,2015-10-03,2016-05-21
FOODS_1_019,TX_1,2016-05-21,0.98,1.08,19,2015-05-23,2015-09-26
FOODS_1_019,TX_2,2016-05-21,0.98,0.98,34,2015-10-03,2016-05-21
FOODS_1_019,TX_2,2016-05-21,0.98,1.08,19,2015-05-23,2015-09-26
FOODS_1_019,TX_3,2016-05-21,0.98,0.98,34,2015-10-03,2016-05-21
FOODS_1_019,TX_3,2016-05-21,0.98,1.08,19,2015-05-23,2015-09-26
FOODS_1_019,WI_1,2016-05-21,0.88,0.88,53,2015-05-23,2016-05-21
FOODS_1_019,WI_2,2016-05-21,0.88,0.88,53,2015-05-23,2016-05-21
FOODS_1_019,WI_3,2016-05-21,0.88,0.88,53,2015-05-23,2016-05-21
FOODS_1_023,CA_1,2016-05-21,5.64,5.56,27,2015-05-30,2015-11-28
FOODS_1_023,CA_1,2016-05-21,5.64,5.64,25,2015-12-05,2016-05-21
FOODS_1_023,CA_2,2016-05-21,5.64,5.56,27,2015-05-23,2015-11-21
FOODS_1_023,CA_2,2016-05-21,5.64,5.64,26,2015-11-28,2016-05-21
FOODS_1_023,CA_3,2016-05-21,5.64,5.56,26,2015-05-30,2015-11-21
FOODS_1_023,CA_3,2016-05-21,5.64,5.64,26,2015-11-28,2016-05-21
FOODS_1_023,CA_4,2016-05-21,5.64,5.56,27,2015-05-30,2015-11-28
FOODS_1_023,CA_4,2016-05-21,5.64,5.64,25,2015-12-05,2016-05-21
FOODS_1_023,TX_1,2016-05-21,6.27,6.18,6,2015-05-30,2015-07-04
FOODS_1_023,TX_1,2016-05-21,6.27,6.19,20,2015-07-11,2015-11-21
FOODS_1_023,TX_1,2016-05-21,6.27,6.27,26,2015-11-28,2016-05-21
FOODS_1_023,TX_2,2016-05-21,6.27,6.18,7,2015-05-30,2015-07-11
FOODS_1_023,TX_2,2016-05-21,6.27,6.19,19,2015-07-18,2015-11-21
FOODS_1_023,TX_2,2016-05-21,6.27,6.27,26,2015-11-28,2016-05-21
FOODS_1_023,TX_3,2016-05-21,6.27,6.18,9,2015-05-30,2015-07-25
FOODS_1_023,TX_3,2016-05-21,6.27,6.19,19,2015-08-01,2015-12-05
FOODS_1_023,TX_3,2016-05-21,6.27,6.27,24,2015-12-12,2016-05-21
FOODS_1_023,WI_1,2016-05-21,7.27,7.18,8,2015-05-23,2015-07-11
FOODS_1_023,WI_1,2016-05-21,7.27,7.19,19,2015-07-18,2015-11-21
FOODS_1_023,WI_1,2016-05-21,7.27,7.27,26,2015-11-28,2016-05-21
FOODS_1_023,WI_2,2016-05-21,7.27,7.18,6,2015-05-30,2015-07-04
FOODS_1_023,WI_2,2016-05-21,7.27,7.19,20,2015-07-11,2015-11-21
FOODS_1_023,WI_2,2016-05-21,7.27,7.27,26,2015-11-28,2016-05-21
FOODS_1_023,WI_3,2016-05-21,7.27,7.18,7,2015-06-06,2015-07-18
FOODS_1_023,WI_3,2016-05-21,7.27,7.19,19,2015-07-25,2015-11-28
FOODS_1_023,WI_3,2016-05-21,7.27,7.27,25,2015-12-05,2016-05-21
FOODS_1_037,CA_1,2016-05-21,3.48,3.48,53,2015-05-23,2016-05-21
FOODS_1_037,CA_2,2016-05-21,3.48,3.48,53,2015-05-23,2016-05-21
FOODS_1_037,CA_3,2016-05-21,3.48,2.68,4,2015-10-10,2015-10-31
FOODS_1_037,CA_3,2016-05-21,3.48,3.48,46,2015-05-23,2016-05-21
FOODS_1_037,CA_4,2016-05-21,3.48,3.48,53,2015-05-23,2016-05-21
FOODS_1_037,TX_1,2016-05-21,3.48,3.48,53,2015-05-23,2016-05-21
FOODS_1_037,TX_2,2016-05-21,3.48,3.48,52,2015-05-23,2016-05-21
FOODS_1_037,TX_3,2016-05-21,3.48,3.48,53,2015-05-23,2016-05-21
FOODS_1_037,WI_1,2016-05-21,3.48,3.48,53,2015-05-23,2016-05-21
FOODS_1_037,WI_2,2016-05-21,3.48,3.48,53,2015-05-23,2016-05-21
FOODS_1_037,WI_3,2016-05-21,3.48,3.48,53,2015-05-23,2016-05-21
FOODS_1_055,CA_1,2016-05-21,4.38,4.38,50,2015-06-13,2016-05-21
FOODS_1_055,CA_2,2016-05-21,4.38,4.38,50,2015-06-13,2016-05-21
FOODS_1_055,CA_3,2016-05-21,4.38,3.5,9,2015-11-07,2016-01-16
FOODS_1_055,CA_3,2016-05-21,4.38,4.38,39,2015-06-13,2016-05-21
FOODS_1_055,CA_4,2016-05-21,4.38,4.38,50,2015-06-13,2016-05-21
FOODS_1_055,TX_1,2016-05-21,4.38,4.38,50,2015-06-13,2016-05-21
FOODS_1_055,TX_2,2016-05-21,4.38,4.38,50,2015-06-13,2016-05-21
FOODS_1_055,TX_3,2016-05-21,4.38,3.98,4,2015-05-23,2015-06-13
FOODS_1_055,TX_3,2016-05-21,4.38,4.38,49,2015-06-20,2016-05-21
FOODS_1_055,WI_1,2016-05-21,3.78,3.78,53,2015-05-23,2016-05-21
FOODS_1_055,WI_2,2016-05-21,3.78,3.78,53,2015-05-23,2016-05-21
FOODS_1_055,WI_3,2016-05-21,3.78,3.78,53,2015-05-23,2016-05-21
FOODS_1_061,CA_1,2016-05-21,2.24,2.24,53,2015-05-23,2016-05-21
FOODS_1_061,CA_2,2016-05-21,2.24,2.24,53,2015-05-23,2016-05-21
FOODS_1_061,CA_3,2016-05-21,2.24,2.24,53,2015-05-23,2016-05-21
FOODS_1_061,CA_4,2016-05-21,2.24,2.24,53,2015-05-23,2016-05-21
FOODS_1_061,TX_1,2016-05-21,2.24,2.24,53,2015-05-23,2016-05-21
FOODS_1_061,TX_2,2016-05-21,2.24,2.24,53,2015-05-23,2016-05-21
FOODS_1_061,TX_3,2016-05-21,2.24,2.24,53,2015-05-23,2016-05-21
FOODS_1_061,WI_1,2016-05-21,2.24,2.24,53,2015-05-23,2016-05-21
FOODS_1_061,WI_2,2016-05-21,2.24,2.24,53,2015-05-23,2016-05-21
FOODS_1_061,WI_3,2016-05-21,2.24,2.24,53,2015-05-23,2016-05-21
FOODS_1_074,CA_1,2016-05-21,2.24,2.24,53,2015-05-23,2016-05-21
FOODS_1_074,CA_2,2016-05-21,2.24,2.24,53,2015-05-23,2016-05-21
FOODS_1_074,CA_3,2016-05-21,2.24,1.98,5,2015-07-18,2015-08-15
FOODS_1_074,CA_3,2016-05-21,2.24,2.24,48,2015-05-23,2016-05-21
FOODS_1_074,CA_4,2016-05-21,2.24,2.24,53,2015-05-23,2016-05-21
FOODS_1_074,TX_1,2016-05-21,2.24,2.24,53,2015-05-23,2016-05-21
FOODS_1_074,TX_2,2016-05-21,2.24,2.24,53,2015-05-23,2016-05-21
FOODS_1_074,TX_3,2016-05-21,2.24,2.24,52,2015-05-23,2016-05-21
FOODS_1_074,WI_1,2016-05-21,2.24,2.24,53,2015-05-23,2016-05-21
FOODS_1_074,WI_2,2016-05-21,2.24,2.24,53,2015-05-23,2016-05-21
FOODS_1_074,WI_3,2016-05-21,2.24,2.24,53,2015-05-23,2016-05-21
FOODS_1_076,CA_1,2016-05-21,5.14,5.06,23,2015-06-27,2015-11-28
FOODS_1_076,CA_1,2016-05-21,5.14,5.14,25,2015-12-05,2016-05-21
FOODS_1_076,CA_1,2016-05-21,5.14,5.47,5,2015-05-23,2015-06-20
FOODS_1_076,CA_2,2016-05-21,5.14,5.06,24,2015-06-20,2015-11-28
FOODS_1_076,CA_2,2016-05-21,5.14,5.14,25,2015-12-05,2016-05-21
FOODS_1_076,CA_2,2016-05-21,5.14,5.47,4,2015-05-23,2015-06-13
FOODS_1_076,CA_3,2016-05-21,5.14,5.06,22,2015-06-27,2015-11-21
FOODS_1_076,CA_3,2016-05-21,5.14,5.14,26,2015-11-28,2016-05-21
FOODS_1_076,CA_3,2016-05-21,5.14,5.47,5,2015-05-23,2015-06-20
FOODS_1_076,CA_4,2016-05-21,5.14,5.06,24,2015-06-20,2015-11-28
FOODS_1_076,CA_4,2016-05-21,5.14,5.14,25,2015-12-05,2016-05-21
FOODS_1_076,CA_4,2016-05-21,5.14,5.47,4,2015-05-23,2015-06-13
FOODS_1_076,TX_1,2016-05-21,6.17,6.05,4,2015-05-23,2015-06-13
FOODS_1_076,TX_1,2016-05-21,6.17,6.09,23,2015-06-20,2015-11-21
FOODS_1_076,TX_1,2016-05-21,6.17,6.17,19,2016-01-16,2016-05-21
FOODS_1_076,TX_1,2016-05-21,6.17,6.27,7,2015-11-28,2016-01-09
FOODS_1_076,TX_2,2016-05-21,6.17,6.05,5,2015-05-23,2015-06-20
FOODS_1_076,TX_2,2016-05-21,6.17,6.09,22,2015-06-27,2015-11-21
FOODS_1_076,TX_2,2016-05-21,6.17,6.17,18,2016-01-23,2016-05-21
FOODS_1_076,TX_2,2016-05-21,6.17,6.27,8,2015-11-28,2016-01-16
FOODS_1_076,TX_3,2016-05-21,6.17,6.05,5,2015-05-23,2015-06-20
FOODS_1_076,TX_3,2016-05-21,6.17,6.09,24,2015-06-27,2015-12-05
FOODS_1_076,TX_3,2016-05-21,6.17,6.17,18,2016-01-23,2016-05-21
FOODS_1_076,TX_3,2016-05-21,6.17,6.27,6,2015-12-12,2016-01-16
FOODS_1_076,WI_1,2016-05-21,6.72,6.39,4,2015-11-07,2015-11-28
FOODS_1_076,WI_1,2016-05-21,6.72,6.64,19,2015-06-27,2015-10-31
FOODS_1_076,WI_1,2016-05-21,6.72,6.72,15,2016-02-13,2016-05-21
FOODS_1_076,WI_1,2016-05-21,6.72,6.77,7,2015-12-05,2016-01-16
FOODS_1_076,WI_1,2016-05-21,6.72,8.81,5,2015-05-23,2015-06-20
FOODS_1_076,WI_2,2016-05-21,6.72,6.64,15,2015-08-01,2015-11-07
FOODS_1_076,WI_2,2016-05-21,6.72,6.72,16,2016-02-06,2016-05-21
FOODS_1_076,WI_2,2016-05-21,6.72,6.77,8,2015-11-28,2016-01-16
FOODS_1_076,WI_2,2016-05-21,6.72,8.72,10,2015-05-23,2015-07-25
FOODS_1_076,WI_3,2016-05-21,6.72,6.64,15,2015-07-25,2015-10-31
FOODS_1_076,WI_3,2016-05-21,6.72,6.72,16,2016-02-06,2016-05-21
FOODS_1_076,WI_3,2016-05-21,6.72,6.77,8,2015-11-28,2016-01-16
FOODS_1_076,WI_3,2016-05-21,6.72,8.81,6,2015-06-13,2015-07-18
FOODS_1_081,CA_1,2016-05-21,5.64,5.56,28,2015-05-23,2015-11-28
FOODS_1_081,CA_1,2016-05-21,5.64,5.64,25,2015-12-05,2016-05-21
FOODS_1_081,CA_2,2016-05-21,5.64,5.56,27,2015-05-30,2015-11-28
FOODS_1_081,CA_2,2016-05-21,5.64,5.64,25,2015-12-05,2016-05-21
FOODS_1_081,CA_3,2016-05-21,5.64,5.56,28,2015-05-23,2015-11-28
FOODS_1_081,CA_3,2016-05-21,5.64,5.64,25,2015-12-05,2016-05-21
FOODS_1_081,CA_4,2016-05-21,5.64,5.56,27,2015-05-30,2015-11-28
FOODS_1_081,CA_4,2016-05-21,5.64,5.64,25,2015-12-05,2016-05-21
FOODS_1_081,TX_1,2016-05-21,6.27,6.18,8,2015-05-30,2015-07-18
FOODS_1_081,TX_1,2016-05-21,6.27,6.19,31,2015-07-25,2016-02-20
FOODS_1_081,TX_1,2016-05-21,6.27,6.27,13,2016-02-27,2016-05-21
FOODS_1_081,TX_2,2016-05-21,6.27,6.18,7,2015-05-30,2015-07-11
FOODS_1_081,TX_2,2016-05-21,6.27,6.19,20,2015-07-18,2015-11-28
FOODS_1_081,TX_2,2016-05-21,6.27,6.27,25,2015-12-05,2016-05-21
FOODS_1_081,TX_3,2016-05-21,6.27,6.18,7,2015-05-23,2015-07-04
FOODS_1_081,TX_3,2016-05-21,6.27,6.19,22,2015-07-11,2015-12-05
FOODS_1_081,TX_3,2016-05-21,6.27,6.27,24,2015-12-12,2016-05-21
FOODS_1_081,WI_1,2016-05-21,7.27,7.18,7,2015-05-30,2015-07-11
FOODS_1_081,WI_1,2016-05-21,7.27,7.19,19,2015-07-18,2015-11-21
FOODS_1_081,WI_1,2016-05-21,7.27,7.27,26,2015-11-28,2016-05-21
FOODS_1_081,WI_2,2016-05-21,7.27,7.18,7,2015-05-30,2015-07-11
FOODS_1_081,WI_2,2016-05-21,7.27,7.19,20,2015-07-18,2015-11-28
FOODS_1_081,WI_2,2016-05-21,7.27,7.27,25,2015-12-05,2016-05-21
FOODS_1_081,WI_3,2016-05-21,7.27,7.18,11,2015-06-13,2015-08-22
FOODS_1_081,WI_3,2016-05-21,7.27,7.19,14,2015-08-29,2015-11-28
FOODS_1_081,WI_3,2016-05-21,7.27,7.27,25,2015-12-05,2016-05-21
FOODS_1_087,CA_1,2016-05-21,5.64,5.56,27,2015-05-30,2015-11-28
FOODS_1_087,CA_1,2016-05-21,5.64,5.64,25,2015-12-05,2016-05-21
FOODS_1_087,CA_2,2016-05-21,5.64,5.56,26,2015-05-30,2015-11-21
FOODS_1_087,CA_2,2016-05-21,5.64,5.64,26,2015-11-28,2016-05-21
FOODS_1_087,CA_3,2016-05-21,5.64,5.56,26,2015-05-30,2015-11-21
FOODS_1_087,CA_3,2016-05-21,5.64,5.64,26,2015-11-28,2016-05-21
FOODS_1_087,CA_4,2016-05-21,5.64,5.56,26,2015-05-30,2015-11-21
FOODS_1_087,CA_4,2016-05-21,5.64,5.64,26,2015-11-28,2016-05-21
FOODS_1_087,TX_1,2016-05-21,6.27,6.18,7,2015-05-30,2015-07-11
FOODS_1_087,TX_1,2016-05-21,6.27,6.19,19,2015-07-18,2015-11-21
FOODS_1_087,TX_1,2016-05-21,6.27,6.27,26,2015-11-28,2016-05-21
FOODS_1_087,TX_2,2016-05-21,6.27,6.18,7,2015-05-30,2015-07-11
FOODS_1_087,TX_2,2016-05-21,6.27,6.19,19,2015-07-18,2015-11-21
FOODS_1_087,TX_2,2016-05-21,6.27,6.27,26,2015-11-28,2016-05-21
FOODS_1_087,TX_3,2016-05-21,6.27,6.18,6,2015-05-30,2015-07-04
FOODS_1_087,TX_3,2016-05-21,6.27,6.19,22,2015-07-11,2015-12-05
FOODS_1_087,TX_3,2016-05-21,6.27,6.27,24,2015-12-12,2016-05-21
FOODS_1_087,WI_1,2016-05-21,7.27,7.18,8,2015-05-23,2015-07-11
FOODS_1_087,WI_1,2016-05-21,7.27,7.19,19,2015-07-18,2015-11-21
FOODS_1_087,WI_1,2016-05-21,7.27,7.27,26,2015-11-28,2016-05-21
FOODS_1_087,WI_2,2016-05-21,7.27,7.18,7,2015-05-23,2015-07-04
FOODS_1_087,WI_2,2016-05-21,7.27,7.19,21,2015-07-11,2015-11-28
FOODS_1_087,WI_2,2016-05-21,7.27,7.27,25,2015-12-05,2016-05-21
FOODS_1_087,WI_3,2016-05-21,7.27,7.18,6,2015-06-13,2015-07-18
FOODS_1_087,WI_3,2016-05-21,7.27,7.19,18,2015-07-25,2015-11-21
FOODS_1_087,WI_3,2016-05-21,7.27,7.27,26,2015-11-28,2016-05-21
FOODS_1_096,CA_1,2016-05-21,5.74,5.66,28,2015-05-23,2015-11-28
FOODS_1_096,CA_1,2016-05-21,5.74,5.74,25,2015-12-05,2016-05-21
FOODS_1_096,CA_2,2016-05-21,5.74,5.66,27,2015-05-23,2015-11-21
FOODS_1_096,CA_2,2016-05-21,5.74,5.74,26,2015-11-28,2016-05-21
FOODS_1_096,CA_3,2016-05-21,5.74,5.66,28,2015-05-23,2015-11-28
FOODS_1_096,CA_3,2016-05-21,5.74,5.74,25,2015-12-05,2016-05-21
FOODS_1_096,CA_4,2016-05-21,5.74,5.66,27,2015-05-23,2015-11-21
FOODS_1_096,CA_4,2016-05-21,5.74,5.74,26,2015-11-28,2016-05-21
FOODS_1_096,TX_1,2016-05-21,6.38,6.1,27,2015-05-23,2015-11-21
FOODS_1_096,TX_1,2016-05-21,6.38,6.18,12,2015-11-28,2016-02-13
FOODS_1_096,TX_1,2016-05-21,6.38,6.38,14,2016-02-20,2016-05-21
FOODS_1_096,TX_2,2016-05-21,6.38,6.1,27,2015-05-23,2015-11-21
FOODS_1_096,TX_2,2016-05-21,6.38,6.18,10,2015-11-28,2016-01-30
FOODS_1_096,TX_2,2016-05-21,6.38,6.38,16,2016-02-06,2016-05-21
FOODS_1_096,TX_3,2016-05-21,6.38,6.1,29,2015-05-23,2015-12-05
FOODS_1_096,TX_3,2016-05-21,6.38,6.18,8,2015-12-12,2016-01-30
FOODS_1_096,TX_3,2016-05-21,6.38,6.38,16,2016-02-06,2016-05-21
FOODS_1_096,WI_1,2016-05-21,7.23,7.18,27,2015-05-23,2015-11-21
FOODS_1_096,WI_1,2016-05-21,7.23,7.23,16,2016-02-06,2016-05-21
FOODS_1_096,WI_1,2016-05-21,7.23,7.26,10,2015-11-28,2016-01-30
FOODS_1_096,WI_2,2016-05-21,7.23,7.18,26,2015-05-30,2015-11-21
FOODS_1_096,WI_2,2016-05-21,7.23,7.23,16,2016-02-06,2016-05-21
FOODS_1_096,WI_2,2016-05-21,7.23,7.26,10,2015-11-28,2016-01-30
FOODS_1_096,WI_3,2016-05-21,7.23,7.1,5,2015-05-23,2015-06-20
FOODS_1_096,WI_3,2016-05-21,7.23,7.18,23,2015-06-27,2015-11-28
FOODS_1_096,WI_3,2016-05-21,7.23,7.23,16,2016-02-06,2016-05-21
FOODS_1_096,WI_3,2016-05-21,7.23,7.26,9,2015-12-05,2016-01-30
FOODS_1_129,CA_1,2016-05-21,5.74,5.66,28,2015-05-23,2015-11-28
FOODS_1_129,CA_1,2016-05-21,5.74,5.74,25,2015-12-05,2016-05-21
FOODS_1_129,CA_2,2016-05-21,5.74,5.66,28,2015-05-23,2015-11-28
FOODS_1_129,CA_2,2016-05-21,5.74,5.74,25,2015-12-05,2016-05-21
FOODS_1_129,CA_3,2016-05-21,5.74,5.66,27,2015-05-23,2015-11-21
FOODS_1_129,CA_3,2016-05-21,5.74,5.74,26,2015-11-28,2016-05-21
FOODS_1_129,CA_4,2016-05-21,5.74,5.66,27,2015-05-30,2015-11-28
FOODS_1_129,CA_4,2016-05-21,5.74,5.74,25,2015-12-05,2016-05-21
FOODS_1_129,TX_1,2016-05-21,6.38,6.1,27,2015-05-23,2015-11-21
FOODS_1_129,TX_1,2016-05-21,6.38,6.18,10,2015-11-28,2016-01-30
FOODS_1_129,TX_1,2016-05-21,6.38,6.38,16,2016-02-06,2016-05-21
FOODS_1_129,TX_2,2016-05-21,6.38,6.1,27,2015-05-23,2015-11-21
FOODS_1_129,TX_2,2016-05-21,6.38,6.18,10,2015-11-28,2016-01-30
FOODS_1_129,TX_2,2016-05-21,6.38,6.38,16,2016-02-06,2016-05-21
FOODS_1_129,TX_3,2016-05-21,6.38,6.02,15,2015-05-23,2015-08-29
FOODS_1_129,TX_3,2016-05-21,6.38,6.1,13,2015-09-05,2015-11-28
FOODS_1_129,TX_3,2016-05-21,6.38,6.18,9,2015-12-05,2016-01-30
FOODS_1_129,TX_3,2016-05-21,6.38,6.38,16,2016-02-06,2016-05-21
FOODS_1_129,WI_1,2016-05-21,7.23,7.18,28,2015-05-23,2015-11-28
FOODS_1_129,WI_1,2016-05-21,7.23,7.23,16,2016-02-06,2016-05-21
FOODS_1_129,WI_1,2016-05-21,7.23,7.26,9,2015-12-05,2016-01-30
FOODS_1_129,WI_2,2016-05-21,7.23,7.18,26,2015-05-30,2015-11-21
FOODS_1_129,WI_2,2016-05-21,7.23,7.23,16,2016-02-06,2016-05-21
FOODS_1_129,WI_2,2016-05-21,7.23,7.26,10,2015-11-28,2016-01-30
FOODS_1_129,WI_3,2016-05-21,7.23,7.18,24,2015-06-13,2015-11-21
FOODS_1_129,WI_3,2016-05-21,7.23,7.23,16,2016-02-06,2016-05-21
FOODS_1_129,WI_3,2016-05-21,7.23,7.26,10,2015-11-28,2016-01-30
FOODS_1_150,CA_1,2016-05-21,5.28,5.28,53,2015-05-23,2016-05-21
FOODS_1_150,CA_2,2016-05-21,5.28,5.28,53,2015-05-23,2016-05-21
FOODS_1_150,CA_3,2016-05-21,5.28,4.74,16,2015-05-30,2015-09-12
FOODS_1_150,CA_3,2016-05-21,5.28,5.28,36,2015-09-19,2016-05-21
FOODS_1_150,CA_4,2016-05-21,5.28,5.28,53,2015-05-23,2016-05-21
FOODS_1_150,TX_1,2016-05-21,5.28,5.28,53,2015-05-23,2016-05-21
FOODS_1_150,TX_2,2016-05-21,5.28,5.28,53,2015-05-23,2016-05-21
FOODS_1_150,TX_3,2016-05-21,5.28,5.28,53,2015-05-23,2016-05-21
FOODS_1_150,WI_1,2016-05-21,5.28,5.28,53,2015-05-23,2016-05-21
FOODS_1_150,WI_2,2016-05-21,5.28,5.28,53,2015-05-23,2016-05-21
FOODS_1_150,WI_3,2016-05-21,5.28,5.28,53,2015-05-23,2016-05-21
FOODS_1_166,CA_1,2016-05-21,2.24,2.24,53,2015-05-23,2016-05-21
FOODS_1_166,CA_2,2016-05-21,2.24,2.24,53,2015-05-23,2016-05-21
FOODS_1_166,CA_3,2016-05-21,2.24,1.98,12,2015-10-17,2016-01-02
FOODS_1_166,CA_3,2016-05-21,2.24,2.24,41,2015-05-23,2016-05-21
FOODS_1_166,CA_4,2016-05-21,2.24,2.24,53,2015-05-23,2016-05-21
FOODS_1_166,TX_1,2016-05-21,2.24,2.24,53,2015-05-23,2016-05-21
FOODS_1_166,TX_2,2016-05-21,2.24,2.24,53,2015-05-23,2016-05-21
FOODS_1_166,TX_3,2016-05-21,2.24,2.24,53,2015-05-23,2016-05-21
FOODS_1_166,WI_1,2016-05-21,2.24,2.24,53,2015-05-23,2016-05-21
FOODS_1_166,WI_2,2016-05-21,2.24,2.24,53,2015-05-23,2016-05-21
FOODS_1_166,WI_3,2016-05-21,2.24,2.24,53,2015-05-23,2016-05-21
FOODS_1_170,CA_1,2016-05-21,5.64,5.56,26,2015-05-30,2015-11-21
FOODS_1_170,CA_1,2016-05-21,5.64,5.64,26,2015-11-28,2016-05-21
FOODS_1_170,CA_2,2016-05-21,5.64,5.56,27,2015-05-30,2015-11-28
FOODS_1_170,CA_2,2016-05-21,5.64,5.64,25,2015-12-05,2016-05-21
FOODS_1_170,CA_3,2016-05-21,5.64,5.56,26,2015-05-30,2015-11-21
FOODS_1_170,CA_3,2016-05-21,5.64,5.64,26,2015-11-28,2016-05-21
FOODS_1_170,CA_4,2016-05-21,5.64,5.56,26,2015-05-30,2015-11-21
FOODS_1_170,CA_4,2016-05-21,5.64,5.64,26,2015-11-28,2016-05-21
FOODS_1_170,TX_1,2016-05-21,6.27,6.18,7,2015-05-30,2015-07-11
FOODS_1_170,TX_1,2016-05-21,6.27,6.19,19,2015-07-18,2015-11-21
FOODS_1_170,TX_1,2016-05-21,6.27,6.27,26,2015-11-28,2016-05-21
FOODS_1_170,TX_2,2016-05-21,6.27,6.18,7,2015-05-30,2015-07-11
FOODS_1_170,TX_2,2016-05-21,6.27,6.19,19,2015-07-18,2015-11-21
FOODS_1_170,TX_2,2016-05-21,6.27,6.27,26,2015-11-28,2016-05-21
FOODS_1_170,TX_3,2016-05-21,6.27,6.18,10,2015-05-23,2015-07-25
FOODS_1_170,TX_3,2016-05-21,6.27,6.19,19,2015-08-01,2015-12-05
FOODS_1_170,TX_3,2016-05-21,6.27,6.27,24,2015-12-12,2016-05-21
FOODS_1_170,WI_1,2016-05-21,7.27,7.18,8,2015-05-23,2015-07-11
FOODS_1_170,WI_1,2016-05-21,7.27,7.19,19,2015-07-18,2015-11-21
FOODS_1_170,WI_1,2016-05-21,7.27,7.27,26,2015-11-28,2016-05-21
FOODS_1_170,WI_2,2016-05-21,7.27,7.18,8,2015-05-23,2015-07-11
FOODS_1_170,WI_2,2016-05-21,7.27,7.19,20,2015-07-18,2015-11-28
FOODS_1_170,WI_2,2016-05-21,7.27,7.27,25,2015-12-05,2016-05-21
FOODS_1_170,WI_3,2016-05-21,7.27,7.18,6,2015-06-13,2015-07-18
FOODS_1_170,WI_3,2016-05-21,7.27,7.19,19,2015-07-25,2015-11-28
FOODS_1_170,WI_3,2016-05-21,7.27,7.27,25,2015-12-05,2016-05-21
FOODS_1_187,CA_1,2016-05-21,9.98,9.94,44,2015-07-18,2016-05-14
FOODS_1_187,CA_1,2016-05-21,9.98,9.98,9,2015-05-23,2016-05-21
FOODS_1_187,CA_2,2016-05-21,9.98,9.94,43,2015-07-18,2016-05-07
FOODS_1_187,CA_2,2016-05-21,9.98,9.98,10,2015-05-23,2016-05-21
FOODS_1_187,CA_3,2016-05-21,9.98,8.98,8,2015-05-23,2015-07-11
FOODS_1_187,CA_3,2016-05-21,9.98,9.94,43,2015-07-18,2016-05-07
FOODS_1_187,CA_3,2016-05-21,9.98,9.98,2,2016-05-14,2016-05-21
FOODS_1_187,CA_4,2016-05-21,9.98,9.94,43,2015-07-18,2016-05-07
FOODS_1_187,CA_4,2016-05-21,9.98,9.98,10,2015-05-23,2016-05-21
FOODS_1_187,TX_1,2016-05-21,9.98,9.94,44,2015-07-18,2016-05-14
FOODS_1_187,TX_1,2016-05-21,9.98,9.98,9,2015-05-23,2016-05-21
FOODS_1_187,TX_2,2016-05-21,9.98,9.94,44,2015-07-18,2016-05-14
FOODS_1_187,TX_2,2016-05-21,9.98,9.98,9,2015-05-23,2016-05-21
FOODS_1_187,TX_3,2016-05-21,9.98,9.94,42,2015-07-25,2016-05-07
FOODS_1_187,TX_3,2016-05-21,9.98,9.98,11,2015-05-23,2016-05-21
FOODS_1_187,WI_1,2016-05-21,9.98,9.94,43,2015-07-18,2016-05-07
FOODS_1_187,WI_1,2016-05-21,9.98,9.98,10,2015-05-23,2016-05-21
FOODS_1_187,WI_2,2016-05-21,9.98,9.94,42,2015-07-25,2016-05-07
FOODS_1_187,WI_2,2016-05-21,9.98,9.98,11,2015-05-23,2016-05-21
FOODS_1_187,WI_3,2016-05-21,9.98,9.94,43,2015-07-18,2016-05-07
FOODS_1_187,WI_3,2016-05-21,9.98,9.98,10,2015-05-23,2016-05-21
FOODS_1_192,CA_1,2016-05-21,2.24,2.24,53,2015-05-23,2016-05-21
FOODS_1_192,CA_2,2016-05-21,2.24,2.24,50,2015-05-23,2016-05-21
FOODS_1_192,CA_3,2016-05-21,2.24,1.98,14,2015-07-11,2016-04-16
FOODS_1_192,CA_3,2016-05-21,2.24,2.24,39,2015-05-23,2016-05-21
FOODS_1_192,CA_4,2016-05-21,2.24,2.24,53,2015-05-23,2016-05-21
FOODS_1_192,TX_1,2016-05-21,2.24,2.24,53,2015-05-23,2016-05-21
FOODS_1_192,TX_2,2016-05-21,2.24,2.24,53,2015-05-23,2016-05-21
FOODS_1_192,TX_3,2016-05-21,2.24,2.24,53,2015-05-23,2016-05-21
FOODS_1_192,WI_1,2016-05-21,2.24,2.24,53,2015-05-23,2016-05-21
FOODS_1_192,WI_2,2016-05-21,2.24,2.24,53,2015-05-23,2016-05-21
FOODS_1_192,WI_3,2016-05-21,2.24,2.24,53,2015-05-23,2016-05-21
FOODS_1_201,CA_1,2016-05-21,2.24,2.24,53,2015-05-23,2016-05-21
FOODS_1_201,CA_2,2016-05-21,2.24,2.24,53,2015-05-23,2016-05-21
FOODS_1_201,CA_3,2016-05-21,2.24,1.98,7,2015-11-14,2015-12-26
FOODS_1_201,CA_3,2016-05-21,2.24,2.24,46,2015-05-23,2016-05-21
FOODS_1_201,CA_4,2016-05-21,2.24,2.24,53,2015-05-23,2016-05-21
FOODS_1_201,TX_1,2016-05-21,2.24,2.24,53,2015-05-23,2016-05-21
FOODS_1_201,TX_2,2016-05-21,2.24,2.24,53,2015-05-23,2016-05-21
FOODS_1_201,TX_3,2016-05-21,2.24,2.24,52,2015-05-23,2016-05-21
FOODS_1_201,WI_1,2016-05-21,2.24,2.24,53,2015-05-23,2016-05-21
FOODS_1_201,WI_2,2016-05-21,2.24,2.24,53,2015-05-23,2016-05-21
FOODS_1_201,WI_3,2016-05-21,2.24,2.24,53,2015-05-23,2016-05-21
FOODS_1_206,CA_1,2016-05-21,2.23,1.98,33,2015-05-23,2016-01-02
FOODS_1_206,CA_1,2016-05-21,2.23,2.23,20,2016-01-09,2016-05-21
FOODS_1_206,CA_2,2016-05-21,2.23,1.98,33,2015-05-23,2016-01-02
FOODS_1_206,CA_2,2016-05-21,2.23,2.23,20,2016-01-09,2016-05-21
FOODS_1_206,CA_3,2016-05-21,2.23,1.98,33,2015-05-23,2016-01-02
FOODS_1_206,CA_3,2016-05-21,2.23,2.23,20,2016-01-09,2016-05-21
FOODS_1_206,CA_4,2016-05-21,2.23,1.98,43,2015-05-23,2016-03-12
FOODS_1_206,CA_4,2016-05-21,2.23,2.23,10,2016-03-19,2016-05-21
FOODS_1_206,TX_1,2016-05-21,2.23,1.98,33,2015-05-23,2016-01-02
FOODS_1_206,TX_1,2016-05-21,2.23,2.23,20,2016-01-09,2016-05-21
FOODS_1_206,TX_2,2016-05-21,2.23,1.98,32,2015-05-23,2015-12-26
FOODS_1_206,TX_2,2016-05-21,2.23,2.23,21,2016-01-02,2016-05-21
FOODS_1_206,TX_3,2016-05-21,2.23,1.98,32,2015-05-23,2015-12-26
FOODS_1_206,TX_3,2016-05-21,2.23,2.23,21,2016-01-02,2016-05-21
FOODS_1_206,WI_1,2016-05-21,2.23,1.98,33,2015-05-23,2016-01-02
FOODS_1_206,WI_1,2016-05-21,2.23,2.23,20,2016-01-09,2016-05-21
FOODS_1_206,WI_2,2016-05-21,2.23,1.98,32,2015-05-23,2015-12-26
FOODS_1_206,WI_2,2016-05-21,2.23,2.23,21,2016-01-02,2016-05-21
FOODS_1_206,WI_3,2016-05-21,2.23,1.98,33,2015-05-23,2016-01-02
FOODS_1_206,WI_3,2016-05-21,2.23,2.23,20,2016-01-09,2016-05-21
FOODS_1_219,CA_1,2016-05-21,2.24,2.24,53,2015-05-23,2016-05-21
FOODS_1_219,CA_2,2016-05-21,2.24,2.24,53,2015-05-23,2016-05-21
FOODS_1_219,CA_3,2016-05-21,2.24,1.98,8,2015-11-07,2015-12-26
FOODS_1_219,CA_3,2016-05-21,2.24,2.24,45,2015-05-23,2016-05-21
FOODS_1_219,CA_4,2016-05-21,2.24,2.24,53,2015-05-23,2016-05-21
FOODS_1_219,TX_1,2016-05-21,2.24,2.24,53,2015-05-23,2016-05-21
FOODS_1_219,TX_2,2016-05-21,2.24,2.24,53,2015-05-23,2016-05-21
FOODS_1_219,TX_3,2016-05-21,2.24,2.24,53,2015-05-23,2016-05-21
FOODS_1_219,WI_1,2016-05-21,2.24,2.24,53,2015-05-23,2016-05-21
FOODS_1_219,WI_2,2016-05-21,2.24,2.24,53,2015-05-23,2016-05-21
FOODS_1_219,WI_3,2016-05-21,2.24,2.24,53,2015-05-23,2016-05-21
FOODS_2_019,CA_1,2016-05-21,3.42,3.34,5,2015-05-23,2015-06-20
FOODS_2_019,CA_1,2016-05-21,3.42,3.42,48,2015-06-27,2016-05-21
FOODS_2_019,CA_2,2016-05-21,3.42,3.42,29,2015-11-07,2016-05-21
FOODS_2_019,CA_2,2016-05-21,3.42,3.43,24,2015-05-23,2015-10-31
FOODS_2_019,CA_3,2016-05-21,3.42,3.34,6,2015-05-23,2015-06-27
FOODS_2_019,CA_3,2016-05-21,3.42,3.42,47,2015-07-04,2016-05-21
FOODS_2_019,CA_4,2016-05-21,3.42,3.34,6,2015-05-23,2015-06-27
FOODS_2_019,CA_4,2016-05-21,3.42,3.42,47,2015-07-04,2016-05-21
FOODS_2_019,TX_1,2016-05-21,2.98,2.88,23,2015-05-23,2015-10-24
FOODS_2_019,TX_1,2016-05-21,2.98,2.98,30,2015-10-31,2016-05-21
FOODS_2_019,TX_2,2016-05-21,2.98,2.88,24,2015-05-23,2015-10-31
FOODS_2_019,TX_2,2016-05-21,2.98,2.98,29,2015-11-07,2016-05-21
FOODS_2_019,TX_3,2016-05-21,2.98,2.88,24,2015-05-23,2015-10-31
FOODS_2_019,TX_3,2016-05-21,2.98,2.98,29,2015-11-07,2016-05-21
FOODS_2_019,WI_1,2016-05-21,3.42,3.34,6,2015-05-23,2015-06-27
FOODS_2_019,WI_1,2016-05-21,3.42,3.42,47,2015-07-04,2016-05-21
FOODS_2_019,WI_2,2016-05-21,3.42,3.34,7,2015-05-23,2015-07-04
FOODS_2_019,WI_2,2016-05-21,3.42,3.42,46,2015-07-11,2016-05-21
FOODS_2_019,WI_3,2016-05-21,3.42,3.34,7,2015-05-23,2015-07-04
FOODS_2_019,WI_3,2016-05-21,3.42,3.42,46,2015-07-11,2016-05-21
FOODS_2_021,CA_1,2016-05-21,0.94,0.94,51,2015-05-23,2016-05-21
FOODS_2_021,CA_3,2016-05-21,0.94,0.84,17,2015-10-31,2016-02-20
FOODS_2_021,CA_3,2016-05-21,0.94,0.94,34,2015-05-23,2016-05-21
FOODS_2_021,CA_4,2016-05-21,0.94,0.94,52,2015-05-23,2016-05-21
FOODS_2_021,TX_1,2016-05-21,0.94,0.94,51,2015-05-23,2016-05-21
FOODS_2_021,TX_2,2016-05-21,0.94,0.94,52,2015-05-23,2016-05-21
FOODS_2_021,TX_3,2016-05-21,0.94,0.94,52,2015-05-23,2016-05-21
FOODS_2_021,WI_1,2016-05-21,0.94,0.94,51,2015-05-23,2016-05-21
FOODS_2_021,WI_2,2016-05-21,0.94,0.94,51,2015-05-23,2016-05-21
FOODS_2_021,WI_3,2016-05-21,0.94,0.94,51,2015-05-23,2016-05-21
FOODS_2_034,CA_1,2016-05-21,2.5,2.5,53,2015-05-23,2016-05-21
FOODS_2_034,CA_2,2016-05-21,2.5,2.5,53,2015-05-23,2016-05-21
FOODS_2_034,CA_3,2016-05-21,2.5,2.5,53,2015-05-23,2016-05-21
FOODS_2_034,CA_4,2016-05-21,2.5,2.5,53,2015-05-23,2016-05-21
FOODS_2_034,TX_1,2016-05-21,2.5,2.5,53,2015-05-23,2016-05-21
FOODS_2_034,TX_2,2016-05-21,2.5,2.5,53,2015-05-23,2016-05-21
FOODS_2_034,TX_3,2016-05-21,2.5,2.5,52,2015-05-23,2016-05-21
FOODS_2_034,WI_1,2016-05-21,2.5,2.5,53,2015-05-23,2016-05-21
FOODS_2_034,WI_2,2016-05-21,2.5,2.5,53,2015-05-23,2016-05-21
FOODS_2_034,WI_3,2016-05-21,2.5,2.5,52,2015-05-30,2016-05-21
FOODS_2_036,CA_1,2016-05-21,3.74,3.74,50,2015-06-06,2016-05-21
FOODS_2_036,CA_2,2016-05-21,3.74,3.5,4,2015-05-23,2016-03-26
FOODS_2_036,CA_2,2016-05-21,3.74,3.74,49,2015-06-06,2016-05-21
FOODS_2_036,CA_3,2016-05-21,3.74,3.5,4,2015-05-23,2016-04-02
FOODS_2_036,CA_3,2016-05-21,3.74,3.74,49,2015-06-06,2016-05-21
FOODS_2_036,CA_4,2016-05-21,3.74,3.74,50,2015-06-06,2016-05-21
FOODS_2_036,TX_1,2016-05-21,3.5,3.5,53,2015-05-23,2016-05-21
FOODS_2_036,TX_2,2016-05-21,3.5,3.5,53,2015-05-23,2016-05-21
FOODS_2_036,TX_3,2016-05-21,3.5,3.5,53,2015-05-23,2016-05-21
FOODS_2_036,WI_1,2016-05-21,3.5,3.5,53,2015-05-23,2016-05-21
FOODS_2_036,WI_2,2016-05-21,3.5,3.5,53,2015-05-23,2016-05-21
FOODS_2_036,WI_3,2016-05-21,3.5,3.5,53,2015-05-23,2016-05-21
FOODS_2_052,CA_1,2016-05-21,13.97,13.97,53,2015-05-23,2016-05-21
FOODS_2_052,CA_2,2016-05-21,13.97,13.97,53,2015-05-23,2016-05-21
FOODS_2_052,CA_3,2016-05-21,13.97,11.47,12,2015-11-07,2016-01-30
FOODS_2_052,CA_3,2016-05-21,13.97,13.97,40,2015-05-23,2016-05-21
FOODS_2_052,CA_4,2016-05-21,13.97,13.97,53,2015-05-23,2016-05-21
FOODS_2_052,TX_1,2016-05-21,13.97,13.97,53,2015-05-23,2016-05-21
FOODS_2_052,TX_2,2016-05-21,13.97,13.97,53,2015-05-23,2016-05-21
FOODS_2_052,TX_3,2016-05-21,13.97,13.97,53,2015-05-23,2016-05-21
FOODS_2_052,WI_1,2016-05-21,13.97,13.97,53,2015-05-23,2016-05-21
FOODS_2_052,WI_2,2016-05-21,13.97,13.97,53,2015-05-23,2016-05-21
FOODS_2_052,WI_3,2016-05-21,13.97,13.97,53,2015-05-23,2016-05-21
FOODS_2_056,CA_1,2016-05-21,6.98,6.98,53,2015-05-23,2016-05-21
FOODS_2_056,CA_2,2016-05-21,6.98,6.98,53,2015-05-23,2016-05-21
FOODS_2_056,CA_3,2016-05-21,6.98,6.98,53,2015-05-23,2016-05-21
FOODS_2_056,CA_4,2016-05-21,6.98,6.98,53,2015-05-23,2016-05-21
FOODS_2_056,TX_1,2016-05-21,6.98,6.98,53,2015-05-23,2016-05-21
FOODS_2_056,TX_2,2016-05-21,6.98,6.98,53,2015-05-23,2016-05-21
FOODS_2_056,TX_3,2016-05-21,6.98,6.98,53,2015-05-23,2016-05-21
FOODS_2_056,WI_1,2016-05-21,6.98,6.98,53,2015-05-23,2016-05-21
FOODS_2_056,WI_2,2016-05-21,6.98,6.98,53,2015-05-23,2016-05-21
FOODS_2_056,WI_3,2016-05-21,6.98,6.98,53,2015-05-23,2016-05-21
FOODS_2_061,CA_1,2016-05-21,2.0,2.0,53,2015-05-23,2016-05-21
FOODS_2_061,CA_2,2016-05-21,2.0,2.0,53,2015-05-23,2016-05-21
FOODS_2_061,CA_3,2016-05-21,2.0,2.0,53,2015-05-23,2016-05-21
FOODS_2_061,CA_4,2016-05-21,2.0,2.0,53,2015-05-23,2016-05-21
FOODS_2_061,TX_1,2016-05-21,2.0,2.0,53,2015-05-23,2016-05-21
FOODS_2_061,TX_2,2016-05-21,2.0,2.0,52,2015-05-23,2016-05-21
FOODS_2_061,TX_3,2016-05-21,2.0,2.0,53,2015-05-23,2016-05-21
FOODS_2_061,WI_1,2016-05-21,2.0,2.0,53,2015-05-23,2016-05-21
FOODS_2_061,WI_2,2016-05-21,2.0,2.0,53,2015-05-23,2016-05-21
FOODS_2_061,WI_3,2016-05-21,2.0,2.0,53,2015-05-23,2016-05-21
FOODS_2_063,CA_1,2016-05-21,2.96,2.96,53,2015-05-23,2016-05-21
FOODS_2_063,CA_2,2016-05-21,2.96,2.96,53,2015-05-23,2016-05-21
FOODS_2_063,CA_3,2016-05-21,2.96,2.96,53,2015-05-23,2016-05-21
FOODS_2_063,CA_4,2016-05-21,2.96,2.96,53,2015-05-23,2016-05-21
FOODS_2_063,TX_1,2016-05-21,2.42,2.42,53,2015-05-23,2016-05-21
FOODS_2_063,TX_2,2016-05-21,2.42,2.42,53,2015-05-23,2016-05-21
FOODS_2_063,TX_3,2016-05-21,2.42,2.42,53,2015-05-23,2016-05-21
FOODS_2_063,WI_1,2016-05-21,2.96,2.84,8,2015-05-23,2015-07-11
FOODS_2_063,WI_1,2016-05-21,2.96,2.96,45,2015-07-18,2016-05-21
FOODS_2_063,WI_2,2016-05-21,2.96,2.84,7,2015-05-23,2015-07-04
FOODS_2_063,WI_2,2016-05-21,2.96,2.96,46,2015-07-11,2016-05-21
FOODS_2_063,WI_3,2016-05-21,2.96,2.84,11,2015-05-23,2015-08-01
FOODS_2_063,WI_3,2016-05-21,2.96,2.96,42,2015-08-08,2016-05-21
FOODS_2_119,CA_1,2016-05-21,2.67,2.67,53,2015-05-23,2016-05-21
FOODS_2_119,CA_2,2016-05-21,2.67,2.67,53,2015-05-23,2016-05-21
FOODS_2_119,CA_3,2016-05-21,2.67,2.67,53,2015-05-23,2016-05-21
FOODS_2_119,CA_4,2016-05-21,2.67,2.67,53,2015-05-23,2016-05-21
FOODS_2_119,TX_1,2016-05-21,2.22,2.22,53,2015-05-23,2016-05-21
FOODS_2_119,TX_2,2016-05-21,2.22,2.22,53,2015-05-23,2016-05-21
FOODS_2_119,TX_3,2016-05-21,2.22,2.22,53,2015-05-23,2016-05-21
FOODS_2_119,WI_1,2016-05-21,2.67,2.67,53,2015-05-23,2016-05-21
FOODS_2_119,WI_2,2016-05-21,2.67,2.67,53,2015-05-23,2016-05-21
FOODS_2_119,WI_3,2016-05-21,2.67,2.67,53,2015-05-23,2016-05-21
FOODS_2_128,CA_1,2016-05-21,0.94,0.94,51,2015-05-23,2016-05-21
FOODS_2_128,CA_2,2016-05-21,0.94,0.94,51,2015-05-23,2016-05-21
FOODS_2_128,CA_3,2016-05-21,0.94,0.84,17,2015-10-31,2016-02-20
FOODS_2_128,CA_3,2016-05-21,0.94,0.94,34,2015-05-23,2016-05-21
FOODS_2_128,CA_4,2016-05-21,0.94,0.94,52,2015-05-23,2016-05-21
FOODS_2_128,TX_1,2016-05-21,0.94,0.94,51,2015-05-23,2016-05-21
FOODS_2_128,TX_2,2016-05-21,0.94,0.94,51,2015-05-23,2016-05-21
FOODS_2_128,TX_3,2016-05-21,0.94,0.94,52,2015-05-23,2016-05-21
FOODS_2_128,WI_1,2016-05-21,0.94,0.94,51,2015-05-23,2016-05-21
FOODS_2_128,WI_2,2016-05-21,0.94,0.94,51,2015-05-23,2016-05-21
FOODS_2_128,WI_3,2016-05-21,0.94,0.94,51,2015-05-23,2016-05-21
FOODS_2_152,CA_1,2016-05-21,2.42,2.42,53,2015-05-23,2016-05-21
FOODS_2_152,CA_2,2016-05-21,2.42,2.42,53,2015-05-23,2016-05-21
FOODS_2_152,CA_3,2016-05-21,2.42,2.42,53,2015-05-23,2016-05-21
FOODS_2_152,CA_4,2016-05-21,2.42,2.42,53,2015-05-23,2016-05-21
FOODS_2_152,TX_1,2016-05-21,2.22,2.22,53,2015-05-23,2016-05-21
FOODS_2_152,TX_2,2016-05-21,2.22,2.22,53,2015-05-23,2016-05-21
FOODS_2_152,TX_3,2016-05-21,2.22,2.22,53,2015-05-23,2016-05-21
FOODS_2_152,WI_1,2016-05-21,2.42,2.42,53,2015-05-23,2016-05-21
FOODS_2_152,WI_2,2016-05-21,2.42,2.42,53,2015-05-23,2016-05-21
FOODS_2_152,WI_3,2016-05-21,2.42,2.42,53,2015-05-23,2016-05-21
FOODS_2_166,CA_1,2016-05-21,2.18,2.18,53,2015-05-23,2016-05-21
FOODS_2_166,CA_2,2016-05-21,2.18,1.98,4,2016-04-02,2016-04-23
FOODS_2_166,CA_2,2016-05-21,2.18,2.18,49,2015-05-23,2016-05-21
FOODS_2_166,CA_3,2016-05-21,2.18,1.98,25,2015-08-15,2016-04-23
FOODS_2_166,CA_3,2016-05-21,2.18,2.18,28,2015-05-23,2016-05-21
FOODS_2_166,CA_4,2016-05-21,2.18,2.18,53,2015-05-23,2016-05-21
FOODS_2_166,TX_1,2016-05-21,2.18,2.18,53,2015-05-23,2016-05-21
FOODS_2_166,TX_2,2016-05-21,2.18,2.18,53,2015-05-23,2016-05-21
FOODS_2_166,TX_3,2016-05-21,2.18,2.18,53,2015-05-23,2016-05-21
FOODS_2_166,WI_1,2016-05-21,1.87,1.87,53,2015-05-23,2016-05-21
FOODS_2_166,WI_2,2016-05-21,1.87,1.87,53,2015-05-23,2016-05-21
FOODS_2_166,WI_3,2016-05-21,1.87,1.87,53,2015-05-23,2016-05-21
FOODS_2_171,CA_1,2016-05-21,2.97,2.97,53,2015-05-23,2016-05-21
FOODS_2_171,CA_2,2016-05-21,2.97,2.97,53,2015-05-23,2016-05-21
FOODS_2_171,CA_3,2016-05-21,2.97,2.97,53,2015-05-23,2016-05-21
FOODS_2_171,CA_4,2016-05-21,2.97,2.97,53,2015-05-23,2016-05-21
FOODS_2_171,TX_1,2016-05-21,2.74,2.74,53,2015-05-23,2016-05-21
FOODS_2_171,TX_2,2016-05-21,2.74,2.74,53,2015-05-23,2016-05-21
FOODS_2_171,TX_3,2016-05-21,2.74,2.74,53,2015-05-23,2016-05-21
FOODS_2_171,WI_1,2016-05-21,2.97,2.97,53,2015-05-23,2016-05-21
FOODS_2_171,WI_2,2016-05-21,2.97,2.97,53,2015-05-23,2016-05-21
FOODS_2_171,WI_3,2016-05-21,2.97,2.97,53,2015-05-23,2016-05-21
FOODS_2_182,CA_1,2016-05-21,2.0,1.98,4,2015-05-23,2015-06-13
FOODS_2_182,CA_1,2016-05-21,2.0,2.0,44,2015-07-25,2016-05-21
FOODS_2_182,CA_1,2016-05-21,2.0,2.14,5,2015-06-20,2015-07-18
FOODS_2_182,CA_2,2016-05-21,2.0,1.96,4,2015-05-23,2015-06-13
FOODS_2_182,CA_2,2016-05-21,2.0,2.0,44,2015-07-25,2016-05-21
FOODS_2_182,CA_2,2016-05-21,2.0,2.14,5,2015-06-20,2015-07-18
FOODS_2_182,CA_3,2016-05-21,2.0,2.0,44,2015-07-25,2016-05-21
FOODS_2_182,CA_3,2016-05-21,2.0,2.14,6,2015-06-13,2015-07-18
FOODS_2_182,CA_4,2016-05-21,2.0,1.98,4,2015-05-23,2015-06-13
FOODS_2_182,CA_4,2016-05-21,2.0,2.0,44,2015-07-25,2016-05-21
FOODS_2_182,CA_4,2016-05-21,2.0,2.14,5,2015-06-20,2015-07-18
FOODS_2_182,TX_1,2016-05-21,2.0,2.0,53,2015-05-23,2016-05-21
FOODS_2_182,TX_2,2016-05-21,2.0,2.0,53,2015-05-23,2016-05-21
FOODS_2_182,TX_3,2016-05-21,2.0,2.0,52,2015-05-23,2016-05-21
FOODS_2_182,WI_1,2016-05-21,2.0,2.0,45,2015-07-18,2016-05-21
FOODS_2_182,WI_1,2016-05-21,2.0,2.14,5,2015-06-13,2015-07-11
FOODS_2_182,WI_2,2016-05-21,2.0,2.0,44,2015-07-25,2016-05-21
FOODS_2_182,WI_2,2016-05-21,2.0,2.08,4,2015-05-23,2015-06-13
FOODS_2_182,WI_2,2016-05-21,2.0,2.14,5,2015-06-20,2015-07-18
FOODS_2_182,WI_3,2016-05-21,2.0,2.0,34,2015-10-03,2016-05-21
FOODS_2_182,WI_3,2016-05-21,2.0,2.08,19,2015-05-23,2015-09-26
FOODS_2_183,CA_1,2016-05-21,8.98,8.98,53,2015-05-23,2016-05-21
FOODS_2_183,CA_2,2016-05-21,8.98,8.98,53,2015-05-23,2016-05-21
FOODS_2_183,CA_3,2016-05-21,8.98,8.98,53,2015-05-23,2016-05-21
FOODS_2_183,CA_4,2016-05-21,8.98,8.98,53,2015-05-23,2016-05-21
FOODS_2_183,TX_1,2016-05-21,8.98,8.98,53,2015-05-23,2016-05-21
FOODS_2_183,TX_2,2016-05-21,8.98,8.98,53,2015-05-23,2016-05-21
FOODS_2_183,TX_3,2016-05-21,8.98,8.98,53,2015-05-23,2016-05-21
FOODS_2_183,WI_1,2016-05-21,8.98,8.98,53,2015-05-23,2016-05-21
FOODS_2_183,WI_2,2016-05-21,8.98,8.98,53,2015-05-23,2016-05-21
FOODS_2_183,WI_3,2016-05-21,8.98,8.98,53,2015-05-23,2016-05-21
FOODS_2_197,CA_1,2016-05-21,3.42,3.34,6,2015-05-23,2015-06-27
FOODS_2_197,CA_1,2016-05-21,3.42,3.42,47,2015-07-04,2016-05-21
FOODS_2_197,CA_2,2016-05-21,3.42,3.34,24,2015-05-23,2015-10-31
FOODS_2_197,CA_2,2016-05-21,3.42,3.42,29,2015-11-07,2016-05-21
FOODS_2_197,CA_3,2016-05-21,3.42,3.34,6,2015-05-23,2015-06-27
FOODS_2_197,CA_3,2016-05-21,3.42,3.42,47,2015-07-04,2016-05-21
FOODS_2_197,CA_4,2016-05-21,3.42,3.34,6,2015-05-23,2015-06-27
FOODS_2_197,CA_4,2016-05-21,3.42,3.42,47,2015-07-04,2016-05-21
FOODS_2_197,TX_1,2016-05-21,2.98,2.88,23,2015-05-23,2015-10-24
FOODS_2_197,TX_1,2016-05-21,2.98,2.98,30,2015-10-31,2016-05-21
FOODS_2_197,TX_2,2016-05-21,2.98,2.88,23,2015-05-23,2015-10-24
FOODS_2_197,TX_2,2016-05-21,2.98,2.98,30,2015-10-31,2016-05-21
FOODS_2_197,TX_3,2016-05-21,2.98,2.88,24,2015-05-23,2015-10-31
FOODS_2_197,TX_3,2016-05-21,2.98,2.98,29,2015-11-07,2016-05-21
FOODS_2_197,WI_1,2016-05-21,3.42,3.34,6,2015-05-23,2015-06-27
FOODS_2_197,WI_1,2016-05-21,3.42,3.42,47,2015-07-04,2016-05-21
FOODS_2_197,WI_2,2016-05-21,3.42,3.34,7,2015-05-23,2015-07-04
FOODS_2_197,WI_2,2016-05-21,3.42,3.42,46,2015-07-11,2016-05-21
FOODS_2_197,WI_3,2016-05-21,3.42,3.34,7,2015-05-23,2015-07-04
FOODS_2_197,WI_3,2016-05-21,3.42,3.42,46,2015-07-11,2016-05-21
FOODS_2_212,CA_1,2016-05-21,4.88,4.88,53,2015-05-23,2016-05-21
FOODS_2_212,CA_2,2016-05-21,4.88,4.88,35,2015-09-12,2016-05-21
FOODS_2_212,CA_2,2016-05-21,4.88,5.97,16,2015-05-23,2015-09-05
FOODS_2_212,CA_3,2016-05-21,4.88,4.43,16,2015-05-23,2015-09-05
FOODS_2_212,CA_3,2016-05-21,4.88,4.88,37,2015-09-12,2016-05-21
FOODS_2_212,CA_4,2016-05-21,4.88,4.88,53,2015-05-23,2016-05-21
FOODS_2_212,TX_1,2016-05-21,4.88,4.88,53,2015-05-23,2016-05-21
FOODS_2_212,TX_2,2016-05-21,4.88,4.88,53,2015-05-23,2016-05-21
FOODS_2_212,TX_3,2016-05-21,4.88,4.88,53,2015-05-23,2016-05-21
FOODS_2_212,WI_1,2016-05-21,4.88,4.88,53,2015-05-23,2016-05-21
FOODS_2_212,WI_2,2016-05-21,4.88,4.88,53,2015-05-23,2016-05-21
FOODS_2_212,WI_3,2016-05-21,4.88,4.88,53,2015-05-23,2016-05-21
FOODS_2_240,CA_1,2016-05-21,2.18,2.18,53,2015-05-23,2016-05-21
FOODS_2_240,CA_2,2016-05-21,2.18,1.98,9,2016-03-05,2016-04-30
FOODS_2_240,CA_2,2016-05-21,2.18,2.18,44,2015-05-23,2016-05-21
FOODS_2_240,CA_3,2016-05-21,2.18,1.98,22,2015-08-15,2016-04-23
FOODS_2_240,CA_3,2016-05-21,2.18,2.18,31,2015-05-23,2016-05-21
FOODS_2_240,CA_4,2016-05-21,2.18,2.18,53,2015-05-23,2016-05-21
FOODS_2_240,TX_1,2016-05-21,2.18,2.18,51,2015-05-23,2016-05-21
FOODS_2_240,TX_2,2016-05-21,2.18,2.18,53,2015-05-23,2016-05-21
FOODS_2_240,TX_3,2016-05-21,2.18,2.18,53,2015-05-23,2016-05-21
FOODS_2_240,WI_1,2016-05-21,1.87,1.87,53,2015-05-23,2016-05-21
FOODS_2_240,WI_2,2016-05-21,1.87,1.87,53,2015-05-23,2016-05-21
FOODS_2_240,WI_3,2016-05-21,1.87,1.87,53,2015-05-23,2016-05-21
FOODS_2_274,CA_1,2016-05-21,6.98,6.98,53,2015-05-23,2016-05-21
FOODS_2_274,CA_2,2016-05-21,6.98,6.98,53,2015-05-23,2016-05-21
FOODS_2_274,CA_3,2016-05-21,6.98,6.98,53,2015-05-23,2016-05-21
FOODS_2_274,CA_4,2016-05-21,6.98,6.98,53,2015-05-23,2016-05-21
FOODS_2_274,TX_1,2016-05-21,6.98,6.98,53,2015-05-23,2016-05-21
FOODS_2_274,TX_2,2016-05-21,6.98,6.98,53,2015-05-23,2016-05-21
FOODS_2_274,TX_3,2016-05-21,6.98,6.98,53,2015-05-23,2016-05-21
FOODS_2_274,WI_1,2016-05-21,6.98,6.98,53,2015-05-23,2016-05-21
FOODS_2_274,WI_2,2016-05-21,6.98,6.98,53,2015-05-23,2016-05-21
FOODS_2_274,WI_3,2016-05-21,6.98,6.98,53,2015-05-23,2016-05-21
FOODS_2_276,CA_1,2016-05-21,3.42,3.34,5,2015-05-23,2015-06-20
FOODS_2_276,CA_1,2016-05-21,3.42,3.42,48,2015-06-27,2016-05-21
FOODS_2_276,CA_2,2016-05-21,3.42,3.34,6,2015-05-23,2015-06-27
FOODS_2_276,CA_2,2016-05-21,3.42,3.42,47,2015-07-04,2016-05-21
FOODS_2_276,CA_3,2016-05-21,3.42,3.34,6,2015-05-23,2015-06-27
FOODS_2_276,CA_3,2016-05-21,3.42,3.42,47,2015-07-04,2016-05-21
FOODS_2_276,CA_4,2016-05-21,3.42,3.34,6,2015-05-23,2015-06-27
FOODS_2_276,CA_4,2016-05-21,3.42,3.42,47,2015-07-04,2016-05-21
FOODS_2_276,TX_1,2016-05-21,2.98,2.88,23,2015-05-23,2015-10-24
FOODS_2_276,TX_1,2016-05-21,2.98,2.98,30,2015-10-31,2016-05-21
FOODS_2_276,TX_2,2016-05-21,2.98,2.88,23,2015-05-23,2015-10-24
FOODS_2_276,TX_2,2016-05-21,2.98,2.98,30,2015-10-31,2016-05-21
FOODS_2_276,TX_3,2016-05-21,2.98,2.88,24,2015-05-23,2015-10-31
FOODS_2_276,TX_3,2016-05-21,2.98,2.98,29,2015-11-07,2016-05-21
FOODS_2_276,WI_1,2016-05-21,3.42,3.34,6,2015-05-23,2015-06-27
FOODS_2_276,WI_1,2016-05-21,3.42,3.42,47,2015-07-04,2016-05-21
FOODS_2_276,WI_2,2016-05-21,3.42,3.34,7,2015-05-23,2015-07-04
FOODS_2_276,WI_2,2016-05-21,3.42,3.42,46,2015-07-11,2016-05-21
FOODS_2_276,WI_3,2016-05-21,3.42,3.34,7,2015-05-23,2015-07-04
FOODS_2_276,WI_3,2016-05-21,3.42,3.42,46,2015-07-11,2016-05-21
FOODS_2_285,CA_1,2016-05-21,3.98,3.98,53,2015-05-23,2016-05-21
FOODS_2_285,CA_2,2016-05-21,3.98,3.98,53,2015-05-23,2016-05-21
FOODS_2_285,CA_3,2016-05-21,3.98,3.98,53,2015-05-23,2016-05-21
FOODS_2_285,CA_4,2016-05-21,3.98,3.98,53,2015-05-23,2016-05-21
FOODS_2_285,TX_1,2016-05-21,3.98,3.98,53,2015-05-23,2016-05-21
FOODS_2_285,TX_2,2016-05-21,3.98,3.98,53,2015-05-23,2016-05-21
FOODS_2_285,TX_3,2016-05-21,3.98,3.98,53,2015-05-23,2016-05-21
FOODS_2_285,WI_1,2016-05-21,3.98,3.98,53,2015-05-23,2016-05-21
FOODS_2_285,WI_2,2016-05-21,3.98,3.98,53,2015-05-23,2016-05-21
FOODS_2_285,WI_3,2016-05-21,3.98,3.98,53,2015-05-23,2016-05-21
FOODS_2_291,CA_1,2016-05-21,6.98,6.98,53,2015-05-23,2016-05-21
FOODS_2_291,CA_2,2016-05-21,6.98,6.98,53,2015-05-23,2016-05-21
FOODS_2_291,CA_3,2016-05-21,6.98,6.98,53,2015-05-23,2016-05-21
FOODS_2_291,CA_4,2016-05-21,6.98,6.98,53,2015-05-23,2016-05-21
FOODS_2_291,TX_1,2016-05-21,6.98,6.98,53,2015-05-23,2016-05-21
FOODS_2_291,TX_2,2016-05-21,6.98,6.98,53,2015-05-23,2016-05-21
FOODS_2_291,TX_3,2016-05-21,6.98,6.98,53,2015-05-23,2016-05-21
FOODS_2_291,WI_1,2016-05-21,6.98,6.98,53,2015-05-23,2016-05-21
FOODS_2_291,WI_2,2016-05-21,6.98,6.98,53,2015-05-23,2016-05-21
FOODS_2_291,WI_3,2016-05-21,6.98,6.98,53,2015-05-23,2016-05-21
FOODS_2_294,CA_1,2016-05-21,1.0,1.0,53,2015-05-23,2016-05-21
FOODS_2_294,CA_2,2016-05-21,1.0,1.0,53,2015-05-23,2016-05-21
FOODS_2_294,CA_3,2016-05-21,1.0,1.0,53,2015-05-23,2016-05-21
FOODS_2_294,CA_4,2016-05-21,1.0,1.0,53,2015-05-23,2016-05-21
FOODS_2_294,TX_1,2016-05-21,1.0,1.0,53,2015-05-23,2016-05-21
FOODS_2_294,TX_2,2016-05-21,1.0,1.0,53,2015-05-23,2016-05-21
FOODS_2_294,TX_3,2016-05-21,1.0,1.0,53,2015-05-23,2016-05-21
FOODS_2_294,WI_1,2016-05-21,1.0,1.0,53,2015-05-23,2016-05-21
FOODS_2_294,WI_2,2016-05-21,1.0,1.0,53,2015-05-23,2016-05-21
FOODS_2_294,WI_3,2016-05-21,1.0,1.0,53,2015-05-23,2016-05-21
FOODS_2_322,CA_1,2016-05-21,2.97,2.97,53,2015-05-23,2016-05-21
FOODS_2_322,CA_2,2016-05-21,2.97,2.97,53,2015-05-23,2016-05-21
FOODS_2_322,CA_3,2016-05-21,2.97,2.97,53,2015-05-23,2016-05-21
FOODS_2_322,CA_4,2016-05-21,2.97,2.97,53,2015-05-23,2016-05-21
FOODS_2_322,TX_1,2016-05-21,2.74,2.74,53,2015-05-23,2016-05-21
FOODS_2_322,TX_2,2016-05-21,2.74,2.74,53,2015-05-23,2016-05-21
FOODS_2_322,TX_3,2016-05-21,2.74,2.74,53,2015-05-23,2016-05-21
FOODS_2_322,WI_1,2016-05-21,2.97,2.97,53,2015-05-23,2016-05-21
FOODS_2_322,WI_2,2016-05-21,2.97,2.97,53,2015-05-23,2016-05-21
FOODS_2_322,WI_3,2016-05-21,2.97,2.97,53,2015-05-23,2016-05-21
FOODS_2_360,CA_1,2016-05-21,0.94,0.94,51,2015-05-23,2016-05-21
FOODS_2_360,CA_2,2016-05-21,0.94,0.94,51,2015-05-23,2016-05-21
FOODS_2_360,CA_3,2016-05-21,0.94,0.84,17,2015-10-31,2016-02-20
FOODS_2_360,CA_3,2016-05-21,0.94,0.94,34,2015-05-23,2016-05-21
FOODS_2_360,CA_4,2016-05-21,0.94,0.94,52,2015-05-23,2016-05-21
FOODS_2_360,TX_1,2016-05-21,0.94,0.94,51,2015-05-23,2016-05-21
FOODS_2_360,TX_2,2016-05-21,0.94,0.94,51,2015-05-23,2016-05-21
FOODS_2_360,TX_3,2016-05-21,0.94,0.94,52,2015-05-23,2016-05-21
FOODS_2_360,WI_1,2016-05-21,0.94,0.94,51,2015-05-23,2016-05-21
FOODS_2_360,WI_2,2016-05-21,0.94,0.94,51,2015-05-23,2016-05-21
FOODS_2_360,WI_3,2016-05-21,0.94,0.94,51,2015-05-23,2016-05-21
FOODS_2_380,CA_1,2016-05-21,4.97,4.97,53,2015-05-23,2016-05-21
FOODS_2_380,CA_2,2016-05-21,4.97,4.97,53,2015-05-23,2016-05-21
FOODS_2_380,CA_3,2016-05-21,4.97,4.97,53,2015-05-23,2016-05-21
FOODS_2_380,CA_4,2016-05-21,4.97,4.97,53,2015-05-23,2016-05-21
FOODS_2_380,TX_1,2016-05-21,4.97,4.97,53,2015-05-23,2016-05-21
FOODS_2_380,TX_2,2016-05-21,4.97,4.97,53,2015-05-23,2016-05-21
FOODS_2_380,TX_3,2016-05-21,4.97,4.97,53,2015-05-23,2016-05-21
FOODS_2_380,WI_1,2016-05-21,4.97,4.97,53,2015-05-23,2016-05-21
FOODS_2_380,WI_2,2016-05-21,4.97,4.97,53,2015-05-23,2016-05-21
FOODS_2_380,WI_3,2016-05-21,4.97,4.97,53,2015-05-23,2016-05-21
FOODS_2_381,CA_1,2016-05-21,2.5,2.5,53,2015-05-23,2016-05-21
FOODS_2_381,CA_2,2016-05-21,2.5,2.5,53,2015-05-23,2016-05-21
FOODS_2_381,CA_3,2016-05-21,2.5,2.5,53,2015-05-23,2016-05-21
FOODS_2_381,CA_4,2016-05-21,2.5,2.5,53,2015-05-23,2016-05-21
FOODS_2_381,TX_1,2016-05-21,2.5,2.5,52,2015-05-23,2016-05-21
FOODS_2_381,TX_2,2016-05-21,2.5,2.5,53,2015-05-23,2016-05-21
FOODS_2_381,TX_3,2016-05-21,2.5,2.5,53,2015-05-23,2016-05-21
FOODS_2_381,WI_1,2016-05-21,2.5,2.5,53,2015-05-23,2016-05-21
FOODS_2_381,WI_2,2016-05-21,2.5,2.5,53,2015-05-23,2016-05-21
FOODS_2_381,WI_3,2016-05-21,2.5,2.5,53,2015-05-23,2016-05-21
FOODS_2_388,CA_1,2016-05-21,2.98,2.98,53,2015-05-23,2016-05-21
FOODS_2_388,CA_2,2016-05-21,2.98,2.98,53,2015-05-23,2016-05-21
FOODS_2_388,CA_3,2016-05-21,2.98,2.98,53,2015-05-23,2016-05-21
FOODS_2_388,CA_4,2016-05-21,2.98,2.98,53,2015-05-23,2016-05-21
FOODS_2_388,TX_1,2016-05-21,2.98,2.98,53,2015-05-23,2016-05-21
FOODS_2_388,TX_2,2016-05-21,2.98,2.98,53,2015-05-23,2016-05-21
FOODS_2_388,TX_3,2016-05-21,2.98,2.98,53,2015-05-23,2016-05-21
FOODS_2_388,WI_1,2016-05-21,2.98,2.98,53,2015-05-23,2016-05-21
FOODS_2_388,WI_2,2016-05-21,2.98,2.98,53,2015-05-23,2016-05-21
FOODS_2_388,WI_3,2016-05-21,2.98,2.98,53,2015-05-23,2016-05-21
FOODS_2_391,CA_1,2016-05-21,2.0,1.98,4,2015-05-23,2015-06-13
FOODS_2_391,CA_1,2016-05-21,2.0,2.0,44,2015-07-25,2016-05-21
FOODS_2_391,CA_1,2016-05-21,2.0,2.14,5,2015-06-20,2015-07-18
FOODS_2_391,CA_2,2016-05-21,2.0,2.0,44,2015-07-25,2016-05-21
FOODS_2_391,CA_2,2016-05-21,2.0,2.14,6,2015-06-13,2015-07-18
FOODS_2_391,CA_3,2016-05-21,2.0,2.0,44,2015-07-25,2016-05-21
FOODS_2_391,CA_3,2016-05-21,2.0,2.14,6,2015-06-13,2015-07-18
FOODS_2_391,CA_4,2016-05-21,2.0,1.98,4,2015-05-23,2015-06-13
FOODS_2_391,CA_4,2016-05-21,2.0,2.0,44,2015-07-25,2016-05-21
FOODS_2_391,CA_4,2016-05-21,2.0,2.14,5,2015-06-20,2015-07-18
FOODS_2_391,TX_1,2016-05-21,2.0,2.0,53,2015-05-23,2016-05-21
FOODS_2_391,TX_2,2016-05-21,2.0,2.0,53,2015-05-23,2016-05-21
FOODS_2_391,TX_3,2016-05-21,2.0,2.0,53,2015-05-23,2016-05-21
FOODS_2_391,WI_1,2016-05-21,2.0,2.0,44,2015-07-25,2016-05-21
FOODS_2_391,WI_1,2016-05-21,2.0,2.14,6,2015-06-13,2015-07-18
FOODS_2_391,WI_2,2016-05-21,2.0,2.0,44,2015-07-25,2016-05-21
FOODS_2_391,WI_2,2016-05-21,2.0,2.08,4,2015-05-23,2015-06-13
FOODS_2_391,WI_2,2016-05-21,2.0,2.14,5,2015-06-20,2015-07-18
FOODS_2_391,WI_3,2016-05-21,2.0,2.0,27,2015-11-21,2016-05-21
FOODS_2_391,WI_3,2016-05-21,2.0,2.08,26,2015-05-23,2015-11-14
FOODS_2_399,CA_1,2016-05-21,2.0,1.98,4,2015-05-23,2015-06-13
FOODS_2_399,CA_1,2016-05-21,2.0,2.0,44,2015-07-25,2016-05-21
FOODS_2_399,CA_1,2016-05-21,2.0,2.14,5,2015-06-20,2015-07-18
FOODS_2_399,CA_2,2016-05-21,2.0,2.0,45,2015-05-23,2016-05-21
FOODS_2_399,CA_2,2016-05-21,2.0,2.14,6,2015-06-13,2015-07-18
FOODS_2_399,CA_3,2016-05-21,2.0,1.96,4,2015-05-23,2015-06-13
FOODS_2_399,CA_3,2016-05-21,2.0,2.0,44,2015-07-25,2016-05-21
FOODS_2_399,CA_3,2016-05-21,2.0,2.14,5,2015-06-20,2015-07-18
FOODS_2_399,CA_4,2016-05-21,2.0,1.98,4,2015-05-23,2015-06-13
FOODS_2_399,CA_4,2016-05-21,2.0,2.0,44,2015-07-25,2016-05-21
FOODS_2_399,CA_4,2016-05-21,2.0,2.14,5,2015-06-20,2015-07-18
FOODS_2_399,TX_1,2016-05-21,2.0,2.0,53,2015-05-23,2016-05-21
FOODS_2_399,TX_2,2016-05-21,2.0,2.0,52,2015-05-23,2016-05-21
FOODS_2_399,TX_3,2016-05-21,2.0,2.0,53,2015-05-23,2016-05-21
FOODS_2_399,WI_1,2016-05-21,2.0,2.0,45,2015-07-18,2016-05-21
FOODS_2_399,WI_1,2016-05-21,2.0,2.14,5,2015-06-13,2015-07-11
FOODS_2_399,WI_2,2016-05-21,2.0,2.0,44,2015-07-25,2016-05-21
FOODS_2_399,WI_2,2016-05-21,2.0,2.08,4,2015-05-23,2015-06-13
FOODS_2_399,WI_2,2016-05-21,2.0,2.14,5,2015-06-20,2015-07-18
FOODS_2_399,WI_3,2016-05-21,2.0,2.0,34,2015-10-03,2016-05-21
FOODS_2_399,WI_3,2016-05-21,2.0,2.08,19,2015-05-23,2015-09-26
FOODS_3_020,CA_1,2016-05-21,0.94,0.94,40,2015-08-22,2016-05-21
FOODS_3_020,CA_1,2016-05-21,0.94,1.14,13,2015-05-23,2015-08-15
FOODS_3_020,CA_2,2016-05-21,0.94,0.94,40,2015-08-22,2016-05-21
FOODS_3_020,CA_2,2016-05-21,0.94,1.14,13,2015-05-23,2015-08-15
FOODS_3_020,CA_3,2016-05-21,0.94,0.94,50,2015-06-13,2016-05-21
FOODS_3_020,CA_4,2016-05-21,0.94,0.94,40,2015-08-22,2016-05-21
FOODS_3_020,CA_4,2016-05-21,0.94,1.14,13,2015-05-23,2015-08-15
FOODS_3_020,TX_1,2016-05-21,0.94,0.94,40,2015-08-22,2016-05-21
FOODS_3_020,TX_1,2016-05-21,0.94,1.14,13,2015-05-23,2015-08-15
FOODS_3_020,TX_2,2016-05-21,0.94,0.94,39,2015-08-29,2016-05-21
FOODS_3_020,TX_2,2016-05-21,0.94,1.14,14,2015-05-23,2015-08-22
FOODS_3_020,TX_3,2016-05-21,0.94,0.94,40,2015-08-22,2016-05-21
FOODS_3_020,TX_3,2016-05-21,0.94,1.14,13,2015-05-23,2015-08-15
FOODS_3_020,WI_1,2016-05-21,0.94,0.94,40,2015-08-22,2016-05-21
FOODS_3_020,WI_1,2016-05-21,0.94,1.14,13,2015-05-23,2015-08-15
FOODS_3_020,WI_2,2016-05-21,0.94,0.94,40,2015-08-22,2016-05-21
FOODS_3_020,WI_2,2016-05-21,0.94,1.14,13,2015-05-23,2015-08-15
FOODS_3_020,WI_3,2016-05-21,0.94,0.94,40,2015-08-22,2016-05-21
FOODS_3_020,WI_3,2016-05-21,0.94,1.14,13,2015-05-23,2015-08-15
FOODS_3_030,CA_1,2016-05-21,1.48,1.48,53,2015-05-23,2016-05-21
FOODS_3_030,CA_2,2016-05-21,1.48,1.48,53,2015-05-23,2016-05-21
FOODS_3_030,CA_3,2016-05-21,1.48,1.0,17,2015-07-25,2016-01-30
FOODS_3_030,CA_3,2016-05-21,1.48,1.48,36,2015-05-23,2016-05-21
FOODS_3_030,CA_4,2016-05-21,1.48,1.48,53,2015-05-23,2016-05-21
FOODS_3_030,TX_1,2016-05-21,1.25,1.25,16,2016-02-06,2016-05-21
FOODS_3_030,TX_1,2016-05-21,1.25,1.38,37,2015-05-23,2016-01-30
FOODS_3_030,TX_2,2016-05-21,1.25,1.25,16,2016-02-06,2016-05-21
FOODS_3_030,TX_2,2016-05-21,1.25,1.38,37,2015-05-23,2016-01-30
FOODS_3_030,TX_3,2016-05-21,1.25,1.25,16,2016-02-06,2016-05-21
FOODS_3_030,TX_3,2016-05-21,1.25,1.38,37,2015-05-23,2016-01-30
FOODS_3_030,WI_1,2016-05-21,1.25,1.25,16,2016-02-06,2016-05-21
FOODS_3_030,WI_1,2016-05-21,1.25,1.38,37,2015-05-23,2016-01-30
FOODS_3_030,WI_2,2016-05-21,1.25,1.25,16,2016-02-06,2016-05-21
FOODS_3_030,WI_2,2016-05-21,1.25,1.38,37,2015-05-23,2016-01-30
FOODS_3_030,WI_3,2016-05-21,1.25,1.0,15,2015-09-26,2016-01-02
FOODS_3_030,WI_3,2016-05-21,1.25,1.25,16,2016-02-06,2016-05-21
FOODS_3_030,WI_3,2016-05-21,1.25,1.38,22,2015-05-23,2016-01-30
FOODS_3_086,CA_1,2016-05-21,1.0,1.0,40,2015-05-23,2016-05-21
FOODS_3_086,CA_1,2016-05-21,1.0,1.25,13,2015-06-13,2015-09-05
FOODS_3_086,CA_2,2016-05-21,1.0,1.0,40,2015-05-23,2016-05-21
FOODS_3_086,CA_2,2016-05-21,1.0,1.25,13,2015-06-06,2015-08-29
FOODS_3_086,CA_3,2016-05-21,1.0,1.0,41,2015-05-23,2016-05-21
FOODS_3_086,CA_3,2016-05-21,1.0,1.25,12,2015-06-13,2015-08-29
FOODS_3_086,CA_4,2016-05-21,1.0,1.0,41,2015-05-23,2016-05-21
FOODS_3_086,CA_4,2016-05-21,1.0,1.25,12,2015-06-13,2015-08-29
FOODS_3_086,TX_1,2016-05-21,1.0,1.0,41,2015-05-23,2016-05-21
FOODS_3_086,TX_1,2016-05-21,1.0,1.25,12,2015-06-13,2015-08-29
FOODS_3_086,TX_2,2016-05-21,1.0,1.0,40,2015-05-23,2016-05-21
FOODS_3_086,TX_2,2016-05-21,1.0,1.25,13,2015-06-13,2015-09-05
FOODS_3_086,TX_3,2016-05-21,1.0,1.0,40,2015-05-23,2016-05-21
FOODS_3_086,TX_3,2016-05-21,1.0,1.25,13,2015-06-13,2015-09-05
FOODS_3_086,WI_1,2016-05-21,1.0,1.0,53,2015-05-23,2016-05-21
FOODS_3_086,WI_2,2016-05-21,1.0,1.0,38,2015-05-23,2016-05-21
FOODS_3_086,WI_2,2016-05-21,1.0,1.25,15,2015-06-13,2015-09-19
FOODS_3_086,WI_3,2016-05-21,1.0,1.0,39,2015-05-23,2016-05-21
FOODS_3_086,WI_3,2016-05-21,1.0,1.25,14,2015-06-13,2015-09-12
FOODS_3_090,CA_1,2016-05-21,1.6,1.48,21,2015-05-23,2015-10-10
FOODS_3_090,CA_1,2016-05-21,1.6,1.5,11,2015-10-17,2015-12-26
FOODS_3_090,CA_1,2016-05-21,1.6,1.6,21,2016-01-02,2016-05-21
FOODS_3_090,CA_2,2016-05-21,1.6,1.48,21,2015-05-23,2015-10-10
FOODS_3_090,CA_2,2016-05-21,1.6,1.5,11,2015-10-17,2015-12-26
FOODS_3_090,CA_2,2016-05-21,1.6,1.6,21,2016-01-02,2016-05-21
FOODS_3_090,CA_3,2016-05-21,1.6,1.0,7,2015-05-23,2015-12-26
FOODS_3_090,CA_3,2016-05-21,1.6,1.48,18,2015-06-13,2015-10-10
FOODS_3_090,CA_3,2016-05-21,1.6,1.5,7,2015-10-17,2015-11-28
FOODS_3_090,CA_3,2016-05-21,1.6,1.6,21,2016-01-02,2016-05-21
FOODS_3_090,CA_4,2016-05-21,1.6,1.48,21,2015-05-23,2015-10-10
FOODS_3_090,CA_4,2016-05-21,1.6,1.5,11,2015-10-17,2015-12-26
FOODS_3_090,CA_4,2016-05-21,1.6,1.6,21,2016-01-02,2016-05-21
FOODS_3_090,TX_1,2016-05-21,1.5,1.48,21,2015-05-23,2015-10-10
FOODS_3_090,TX_1,2016-05-21,1.5,1.5,32,2015-10-17,2016-05-21
FOODS_3_090,TX_2,2016-05-21,1.5,1.48,21,2015-05-23,2015-10-10
FOODS_3_090,TX_2,2016-05-21,1.5,1.5,32,2015-10-17,2016-05-21
FOODS_3_090,TX_3,2016-05-21,1.5,1.48,21,2015-05-23,2015-10-10
FOODS_3_090,TX_3,2016-05-21,1.5,1.5,32,2015-10-17,2016-05-21
FOODS_3_090,WI_1,2016-05-21,1.44,1.38,50,2015-05-23,2016-04-30
FOODS_3_090,WI_1,2016-05-21,1.44,1.44,3,2016-05-07,2016-05-21
FOODS_3_090,WI_2,2016-05-21,1.44,1.38,50,2015-05-23,2016-04-30
FOODS_3_090,WI_2,2016-05-21,1.44,1.44,3,2016-05-07,2016-05-21
FOODS_3_090,WI_3,2016-05-21,1.44,1.38,50,2015-05-23,2016-04-30
FOODS_3_090,WI_3,2016-05-21,1.44,1.44,3,2016-05-07,2016-05-21
FOODS_3_115,CA_1,2016-05-21,4.68,4.58,29,2015-05-23,2015-12-05
FOODS_3_115,CA_1,2016-05-21,4.68,4.68,24,2015-12-12,2016-05-21
FOODS_3_115,CA_2,2016-05-21,4.68,4.58,28,2015-05-23,2015-12-05
FOODS_3_115,CA_2,2016-05-21,4.68,4.68,24,2015-12-12,2016-05-21
FOODS_3_115,CA_3,2016-05-21,4.68,3.0,9,2015-06-13,2015-09-05
FOODS_3_115,CA_3,2016-05-21,4.68,4.58,20,2015-05-23,2015-12-05
FOODS_3_115,CA_3,2016-05-21,4.68,4.68,24,2015-12-12,2016-05-21
FOODS_3_115,CA_4,2016-05-21,4.68,4.58,29,2015-05-23,2015-12-05
FOODS_3_115,CA_4,2016-05-21,4.68,4.68,24,2015-12-12,2016-05-21
FOODS_3_115,TX_1,2016-05-21,4.48,4.48,52,2015-05-23,2016-05-21
FOODS_3_115,TX_2,2016-05-21,4.48,4.48,51,2015-05-23,2016-05-21
FOODS_3_115,TX_3,2016-05-21,4.48,4.48,52,2015-05-23,2016-05-21
FOODS_3_115,WI_1,2016-05-21,4.44,4.44,53,2015-05-23,2016-05-21
FOODS_3_115,WI_2,2016-05-21,4.44,4.44,52,2015-05-23,2016-05-21
FOODS_3_115,WI_3,2016-05-21,4.44,4.44,52,2015-05-23,2016-05-21
FOODS_3_124,CA_1,2016-05-21,5.44,5.44,47,2015-07-04,2016-05-21
FOODS_3_124,CA_1,2016-05-21,5.44,5.48,6,2015-05-23,2015-06-27
FOODS_3_124,CA_2,2016-05-21,5.44,5.44,47,2015-07-04,2016-05-21
FOODS_3_124,CA_2,2016-05-21,5.44,5.48,6,2015-05-23,2015-06-27
FOODS_3_124,CA_3,2016-05-21,5.44,4.98,6,2015-05-23,2015-06-27
FOODS_3_124,CA_3,2016-05-21,5.44,5.44,47,2015-07-04,2016-05-21
FOODS_3_124,CA_4,2016-05-21,5.44,5.44,47,2015-07-04,2016-05-21
FOODS_3_124,CA_4,2016-05-21,5.44,5.48,6,2015-05-23,2015-06-27
FOODS_3_124,TX_1,2016-05-21,4.68,4.68,1,2016-05-21,2016-05-21
FOODS_3_124,TX_1,2016-05-21,4.68,5.44,46,2015-07-04,2016-05-14
FOODS_3_124,TX_1,2016-05-21,4.68,5.48,6,2015-05-23,2015-06-27
FOODS_3_124,TX_2,2016-05-21,4.68,4.68,1,2016-05-21,2016-05-21
FOODS_3_124,TX_2,2016-05-21,4.68,5.44,46,2015-07-04,2016-05-14
FOODS_3_124,TX_2,2016-05-21,4.68,5.48,6,2015-05-23,2015-06-27
FOODS_3_124,TX_3,2016-05-21,4.68,4.68,1,2016-05-21,2016-05-21
FOODS_3_124,TX_3,2016-05-21,4.68,5.44,45,2015-07-11,2016-05-14
FOODS_3_124,TX_3,2016-05-21,4.68,5.48,7,2015-05-23,2015-07-04
FOODS_3_124,WI_1,2016-05-21,5.44,5.44,47,2015-07-04,2016-05-21
FOODS_3_124,WI_1,2016-05-21,5.44,5.48,6,2015-05-23,2015-06-27
FOODS_3_124,WI_2,2016-05-21,5.44,5.44,47,2015-07-04,2016-05-21
FOODS_3_124,WI_2,2016-05-21,5.44,5.48,6,2015-05-23,2015-06-27
FOODS_3_124,WI_3,2016-05-21,5.44,5.44,47,2015-07-04,2016-05-21
FOODS_3_124,WI_3,2016-05-21,5.44,5.48,6,2015-05-23,2015-06-27
FOODS_3_133,CA_1,2016-05-21,0.8,0.8,53,2015-05-23,2016-05-21
FOODS_3_133,CA_2,2016-05-21,0.8,0.8,53,2015-05-23,2016-05-21
FOODS_3_133,CA_3,2016-05-21,0.8,0.8,53,2015-05-23,2016-05-21
FOODS_3_133,CA_4,2016-05-21,0.8,0.8,53,2015-05-23,2016-05-21
FOODS_3_133,TX_1,2016-05-21,0.8,0.8,53,2015-05-23,2016-05-21
FOODS_3_133,TX_2,2016-05-21,0.8,0.8,53,2015-05-23,2016-05-21
FOODS_3_133,TX_3,2016-05-21,0.8,0.8,53,2015-05-23,2016-05-21
FOODS_3_133,WI_1,2016-05-21,0.8,0.8,53,2015-05-23,2016-05-21
FOODS_3_133,WI_2,2016-05-21,0.8,0.8,53,2015-05-23,2016-05-21
FOODS_3_133,WI_3,2016-05-21,0.8,0.8,53,2015-05-23,2016-05-21
FOODS_3_136,CA_1,2016-05-21,4.68,4.58,29,2015-05-23,2015-12-05
FOODS_3_136,CA_1,2016-05-21,4.68,4.68,24,2015-12-12,2016-05-21
FOODS_3_136,CA_2,2016-05-21,4.68,4.58,29,2015-05-23,2015-12-05
FOODS_3_136,CA_2,2016-05-21,4.68,4.68,24,2015-12-12,2016-05-21
FOODS_3_136,CA_3,2016-05-21,4.68,3.0,6,2015-06-13,2015-08-29
FOODS_3_136,CA_3,2016-05-21,4.68,4.58,23,2015-05-23,2015-12-05
FOODS_3_136,CA_3,2016-05-21,4.68,4.68,24,2015-12-12,2016-05-21
FOODS_3_136,CA_4,2016-05-21,4.68,4.58,29,2015-05-23,2015-12-05
FOODS_3_136,CA_4,2016-05-21,4.68,4.68,24,2015-12-12,2016-05-21
FOODS_3_136,TX_1,2016-05-21,4.48,4.48,53,2015-05-23,2016-05-21
FOODS_3_136,TX_2,2016-05-21,4.48,4.48,52,2015-05-23,2016-05-21
FOODS_3_136,TX_3,2016-05-21,4.48,4.48,53,2015-05-23,2016-05-21
FOODS_3_136,WI_1,2016-05-21,4.44,4.44,53,2015-05-23,2016-05-21
FOODS_3_136,WI_2,2016-05-21,4.44,4.44,52,2015-05-30,2016-05-21
FOODS_3_136,WI_3,2016-05-21,4.44,4.44,53,2015-05-23,2016-05-21
FOODS_3_202,CA_1,2016-05-21,4.68,4.58,29,2015-05-23,2015-12-05
FOODS_3_202,CA_1,2016-05-21,4.68,4.68,24,2015-12-12,2016-05-21
FOODS_3_202,CA_2,2016-05-21,4.68,4.58,29,2015-05-23,2015-12-05
FOODS_3_202,CA_2,2016-05-21,4.68,4.68,24,2015-12-12,2016-05-21
FOODS_3_202,CA_3,2016-05-21,4.68,3.0,6,2015-06-13,2015-08-29
FOODS_3_202,CA_3,2016-05-21,4.68,4.58,23,2015-05-23,2015-12-05
FOODS_3_202,CA_3,2016-05-21,4.68,4.68,24,2015-12-12,2016-05-21
FOODS_3_202,CA_4,2016-05-21,4.68,4.58,29,2015-05-23,2015-12-05
FOODS_3_202,CA_4,2016-05-21,4.68,4.68,24,2015-12-12,2016-05-21
FOODS_3_202,TX_1,2016-05-21,4.48,4.48,53,2015-05-23,2016-05-21
FOODS_3_202,TX_2,2016-05-21,4.48,4.48,49,2015-05-23,2016-05-21
FOODS_3_202,TX_3,2016-05-21,4.48,4.48,53,2015-05-23,2016-05-21
FOODS_3_202,WI_1,2016-05-21,2.5,2.5,1,2016-05-21,2016-05-21
FOODS_3_202,WI_1,2016-05-21,2.5,4.44,52,2015-05-23,2016-05-14
FOODS_3_202,WI_2,2016-05-21,4.44,4.44,52,2015-05-23,2016-05-21
FOODS_3_202,WI_3,2016-05-21,4.44,4.44,53,2015-05-23,2016-05-21
FOODS_3_219,CA_1,2016-05-21,1.48,1.48,53,2015-05-23,2016-05-21
FOODS_3_219,CA_2,2016-05-21,1.48,1.48,53,2015-05-23,2016-05-21
FOODS_3_219,CA_3,2016-05-21,1.48,1.0,16,2015-07-25,2016-01-30
FOODS_3_219,CA_3,2016-05-21,1.48,1.48,37,2015-05-23,2016-05-21
FOODS_3_219,CA_4,2016-05-21,1.48,1.48,53,2015-05-23,2016-05-21
FOODS_3_219,TX_1,2016-05-21,1.48,1.48,52,2015-05-23,2016-05-21
FOODS_3_219,TX_2,2016-05-21,0.99,0.99,1,2016-05-21,2016-05-21
FOODS_3_219,TX_2,2016-05-21,0.99,1.48,51,2015-05-23,2016-05-14
FOODS_3_219,TX_3,2016-05-21,1.48,1.48,50,2015-05-23,2016-05-21
FOODS_3_219,WI_1,2016-05-21,1.48,1.48,53,2015-05-23,2016-05-21
FOODS_3_219,WI_2,2016-05-21,1.48,1.48,52,2015-05-23,2016-05-21
FOODS_3_219,WI_3,2016-05-21,1.48,1.48,52,2015-05-23,2016-05-21
FOODS_3_224,CA_1,2016-05-21,3.98,3.98,16,2016-02-06,2016-05-21
FOODS_3_224,CA_1,2016-05-21,3.98,4.28,23,2015-05-23,2015-10-24
FOODS_3_224,CA_1,2016-05-21,3.98,4.48,14,2015-10-31,2016-01-30
FOODS_3_224,CA_2,2016-05-21,3.98,3.98,16,2016-02-06,2016-05-21
FOODS_3_224,CA_2,2016-05-21,3.98,4.28,23,2015-05-23,2015-10-24
FOODS_3_224,CA_2,2016-05-21,3.98,4.48,14,2015-10-31,2016-01-30
FOODS_3_224,CA_3,2016-05-21,3.98,3.0,4,2015-05-23,2015-09-19
FOODS_3_224,CA_3,2016-05-21,3.98,3.98,16,2016-02-06,2016-05-21
FOODS_3_224,CA_3,2016-05-21,3.98,4.28,20,2015-06-06,2015-10-31
FOODS_3_224,CA_3,2016-05-21,3.98,4.48,13,2015-11-07,2016-01-30
FOODS_3_224,CA_4,2016-05-21,3.98,3.98,15,2016-02-13,2016-05-21
FOODS_3_224,CA_4,2016-05-21,3.98,4.28,24,2015-05-23,2015-10-31
FOODS_3_224,CA_4,2016-05-21,3.98,4.48,14,2015-11-07,2016-02-06
FOODS_3_224,TX_1,2016-05-21,3.98,3.98,16,2016-02-06,2016-05-21
FOODS_3_224,TX_1,2016-05-21,3.98,4.28,22,2015-05-23,2015-10-24
FOODS_3_224,TX_1,2016-05-21,3.98,4.48,14,2015-10-31,2016-01-30
FOODS_3_224,TX_2,2016-05-21,3.98,3.98,16,2016-02-06,2016-05-21
FOODS_3_224,TX_2,2016-05-21,3.98,4.28,23,2015-05-23,2015-10-24
FOODS_3_224,TX_2,2016-05-21,3.98,4.48,13,2015-10-31,2016-01-30
FOODS_3_224,TX_3,2016-05-21,3.98,3.98,15,2016-02-06,2016-05-21
FOODS_3_224,TX_3,2016-05-21,3.98,4.28,23,2015-05-23,2015-10-24
FOODS_3_224,TX_3,2016-05-21,3.98,4.48,13,2015-10-31,2016-01-30
FOODS_3_224,WI_1,2016-05-21,3.98,3.98,16,2016-02-06,2016-05-21
FOODS_3_224,WI_1,2016-05-21,3.98,4.28,23,2015-05-23,2015-10-24
FOODS_3_224,WI_1,2016-05-21,3.98,4.48,14,2015-10-31,2016-01-30
FOODS_3_224,WI_2,2016-05-21,3.98,3.98,16,2016-02-06,2016-05-21
FOODS_3_224,WI_2,2016-05-21,3.98,4.28,24,2015-05-23,2015-10-31
FOODS_3_224,WI_2,2016-05-21,3.98,4.48,13,2015-11-07,2016-01-30
FOODS_3_224,WI_3,2016-05-21,3.98,3.98,16,2016-02-06,2016-05-21
FOODS_3_224,WI_3,2016-05-21,3.98,4.28,23,2015-05-23,2015-10-31
FOODS_3_224,WI_3,2016-05-21,3.98,4.48,13,2015-11-07,2016-01-30
FOODS_3_231,CA_1,2016-05-21,5.44,5.44,46,2015-07-11,2016-05-21
FOODS_3_231,CA_1,2016-05-21,5.44,5.48,7,2015-05-23,2015-07-04
FOODS_3_231,CA_2,2016-05-21,5.44,5.44,47,2015-07-04,2016-05-21
FOODS_3_231,CA_2,2016-05-21,5.44,5.48,6,2015-05-23,2015-06-27
FOODS_3_231,CA_3,2016-05-21,5.44,4.98,6,2015-05-23,2015-06-27
FOODS_3_231,CA_3,2016-05-21,5.44,5.44,47,2015-07-04,2016-05-21
FOODS_3_231,CA_4,2016-05-21,5.44,5.44,47,2015-07-04,2016-05-21
FOODS_3_231,CA_4,2016-05-21,5.44,5.48,6,2015-05-23,2015-06-27
FOODS_3_231,TX_1,2016-05-21,4.68,4.68,1,2016-05-21,2016-05-21
FOODS_3_231,TX_1,2016-05-21,4.68,5.44,46,2015-07-04,2016-05-14
FOODS_3_231,TX_1,2016-05-21,4.68,5.48,6,2015-05-23,2015-06-27
FOODS_3_231,TX_2,2016-05-21,4.68,4.68,1,2016-05-21,2016-05-21
FOODS_3_231,TX_2,2016-05-21,4.68,5.44,46,2015-07-04,2016-05-14
FOODS_3_231,TX_2,2016-05-21,4.68,5.48,6,2015-05-23,2015-06-27
FOODS_3_231,TX_3,2016-05-21,4.68,4.68,1,2016-05-21,2016-05-21
FOODS_3_231,TX_3,2016-05-21,4.68,5.44,45,2015-07-11,2016-05-14
FOODS_3_231,TX_3,2016-05-21,4.68,5.48,7,2015-05-23,2015-07-04
FOODS_3_231,WI_1,2016-05-21,5.44,5.44,47,2015-07-04,2016-05-21
FOODS_3_231,WI_1,2016-05-21,5.44,5.48,6,2015-05-23,2015-06-27
FOODS_3_231,WI_2,2016-05-21,5.44,5.44,47,2015-07-04,2016-05-21
FOODS_3_231,WI_2,2016-05-21,5.44,5.48,6,2015-05-23,2015-06-27
FOODS_3_231,WI_3,2016-05-21,5.44,5.44,47,2015-07-04,2016-05-21
FOODS_3_231,WI_3,2016-05-21,5.44,5.48,6,2015-05-23,2015-06-27
FOODS_3_257,CA_1,2016-05-21,3.98,3.98,16,2016-02-06,2016-05-21
FOODS_3_257,CA_1,2016-05-21,3.98,4.28,23,2015-05-23,2015-10-24
FOODS_3_257,CA_1,2016-05-21,3.98,4.48,14,2015-10-31,2016-01-30
FOODS_3_257,CA_2,2016-05-21,3.98,3.98,16,2016-02-06,2016-05-21
FOODS_3_257,CA_2,2016-05-21,3.98,4.28,23,2015-05-23,2015-10-24
FOODS_3_257,CA_2,2016-05-21,3.98,4.48,14,2015-10-31,2016-01-30
FOODS_3_257,CA_3,2016-05-21,3.98,3.0,6,2015-05-23,2015-09-26
FOODS_3_257,CA_3,2016-05-21,3.98,3.98,16,2016-02-06,2016-05-21
FOODS_3_257,CA_3,2016-05-21,3.98,4.28,18,2015-06-06,2015-10-31
FOODS_3_257,CA_3,2016-05-21,3.98,4.48,13,2015-11-07,2016-01-30
FOODS_3_257,CA_4,2016-05-21,3.98,3.98,16,2016-02-06,2016-05-21
FOODS_3_257,CA_4,2016-05-21,3.98,4.28,24,2015-05-23,2015-10-31
FOODS_3_257,CA_4,2016-05-21,3.98,4.48,13,2015-11-07,2016-01-30
FOODS_3_257,TX_1,2016-05-21,3.98,3.98,16,2016-02-06,2016-05-21
FOODS_3_257,TX_1,2016-05-21,3.98,4.28,24,2015-05-23,2015-10-31
FOODS_3_257,TX_1,2016-05-21,3.98,4.48,13,2015-11-07,2016-01-30
FOODS_3_257,TX_2,2016-05-21,3.98,3.98,16,2016-02-06,2016-05-21
FOODS_3_257,TX_2,2016-05-21,3.98,4.28,23,2015-05-23,2015-10-24
FOODS_3_257,TX_2,2016-05-21,3.98,4.48,14,2015-10-31,2016-01-30
FOODS_3_257,TX_3,2016-05-21,3.98,3.98,16,2016-02-06,2016-05-21
FOODS_3_257,TX_3,2016-05-21,3.98,4.28,23,2015-05-23,2015-10-24
FOODS_3_257,TX_3,2016-05-21,3.98,4.48,14,2015-10-31,2016-01-30
FOODS_3_257,WI_1,2016-05-21,3.98,3.98,16,2016-02-06,2016-05-21
FOODS_3_257,WI_1,2016-05-21,3.98,4.28,24,2015-05-23,2015-10-31
FOODS_3_257,WI_1,2016-05-21,3.98,4.48,13,2015-11-07,2016-01-30
FOODS_3_257,WI_2,2016-05-21,3.98,3.98,16,2016-02-06,2016-05-21
FOODS_3_257,WI_2,2016-05-21,3.98,4.28,24,2015-05-23,2015-10-31
FOODS_3_257,WI_2,2016-05-21,3.98,4.48,13,2015-11-07,2016-01-30
FOODS_3_257,WI_3,2016-05-21,3.98,3.98,16,2016-02-06,2016-05-21
FOODS_3_257,WI_3,2016-05-21,3.98,4.28,23,2015-05-23,2015-10-24
FOODS_3_257,WI_3,2016-05-21,3.98,4.48,14,2015-10-31,2016-01-30
FOODS_3_274,CA_1,2016-05-21,1.6,1.48,21,2015-05-23,2015-10-10
FOODS_3_274,CA_1,2016-05-21,1.6,1.5,11,2015-10-17,2015-12-26
FOODS_3_274,CA_1,2016-05-21,1.6,1.6,21,2016-01-02,2016-05-21
FOODS_3_274,CA_2,2016-05-21,1.6,1.48,21,2015-05-23,2015-10-10
FOODS_3_274,CA_2,2016-05-21,1.6,1.5,12,2015-10-17,2016-01-02
FOODS_3_274,CA_2,2016-05-21,1.6,1.6,20,2016-01-09,2016-05-21
FOODS_3_274,CA_3,2016-05-21,1.6,1.0,8,2015-05-23,2016-01-02
FOODS_3_274,CA_3,2016-05-21,1.6,1.48,18,2015-06-13,2015-10-10
FOODS_3_274,CA_3,2016-05-21,1.6,1.5,7,2015-10-17,2015-11-28
FOODS_3_274,CA_3,2016-05-21,1.6,1.6,20,2016-01-09,2016-05-21
FOODS_3_274,CA_4,2016-05-21,1.6,1.48,21,2015-05-23,2015-10-10
FOODS_3_274,CA_4,2016-05-21,1.6,1.5,11,2015-10-17,2015-12-26
FOODS_3_274,CA_4,2016-05-21,1.6,1.6,21,2016-01-02,2016-05-21
FOODS_3_274,TX_1,2016-05-21,1.5,1.48,21,2015-05-23,2015-10-10
FOODS_3_274,TX_1,2016-05-21,1.5,1.5,32,2015-10-17,2016-05-21
FOODS_3_274,TX_2,2016-05-21,1.5,1.48,21,2015-05-23,2015-10-10
FOODS_3_274,TX_2,2016-05-21,1.5,1.5,32,2015-10-17,2016-05-21
FOODS_3_274,TX_3,2016-05-21,1.5,1.48,21,2015-05-23,2015-10-10
FOODS_3_274,TX_3,2016-05-21,1.5,1.5,32,2015-10-17,2016-05-21
FOODS_3_274,WI_1,2016-05-21,1.5,1.48,21,2015-05-23,2015-10-10
FOODS_3_274,WI_1,2016-05-21,1.5,1.5,32,2015-10-17,2016-05-21
FOODS_3_274,WI_2,2016-05-21,1.5,1.48,22,2015-05-23,2015-10-17
FOODS_3_274,WI_2,2016-05-21,1.5,1.5,31,2015-10-24,2016-05-21
FOODS_3_274,WI_3,2016-05-21,1.5,1.48,24,2015-05-23,2015-10-31
FOODS_3_274,WI_3,2016-05-21,1.5,1.5,29,2015-11-07,2016-05-21
FOODS_3_281,CA_1,2016-05-21,1.25,1.25,16,2016-02-06,2016-05-21
FOODS_3_281,CA_1,2016-05-21,1.25,1.38,37,2015-05-23,2016-01-30
FOODS_3_281,CA_2,2016-05-21,1.25,1.25,16,2016-02-06,2016-05-21
FOODS_3_281,CA_2,2016-05-21,1.25,1.38,37,2015-05-23,2016-01-30
FOODS_3_281,CA_3,2016-05-21,1.25,1.0,13,2015-10-03,2015-12-26
FOODS_3_281,CA_3,2016-05-21,1.25,1.25,16,2016-02-06,2016-05-21
FOODS_3_281,CA_3,2016-05-21,1.25,1.38,24,2015-05-23,2016-01-30
FOODS_3_281,CA_4,2016-05-21,1.25,1.25,16,2016-02-06,2016-05-21
FOODS_3_281,CA_4,2016-05-21,1.25,1.38,37,2015-05-23,2016-01-30
FOODS_3_281,TX_1,2016-05-21,1.25,1.25,16,2016-02-06,2016-05-21
FOODS_3_281,TX_1,2016-05-21,1.25,1.38,37,2015-05-23,2016-01-30
FOODS_3_281,TX_2,2016-05-21,1.25,1.25,16,2016-02-06,2016-05-21
FOODS_3_281,TX_2,2016-05-21,1.25,1.38,37,2015-05-23,2016-01-30
FOODS_3_281,TX_3,2016-05-21,1.25,1.25,16,2016-02-06,2016-05-21
FOODS_3_281,TX_3,2016-05-21,1.25,1.38,37,2015-05-23,2016-01-30
FOODS_3_281,WI_1,2016-05-21,1.25,1.25,16,2016-02-06,2016-05-21
FOODS_3_281,WI_1,2016-05-21,1.25,1.38,37,2015-05-23,2016-01-30
FOODS_3_281,WI_2,2016-05-21,1.25,1.25,16,2016-02-06,2016-05-21
FOODS_3_281,WI_2,2016-05-21,1.25,1.38,37,2015-05-23,2016-01-30
FOODS_3_281,WI_3,2016-05-21,1.25,1.0,15,2015-09-26,2016-01-02
FOODS_3_281,WI_3,2016-05-21,1.25,1.25,16,2016-02-06,2016-05-21
FOODS_3_281,WI_3,2016-05-21,1.25,1.38,22,2015-05-23,2016-01-30
FOODS_3_285,CA_1,2016-05-21,1.25,1.25,16,2016-02-06,2016-05-21
FOODS_3_285,CA_1,2016-05-21,1.25,1.38,37,2015-05-23,2016-01-30
FOODS_3_285,CA_2,2016-05-21,1.25,1.25,16,2016-02-06,2016-05-21
FOODS_3_285,CA_2,2016-05-21,1.25,1.38,37,2015-05-23,2016-01-30
FOODS_3_285,CA_3,2016-05-21,1.25,1.0,13,2015-10-03,2015-12-26
FOODS_3_285,CA_3,2016-05-21,1.25,1.25,16,2016-02-06,2016-05-21
FOODS_3_285,CA_3,2016-05-21,1.25,1.38,24,2015-05-23,2016-01-30
FOODS_3_285,CA_4,2016-05-21,1.25,1.25,16,2016-02-06,2016-05-21
FOODS_3_285,CA_4,2016-05-21,1.25,1.38,37,2015-05-23,2016-01-30
FOODS_3_285,TX_1,2016-05-21,1.25,1.25,16,2016-02-06,2016-05-21
FOODS_3_285,TX_1,2016-05-21,1.25,1.38,35,2015-05-23,2016-01-30
FOODS_3_285,TX_2,2016-05-21,0.88,0.88,1,2016-05-21,2016-05-21
FOODS_3_285,TX_2,2016-05-21,0.88,1.25,15,2016-02-06,2016-05-14
FOODS_3_285,TX_2,2016-05-21,0.88,1.38,36,2015-05-23,2016-01-30
FOODS_3_285,TX_3,2016-05-21,1.25,1.25,15,2016-02-13,2016-05-21
FOODS_3_285,TX_3,2016-05-21,1.25,1.38,35,2015-05-23,2016-01-30
FOODS_3_285,WI_1,2016-05-21,1.25,1.25,16,2016-02-06,2016-05-21
FOODS_3_285,WI_1,2016-05-21,1.25,1.38,37,2015-05-23,2016-01-30
FOODS_3_285,WI_2,2016-05-21,1.25,1.25,16,2016-02-06,2016-05-21
FOODS_3_285,WI_2,2016-05-21,1.25,1.38,37,2015-05-23,2016-01-30
FOODS_3_285,WI_3,2016-05-21,1.25,1.25,16,2016-02-06,2016-05-21
FOODS_3_285,WI_3,2016-05-21,1.25,1.38,37,2015-05-23,2016-01-30
FOODS_3_295,CA_1,2016-05-21,0.8,0.8,53,2015-05-23,2016-05-21
FOODS_3_295,CA_2,2016-05-21,0.8,0.8,53,2015-05-23,2016-05-21
FOODS_3_295,CA_3,2016-05-21,0.8,0.8,51,2015-05-23,2016-05-21
FOODS_3_295,CA_4,2016-05-21,0.8,0.8,53,2015-05-23,2016-05-21
FOODS_3_295,TX_1,2016-05-21,0.8,0.8,53,2015-05-23,2016-05-21
FOODS_3_295,TX_2,2016-05-21,0.8,0.8,53,2015-05-23,2016-05-21
FOODS_3_295,TX_3,2016-05-21,0.8,0.8,53,2015-05-23,2016-05-21
FOODS_3_295,WI_1,2016-05-21,0.8,0.8,53,2015-05-23,2016-05-21
FOODS_3_295,WI_2,2016-05-21,0.8,0.8,53,2015-05-23,2016-05-21
FOODS_3_295,WI_3,2016-05-21,0.8,0.8,53,2015-05-23,2016-05-21
FOODS_3_318,CA_1,2016-05-21,1.48,1.48,53,2015-05-23,2016-05-21
FOODS_3_318,CA_2,2016-05-21,1.48,1.48,53,2015-05-23,2016-05-21
FOODS_3_318,CA_3,2016-05-21,1.48,1.0,5,2015-07-25,2015-08-22
FOODS_3_318,CA_3,2016-05-21,1.48,1.48,48,2015-05-23,2016-05-21
FOODS_3_318,CA_4,2016-05-21,1.48,1.48,53,2015-05-23,2016-05-21
FOODS_3_318,TX_1,2016-05-21,1.48,1.48,52,2015-05-23,2016-05-21
FOODS_3_318,TX_2,2016-05-21,1.48,1.48,53,2015-05-23,2016-05-21
FOODS_3_318,TX_3,2016-05-21,1.48,1.48,51,2015-05-23,2016-05-21
FOODS_3_318,WI_1,2016-05-21,1.48,1.48,53,2015-05-23,2016-05-21
FOODS_3_318,WI_2,2016-05-21,1.48,1.48,53,2015-05-23,2016-05-21
FOODS_3_318,WI_3,2016-05-21,1.48,1.48,52,2015-05-23,2016-05-21
FOODS_3_319,CA_1,2016-05-21,1.0,1.0,52,2015-05-23,2016-05-21
FOODS_3_319,CA_2,2016-05-21,0.88,0.88,7,2016-04-09,2016-05-21
FOODS_3_319,CA_2,2016-05-21,0.88,1.0,46,2015-05-23,2016-04-02
FOODS_3_319,CA_3,2016-05-21,0.88,0.88,19,2015-05-23,2016-05-21
FOODS_3_319,CA_3,2016-05-21,0.88,1.0,34,2015-05-30,2016-03-26
FOODS_3_319,CA_4,2016-05-21,1.0,1.0,53,2015-05-23,2016-05-21
FOODS_3_319,TX_1,2016-05-21,0.94,0.94,53,2015-05-23,2016-05-21
FOODS_3_319,TX_2,2016-05-21,0.94,0.94,53,2015-05-23,2016-05-21
FOODS_3_319,TX_3,2016-05-21,0.94,0.94,53,2015-05-23,2016-05-21
FOODS_3_319,WI_1,2016-05-21,0.94,0.94,53,2015-05-23,2016-05-21
FOODS_3_319,WI_2,2016-05-21,0.94,0.94,53,2015-05-23,2016-05-21
FOODS_3_319,WI_3,2016-05-21,0.94,0.94,53,2015-05-23,2016-05-21
FOODS_3_324,CA_1,2016-05-21,3.0,3.0,53,2015-05-23,2016-05-21
FOODS_3_324,CA_2,2016-05-21,3.0,2.5,6,2016-03-05,2016-04-09
FOODS_3_324,CA_2,2016-05-21,3.0,3.0,47,2015-05-23,2016-05-21
FOODS_3_324,CA_3,2016-05-21,3.0,2.5,18,2015-07-11,2016-04-09
FOODS_3_324,CA_3,2016-05-21,3.0,3.0,35,2015-05-23,2016-05-21
FOODS_3_324,CA_4,2016-05-21,3.0,3.0,53,2015-05-23,2016-05-21
FOODS_3_324,TX_1,2016-05-21,3.0,2.5,5,2015-10-10,2015-11-07
FOODS_3_324,TX_1,2016-05-21,3.0,3.0,48,2015-05-23,2016-05-21
FOODS_3_324,TX_2,2016-05-21,3.0,2.5,5,2015-10-10,2015-11-07
FOODS_3_324,TX_2,2016-05-21,3.0,3.0,48,2015-05-23,2016-05-21
FOODS_3_324,TX_3,2016-05-21,3.0,2.5,5,2015-10-10,2015-11-07
FOODS_3_324,TX_3,2016-05-21,3.0,3.0,48,2015-05-23,2016-05-21
FOODS_3_324,WI_1,2016-05-21,3.0,3.0,53,2015-05-23,2016-05-21
FOODS_3_324,WI_2,2016-05-21,3.0,3.0,53,2015-05-23,2016-05-21
FOODS_3_324,WI_3,2016-05-21,3.0,3.0,53,2015-05-23,2016-05-21
FOODS_3_339,CA_1,2016-05-21,0.8,0.8,53,2015-05-23,2016-05-21
FOODS_3_339,CA_2,2016-05-21,0.8,0.8,53,2015-05-23,2016-05-21
FOODS_3_339,CA_3,2016-05-21,0.8,0.68,6,2015-08-15,2015-09-19
FOODS_3_339,CA_3,2016-05-21,0.8,0.8,47,2015-05-23,2016-05-21
FOODS_3_339,CA_4,2016-05-21,0.8,0.8,53,2015-05-23,2016-05-21
FOODS_3_339,TX_1,2016-05-21,0.8,0.8,53,2015-05-23,2016-05-21
FOODS_3_339,TX_2,2016-05-21,0.8,0.8,52,2015-05-23,2016-05-21
FOODS_3_339,TX_3,2016-05-21,0.8,0.8,51,2015-05-23,2016-05-21
FOODS_3_339,WI_1,2016-05-21,0.8,0.8,53,2015-05-23,2016-05-21
FOODS_3_339,WI_2,2016-05-21,0.8,0.8,53,2015-05-23,2016-05-21
FOODS_3_339,WI_3,2016-05-21,0.8,0.8,53,2015-05-23,2016-05-21
FOODS_3_348,CA_1,2016-05-21,0.8,0.8,53,2015-05-23,2016-05-21
FOODS_3_348,CA_2,2016-05-21,0.8,0.8,53,2015-05-23,2016-05-21
FOODS_3_348,CA_3,2016-05-21,0.8,0.8,51,2015-05-23,2016-05-21
FOODS_3_348,CA_4,2016-05-21,0.8,0.8,53,2015-05-23,2016-05-21
FOODS_3_348,TX_1,2016-05-21,0.8,0.8,52,2015-05-23,2016-05-21
FOODS_3_348,TX_2,2016-05-21,0.8,0.8,53,2015-05-23,2016-05-21
FOODS_3_348,TX_3,2016-05-21,0.8,0.8,53,2015-05-23,2016-05-21
FOODS_3_348,WI_1,2016-05-21,0.8,0.8,53,2015-05-23,2016-05-21
FOODS_3_348,WI_2,2016-05-21,0.8,0.8,53,2015-05-23,2016-05-21
FOODS_3_348,WI_3,2016-05-21,0.8,0.8,53,2015-05-23,2016-05-21
FOODS_3_351,CA_1,2016-05-21,0.94,0.94,40,2015-08-22,2016-05-21
FOODS_3_351,CA_1,2016-05-21,0.94,1.14,13,2015-05-23,2015-08-15
FOODS_3_351,CA_2,2016-05-21,0.94,0.94,40,2015-08-22,2016-05-21
FOODS_3_351,CA_2,2016-05-21,0.94,1.14,13,2015-05-23,2015-08-15
FOODS_3_351,CA_3,2016-05-21,0.94,0.94,50,2015-06-06,2016-05-21
FOODS_3_351,CA_4,2016-05-21,0.94,0.94,40,2015-08-22,2016-05-21
FOODS_3_351,CA_4,2016-05-21,0.94,1.14,13,2015-05-23,2015-08-15
FOODS_3_351,TX_1,2016-05-21,0.94,0.94,40,2015-08-22,2016-05-21
FOODS_3_351,TX_1,2016-05-21,0.94,1.14,13,2015-05-23,2015-08-15
FOODS_3_351,TX_2,2016-05-21,0.94,0.94,39,2015-08-29,2016-05-21
FOODS_3_351,TX_2,2016-05-21,0.94,1.14,14,2015-05-23,2015-08-22
FOODS_3_351,TX_3,2016-05-21,0.94,0.94,40,2015-08-22,2016-05-21
FOODS_3_351,TX_3,2016-05-21,0.94,1.14,13,2015-05-23,2015-08-15
FOODS_3_351,WI_1,2016-05-21,0.94,0.94,40,2015-08-22,2016-05-21
FOODS_3_351,WI_1,2016-05-21,0.94,1.14,13,2015-05-23,2015-08-15
FOODS_3_351,WI_2,2016-05-21,0.94,0.94,40,2015-08-22,2016-05-21
FOODS_3_351,WI_2,2016-05-21,0.94,1.14,13,2015-05-23,2015-08-15
FOODS_3_351,WI_3,2016-05-21,0.94,0.94,40,2015-08-22,2016-05-21
FOODS_3_351,WI_3,2016-05-21,0.94,1.14,13,2015-05-23,2015-08-15
FOODS_3_355,CA_1,2016-05-21,0.94,0.94,40,2015-08-22,2016-05-21
FOODS_3_355,CA_1,2016-05-21,0.94,1.14,13,2015-05-23,2015-08-15
FOODS_3_355,CA_2,2016-05-21,0.94,0.94,40,2015-08-22,2016-05-21
FOODS_3_355,CA_2,2016-05-21,0.94,1.14,13,2015-05-23,2015-08-15
FOODS_3_355,CA_3,2016-05-21,0.94,0.94,43,2015-08-01,2016-05-21
FOODS_3_355,CA_3,2016-05-21,0.94,1.14,10,2015-05-23,2015-07-25
FOODS_3_355,CA_4,2016-05-21,0.94,0.94,39,2015-08-29,2016-05-21
FOODS_3_355,CA_4,2016-05-21,0.94,1.14,14,2015-05-23,2015-08-22
FOODS_3_355,TX_1,2016-05-21,0.94,0.94,40,2015-08-22,2016-05-21
FOODS_3_355,TX_1,2016-05-21,0.94,1.14,13,2015-05-23,2015-08-15
FOODS_3_355,TX_2,2016-05-21,0.94,0.94,39,2015-08-29,2016-05-21
FOODS_3_355,TX_2,2016-05-21,0.94,1.14,14,2015-05-23,2015-08-22
FOODS_3_355,TX_3,2016-05-21,0.94,0.94,39,2015-08-29,2016-05-21
FOODS_3_355,TX_3,2016-05-21,0.94,1.14,14,2015-05-23,2015-08-22
FOODS_3_355,WI_1,2016-05-21,0.94,0.94,40,2015-08-22,2016-05-21
FOODS_3_355,WI_1,2016-05-21,0.94,1.14,13,2015-05-23,2015-08-15
FOODS_3_355,WI_2,2016-05-21,0.94,0.94,40,2015-08-22,2016-05-21
FOODS_3_355,WI_2,2016-05-21,0.94,1.14,13,2015-05-23,2015-08-15
FOODS_3_355,WI_3,2016-05-21,0.94,0.94,39,2015-08-29,2016-05-21
FOODS_3_355,WI_3,2016-05-21,0.94,1.14,14,2015-05-23,2015-08-22
FOODS_3_404,CA_1,2016-05-21,1.0,1.0,53,2015-05-23,2016-05-21
FOODS_3_404,CA_2,2016-05-21,0.88,0.88,7,2016-04-09,2016-05-21
FOODS_3_404,CA_2,2016-05-21,0.88,1.0,46,2015-05-23,2016-04-02
FOODS_3_404,CA_3,2016-05-21,0.88,0.88,20,2015-05-23,2016-05-21
FOODS_3_404,CA_3,2016-05-21,0.88,1.0,33,2015-05-30,2016-03-26
FOODS_3_404,CA_4,2016-05-21,1.0,1.0,53,2015-05-23,2016-05-21
FOODS_3_404,TX_1,2016-05-21,0.94,0.94,53,2015-05-23,2016-05-21
FOODS_3_404,TX_2,2016-05-21,0.94,0.94,53,2015-05-23,2016-05-21
FOODS_3_404,TX_3,2016-05-21,0.94,0.94,52,2015-05-30,2016-05-21
FOODS_3_404,WI_1,2016-05-21,0.94,0.94,53,2015-05-23,2016-05-21
FOODS_3_404,WI_2,2016-05-21,0.94,0.94,53,2015-05-23,2016-05-21
FOODS_3_404,WI_3,2016-05-21,0.94,0.94,53,2015-05-23,2016-05-21
FOODS_3_406,CA_1,2016-05-21,0.8,0.8,53,2015-05-23,2016-05-21
FOODS_3_406,CA_2,2016-05-21,0.8,0.8,53,2015-05-23,2016-05-21
FOODS_3_406,CA_3,2016-05-21,0.8,0.8,51,2015-05-23,2016-05-21
FOODS_3_406,CA_4,2016-05-21,0.8,0.8,53,2015-05-23,2016-05-21
FOODS_3_406,TX_1,2016-05-21,0.8,0.8,50,2015-05-23,2016-05-21
FOODS_3_406,TX_2,2016-05-21,0.8,0.8,53,2015-05-23,2016-05-21
FOODS_3_406,TX_3,2016-05-21,0.8,0.8,52,2015-05-23,2016-05-21
FOODS_3_406,WI_1,2016-05-21,0.8,0.8,53,2015-05-23,2016-05-21
FOODS_3_406,WI_2,2016-05-21,0.8,0.8,53,2015-05-23,2016-05-21
FOODS_3_406,WI_3,2016-05-21,0.8,0.8,53,2015-05-23,2016-05-21
FOODS_3_432,CA_1,2016-05-21,3.98,3.98,16,2016-02-06,2016-05-21
FOODS_3_432,CA_1,2016-05-21,3.98,4.28,24,2015-05-23,2015-10-31
FOODS_3_432,CA_1,2016-05-21,3.98,4.48,13,2015-11-07,2016-01-30
FOODS_3_432,CA_2,2016-05-21,3.98,3.98,16,2016-02-06,2016-05-21
FOODS_3_432,CA_2,2016-05-21,3.98,4.28,23,2015-05-23,2015-10-24
FOODS_3_432,CA_2,2016-05-21,3.98,4.48,14,2015-10-31,2016-01-30
FOODS_3_432,CA_3,2016-05-21,3.98,3.98,16,2016-02-06,2016-05-21
FOODS_3_432,CA_3,2016-05-21,3.98,4.28,20,2015-06-06,2015-10-31
FOODS_3_432,CA_3,2016-05-21,3.98,4.48,13,2015-11-07,2016-01-30
FOODS_3_432,CA_4,2016-05-21,3.98,3.98,16,2016-02-06,2016-05-21
FOODS_3_432,CA_4,2016-05-21,3.98,4.28,24,2015-05-23,2015-10-31
FOODS_3_432,CA_4,2016-05-21,3.98,4.48,13,2015-11-07,2016-01-30
FOODS_3_432,TX_1,2016-05-21,3.98,3.98,16,2016-02-06,2016-05-21
FOODS_3_432,TX_1,2016-05-21,3.98,4.28,22,2015-05-23,2015-10-24
FOODS_3_432,TX_1,2016-05-21,3.98,4.48,14,2015-10-31,2016-01-30
FOODS_3_432,TX_2,2016-05-21,3.98,3.98,15,2016-02-06,2016-05-21
FOODS_3_432,TX_2,2016-05-21,3.98,4.28,22,2015-05-23,2015-10-17
FOODS_3_432,TX_2,2016-05-21,3.98,4.48,14,2015-10-31,2016-01-30
FOODS_3_432,TX_3,2016-05-21,3.98,3.98,16,2016-02-06,2016-05-21
FOODS_3_432,TX_3,2016-05-21,3.98,4.28,22,2015-05-23,2015-10-24
FOODS_3_432,TX_3,2016-05-21,3.98,4.48,14,2015-10-31,2016-01-30
FOODS_3_432,WI_1,2016-05-21,3.98,3.98,16,2016-02-06,2016-05-21
FOODS_3_432,WI_1,2016-05-21,3.98,4.28,23,2015-05-23,2015-10-24
FOODS_3_432,WI_1,2016-05-21,3.98,4.48,13,2015-11-07,2016-01-30
FOODS_3_432,WI_2,2016-05-21,3.98,3.98,16,2016-02-06,2016-05-21
FOODS_3_432,WI_2,2016-05-21,3.98,4.28,22,2015-06-06,2015-10-31
FOODS_3_432,WI_2,2016-05-21,3.98,4.48,13,2015-11-07,2016-01-30
FOODS_3_432,WI_3,2016-05-21,3.98,3.98,16,2016-02-06,2016-05-21
FOODS_3_432,WI_3,2016-05-21,3.98,4.28,23,2015-05-23,2015-10-31
FOODS_3_432,WI_3,2016-05-21,3.98,4.48,13,2015-11-07,2016-01-30
FOODS_3_435,CA_1,2016-05-21,1.48,1.48,53,2015-05-23,2016-05-21
FOODS_3_435,CA_2,2016-05-21,1.48,1.48,53,2015-05-23,2016-05-21
FOODS_3_435,CA_3,2016-05-21,1.48,1.0,15,2015-07-25,2016-01-30
FOODS_3_435,CA_3,2016-05-21,1.48,1.48,38,2015-05-23,2016-05-21
FOODS_3_435,CA_4,2016-05-21,1.48,1.48,53,2015-05-23,2016-05-21
FOODS_3_435,TX_1,2016-05-21,1.48,1.48,52,2015-05-23,2016-05-21
FOODS_3_435,TX_2,2016-05-21,1.48,1.48,53,2015-05-23,2016-05-21
FOODS_3_435,TX_3,2016-05-21,1.48,1.48,52,2015-05-23,2016-05-21
FOODS_3_435,WI_1,2016-05-21,1.48,1.48,53,2015-05-23,2016-05-21
FOODS_3_435,WI_2,2016-05-21,1.48,1.48,53,2015-05-23,2016-05-21
FOODS_3_435,WI_3,2016-05-21,1.48,1.48,52,2015-05-23,2016-05-21
FOODS_3_491,CA_1,2016-05-21,1.6,1.48,21,2015-05-23,2015-10-10
FOODS_3_491,CA_1,2016-05-21,1.6,1.5,11,2015-10-17,2015-12-26
FOODS_3_491,CA_1,2016-05-21,1.6,1.6,21,2016-01-02,2016-05-21
FOODS_3_491,CA_2,2016-05-21,1.6,1.48,21,2015-05-23,2015-10-10
FOODS_3_491,CA_2,2016-05-21,1.6,1.5,11,2015-10-17,2015-12-26
FOODS_3_491,CA_2,2016-05-21,1.6,1.6,21,2016-01-02,2016-05-21
FOODS_3_491,CA_3,2016-05-21,1.6,1.0,8,2015-05-23,2016-01-02
FOODS_3_491,CA_3,2016-05-21,1.6,1.48,18,2015-06-13,2015-10-10
FOODS_3_491,CA_3,2016-05-21,1.6,1.5,7,2015-10-17,2015-11-28
FOODS_3_491,CA_3,2016-05-21,1.6,1.6,20,2016-01-09,2016-05-21
FOODS_3_491,CA_4,2016-05-21,1.6,1.48,21,2015-05-23,2015-10-10
FOODS_3_491,CA_4,2016-05-21,1.6,1.5,11,2015-10-17,2015-12-26
FOODS_3_491,CA_4,2016-05-21,1.6,1.6,21,2016-01-02,2016-05-21
FOODS_3_491,TX_1,2016-05-21,1.5,1.48,21,2015-05-23,2015-10-10
FOODS_3_491,TX_1,2016-05-21,1.5,1.5,32,2015-10-17,2016-05-21
FOODS_3_491,TX_2,2016-05-21,1.5,1.48,21,2015-05-23,2015-10-10
FOODS_3_491,TX_2,2016-05-21,1.5,1.5,32,2015-10-17,2016-05-21
FOODS_3_491,TX_3,2016-05-21,1.5,1.48,21,2015-05-23,2015-10-10
FOODS_3_491,TX_3,2016-05-21,1.5,1.5,32,2015-10-17,2016-05-21
FOODS_3_491,WI_1,2016-05-21,1.44,1.38,50,2015-05-23,2016-04-30
FOODS_3_491,WI_1,2016-05-21,1.44,1.44,3,2016-05-07,2016-05-21
FOODS_3_491,WI_2,2016-05-21,1.44,1.38,50,2015-05-23,2016-04-30
FOODS_3_491,WI_2,2016-05-21,1.44,1.44,3,2016-05-07,2016-05-21
FOODS_3_491,WI_3,2016-05-21,1.44,1.38,50,2015-05-23,2016-04-30
FOODS_3_491,WI_3,2016-05-21,1.44,1.44,3,2016-05-07,2016-05-21
FOODS_3_501,CA_1,2016-05-21,0.8,0.8,53,2015-05-23,2016-05-21
FOODS_3_501,CA_2,2016-05-21,0.8,0.8,53,2015-05-23,2016-05-21
FOODS_3_501,CA_3,2016-05-21,0.8,0.8,53,2015-05-23,2016-05-21
FOODS_3_501,CA_4,2016-05-21,0.8,0.8,53,2015-05-23,2016-05-21
FOODS_3_501,TX_1,2016-05-21,0.8,0.8,53,2015-05-23,2016-05-21
FOODS_3_501,TX_2,2016-05-21,0.8,0.8,53,2015-05-23,2016-05-21
FOODS_3_501,TX_3,2016-05-21,0.8,0.8,53,2015-05-23,2016-05-21
FOODS_3_501,WI_1,2016-05-21,0.8,0.8,53,2015-05-23,2016-05-21
FOODS_3_501,WI_2,2016-05-21,0.8,0.8,53,2015-05-23,2016-05-21
FOODS_3_501,WI_3,2016-05-21,0.8,0.8,53,2015-05-23,2016-05-21
FOODS_3_524,CA_1,2016-05-21,1.0,1.0,53,2015-05-23,2016-05-21
FOODS_3_524,CA_2,2016-05-21,0.88,0.88,6,2016-04-16,2016-05-21
FOODS_3_524,CA_2,2016-05-21,0.88,1.0,47,2015-05-23,2016-04-09
FOODS_3_524,CA_3,2016-05-21,1.0,0.88,12,2015-05-23,2015-12-19
FOODS_3_524,CA_3,2016-05-21,1.0,1.0,41,2015-05-30,2016-05-21
FOODS_3_524,CA_4,2016-05-21,1.0,1.0,53,2015-05-23,2016-05-21
FOODS_3_524,TX_1,2016-05-21,0.94,0.94,53,2015-05-23,2016-05-21
FOODS_3_524,TX_2,2016-05-21,0.94,0.94,53,2015-05-23,2016-05-21
FOODS_3_524,TX_3,2016-05-21,0.94,0.94,53,2015-05-23,2016-05-21
FOODS_3_524,WI_1,2016-05-21,0.94,0.94,53,2015-05-23,2016-05-21
FOODS_3_524,WI_2,2016-05-21,0.94,0.94,53,2015-05-23,2016-05-21
FOODS_3_524,WI_3,2016-05-21,0.94,0.94,53,2015-05-23,2016-05-21
FOODS_3_541,CA_1,2016-05-21,1.0,1.0,53,2015-05-23,2016-05-21
FOODS_3_541,CA_2,2016-05-21,0.88,0.88,4,2016-04-30,2016-05-21
FOODS_3_541,CA_2,2016-05-21,0.88,1.0,49,2015-05-23,2016-04-23
FOODS_3_541,CA_3,2016-05-21,0.88,0.88,16,2015-05-23,2016-05-21
FOODS_3_541,CA_3,2016-05-21,0.88,1.0,37,2015-05-30,2016-04-23
FOODS_3_541,CA_4,2016-05-21,1.0,1.0,53,2015-05-23,2016-05-21
FOODS_3_541,TX_1,2016-05-21,0.69,0.69,9,2016-03-26,2016-05-21
FOODS_3_541,TX_1,2016-05-21,0.69,0.94,44,2015-05-23,2016-03-19
FOODS_3_541,TX_2,2016-05-21,0.94,0.94,53,2015-05-23,2016-05-21
FOODS_3_541,TX_3,2016-05-21,0.94,0.94,53,2015-05-23,2016-05-21
FOODS_3_541,WI_1,2016-05-21,0.94,0.94,53,2015-05-23,2016-05-21
FOODS_3_541,WI_2,2016-05-21,0.94,0.94,53,2015-05-23,2016-05-21
FOODS_3_541,WI_3,2016-05-21,0.94,0.94,53,2015-05-23,2016-05-21
FOODS_3_547,CA_1,2016-05-21,0.25,0.2,41,2015-05-23,2016-02-27
FOODS_3_547,CA_1,2016-05-21,0.25,0.25,12,2016-03-05,2016-05-21
FOODS_3_547,CA_2,2016-05-21,0.25,0.2,41,2015-05-23,2016-02-27
FOODS_3_547,CA_2,2016-05-21,0.25,0.25,12,2016-03-05,2016-05-21
FOODS_3_547,CA_3,2016-05-21,0.25,0.2,41,2015-05-23,2016-02-27
FOODS_3_547,CA_3,2016-05-21,0.25,0.25,12,2016-03-05,2016-05-21
FOODS_3_547,CA_4,2016-05-21,0.25,0.2,41,2015-05-23,2016-02-27
FOODS_3_547,CA_4,2016-05-21,0.25,0.25,12,2016-03-05,2016-05-21
FOODS_3_547,TX_1,2016-05-21,0.25,0.2,40,2015-05-23,2016-02-20
FOODS_3_547,TX_1,2016-05-21,0.25,0.25,13,2016-02-27,2016-05-21
FOODS_3_547,TX_2,2016-05-21,0.25,0.2,41,2015-05-23,2016-02-27
FOODS_3_547,TX_2,2016-05-21,0.25,0.25,12,2016-03-05,2016-05-21
FOODS_3_547,TX_3,2016-05-21,0.25,0.2,40,2015-05-23,2016-02-27
FOODS_3_547,TX_3,2016-05-21,0.25,0.25,11,2016-03-05,2016-05-21
FOODS_3_547,WI_1,2016-05-21,0.25,0.2,41,2015-05-23,2016-02-27
FOODS_3_547,WI_1,2016-05-21,0.25,0.25,12,2016-03-05,2016-05-21
FOODS_3_547,WI_2,2016-05-21,0.25,0.2,41,2015-05-23,2016-02-27
FOODS_3_547,WI_2,2016-05-21,0.25,0.25,12,2016-03-05,2016-05-21
FOODS_3_547,WI_3,2016-05-21,0.25,0.2,41,2015-05-23,2016-02-27
FOODS_3_547,WI_3,2016-05-21,0.25,0.25,12,2016-03-05,2016-05-21
FOODS_3_578,CA_1,2016-05-21,3.0,3.0,53,2015-05-23,2016-05-21
FOODS_3_578,CA_2,2016-05-21,3.0,3.0,51,2015-05-23,2016-05-21
FOODS_3_578,CA_3,2016-05-21,3.0,2.36,8,2016-02-20,2016-04-09
FOODS_3_578,CA_3,2016-05-21,3.0,3.0,44,2015-05-23,2016-05-21
FOODS_3_578,CA_4,2016-05-21,3.0,3.0,53,2015-05-23,2016-05-21
FOODS_3_578,TX_1,2016-05-21,3.0,2.5,4,2015-10-17,2015-11-07
FOODS_3_578,TX_1,2016-05-21,3.0,3.0,48,2015-05-23,2016-05-21
FOODS_3_578,TX_2,2016-05-21,3.0,1.99,7,2015-06-27,2015-10-10
FOODS_3_578,TX_2,2016-05-21,3.0,2.5,4,2015-10-17,2015-11-07
FOODS_3_578,TX_2,2016-05-21,3.0,3.0,42,2015-05-23,2016-05-21
FOODS_3_578,TX_3,2016-05-21,3.0,2.5,4,2015-10-17,2015-11-07
FOODS_3_578,TX_3,2016-05-21,3.0,3.0,48,2015-05-23,2016-05-21
FOODS_3_578,WI_1,2016-05-21,3.0,3.0,53,2015-05-23,2016-05-21
FOODS_3_578,WI_2,2016-05-21,3.0,3.0,53,2015-05-23,2016-05-21
FOODS_3_578,WI_3,2016-05-21,3.0,3.0,53,2015-05-23,2016-05-21
FOODS_3_594,CA_1,2016-05-21,1.0,1.0,53,2015-05-23,2016-05-21
FOODS_3_594,CA_2,2016-05-21,0.88,0.88,4,2016-04-30,2016-05-21
FOODS_3_594,CA_2,2016-05-21,0.88,1.0,49,2015-05-23,2016-04-23
FOODS_3_594,CA_3,2016-05-21,0.88,0.88,15,2015-05-23,2016-05-21
FOODS_3_594,CA_3,2016-05-21,0.88,1.0,38,2015-05-30,2016-04-30
FOODS_3_594,CA_4,2016-05-21,1.0,1.0,53,2015-05-23,2016-05-21
FOODS_3_594,TX_1,2016-05-21,0.94,0.94,53,2015-05-23,2016-05-21
FOODS_3_594,TX_2,2016-05-21,0.94,0.94,53,2015-05-23,2016-05-21
FOODS_3_594,TX_3,2016-05-21,0.94,0.94,53,2015-05-23,2016-05-21
FOODS_3_594,WI_1,2016-05-21,0.94,0.94,53,2015-05-23,2016-05-21
FOODS_3_594,WI_2,2016-05-21,0.94,0.94,52,2015-05-23,2016-05-21
FOODS_3_594,WI_3,2016-05-21,0.94,0.94,53,2015-05-23,2016-05-21
FOODS_3_635,CA_1,2016-05-21,1.0,1.0,53,2015-05-23,2016-05-21
FOODS_3_635,CA_2,2016-05-21,0.88,0.88,7,2016-04-09,2016-05-21
FOODS_3_635,CA_2,2016-05-21,0.88,1.0,46,2015-05-23,2016-04-02
FOODS_3_635,CA_3,2016-05-21,0.88,0.88,17,2015-05-23,2016-05-21
FOODS_3_635,CA_3,2016-05-21,0.88,1.0,36,2015-05-30,2016-04-16
FOODS_3_635,CA_4,2016-05-21,1.0,1.0,53,2015-05-23,2016-05-21
FOODS_3_635,TX_1,2016-05-21,0.69,0.69,10,2015-09-05,2016-05-21
FOODS_3_635,TX_1,2016-05-21,0.69,0.94,42,2015-05-23,2016-03-19
FOODS_3_635,TX_2,2016-05-21,0.94,0.94,53,2015-05-23,2016-05-21
FOODS_3_635,TX_3,2016-05-21,0.94,0.94,52,2015-05-23,2016-05-21
FOODS_3_635,WI_1,2016-05-21,0.94,0.94,53,2015-05-23,2016-05-21
FOODS_3_635,WI_2,2016-05-21,0.94,0.94,53,2015-05-23,2016-05-21
FOODS_3_635,WI_3,2016-05-21,0.94,0.94,53,2015-05-23,2016-05-21
FOODS_3_681,CA_1,2016-05-21,1.0,1.0,40,2015-05-23,2016-05-21
FOODS_3_681,CA_1,2016-05-21,1.0,1.25,13,2015-06-13,2015-09-05
FOODS_3_681,CA_2,2016-05-21,1.0,1.0,41,2015-05-23,2016-05-21
FOODS_3_681,CA_2,2016-05-21,1.0,1.25,12,2015-06-13,2015-08-29
FOODS_3_681,CA_3,2016-05-21,1.0,1.0,41,2015-05-23,2016-05-21
FOODS_3_681,CA_3,2016-05-21,1.0,1.25,12,2015-06-13,2015-08-29
FOODS_3_681,CA_4,2016-05-21,1.0,1.0,41,2015-05-23,2016-05-21
FOODS_3_681,CA_4,2016-05-21,1.0,1.25,12,2015-06-13,2015-08-29
FOODS_3_681,TX_1,2016-05-21,1.0,1.0,40,2015-05-23,2016-05-21
FOODS_3_681,TX_1,2016-05-21,1.0,1.25,13,2015-06-13,2015-09-05
FOODS_3_681,TX_2,2016-05-21,1.0,1.0,41,2015-05-23,2016-05-21
FOODS_3_681,TX_2,2016-05-21,1.0,1.25,12,2015-06-13,2015-08-29
FOODS_3_681,TX_3,2016-05-21,1.0,1.0,40,2015-05-23,2016-05-21
FOODS_3_681,TX_3,2016-05-21,1.0,1.25,13,2015-06-13,2015-09-05
FOODS_3_681,WI_1,2016-05-21,1.0,1.0,38,2015-05-23,2016-05-21
FOODS_3_681,WI_1,2016-05-21,1.0,1.25,15,2015-06-13,2015-09-19
FOODS_3_681,WI_2,2016-05-21,1.0,1.0,38,2015-05-23,2016-05-21
FOODS_3_681,WI_2,2016-05-21,1.0,1.25,15,2015-06-13,2015-09-19
FOODS_3_681,WI_3,2016-05-21,1.0,1.0,39,2015-05-23,2016-05-21
FOODS_3_681,WI_3,2016-05-21,1.0,1.25,14,2015-06-13,2015-09-12
FOODS_3_704,CA_1,2016-05-21,4.68,4.58,29,2015-05-23,2015-12-05
FOODS_3_704,CA_1,2016-05-21,4.68,4.68,24,2015-12-12,2016-05-21
FOODS_3_704,CA_2,2016-05-21,4.68,4.58,29,2015-05-23,2015-12-05
FOODS_3_704,CA_2,2016-05-21,4.68,4.68,24,2015-12-12,2016-05-21
FOODS_3_704,CA_3,2016-05-21,4.68,3.0,10,2015-06-06,2015-09-05
FOODS_3_704,CA_3,2016-05-21,4.68,4.58,19,2015-05-23,2015-12-05
FOODS_3_704,CA_3,2016-05-21,4.68,4.68,24,2015-12-12,2016-05-21
FOODS_3_704,CA_4,2016-05-21,4.68,4.58,29,2015-05-23,2015-12-05
FOODS_3_704,CA_4,2016-05-21,4.68,4.68,24,2015-12-12,2016-05-21
FOODS_3_704,TX_1,2016-05-21,4.48,4.48,53,2015-05-23,2016-05-21
FOODS_3_704,TX_2,2016-05-21,4.48,4.48,50,2015-05-23,2016-05-21
FOODS_3_704,TX_3,2016-05-21,4.48,4.48,53,2015-05-23,2016-05-21
FOODS_3_704,WI_1,2016-05-21,2.5,2.5,1,2016-05-21,2016-05-21
FOODS_3_704,WI_1,2016-05-21,2.5,4.44,52,2015-05-23,2016-05-14
FOODS_3_704,WI_2,2016-05-21,4.44,4.44,53,2015-05-23,2016-05-21
FOODS_3_704,WI_3,2016-05-21,2.5,2.5,1,2016-05-21,2016-05-21
FOODS_3_704,WI_3,2016-05-21,2.5,4.44,49,2015-05-30,2016-05-14
FOODS_3_723,CA_1,2016-05-21,1.6,1.48,21,2015-05-23,2015-10-10
FOODS_3_723,CA_1,2016-05-21,1.6,1.5,11,2015-10-17,2015-12-26
FOODS_3_723,CA_1,2016-05-21,1.6,1.6,21,2016-01-02,2016-05-21
FOODS_3_723,CA_2,2016-05-21,1.6,1.48,21,2015-05-23,2015-10-10
FOODS_3_723,CA_2,2016-05-21,1.6,1.5,11,2015-10-17,2015-12-26
FOODS_3_723,CA_2,2016-05-21,1.6,1.6,21,2016-01-02,2016-05-21
FOODS_3_723,CA_3,2016-05-21,1.6,1.0,6,2015-05-23,2015-12-26
FOODS_3_723,CA_3,2016-05-21,1.6,1.48,19,2015-06-06,2015-10-10
FOODS_3_723,CA_3,2016-05-21,1.6,1.5,7,2015-10-17,2015-11-28
FOODS_3_723,CA_3,2016-05-21,1.6,1.6,21,2016-01-02,2016-05-21
FOODS_3_723,CA_4,2016-05-21,1.6,1.48,21,2015-05-23,2015-10-10
FOODS_3_723,CA_4,2016-05-21,1.6,1.5,11,2015-10-17,2015-12-26
FOODS_3_723,CA_4,2016-05-21,1.6,1.6,21,2016-01-02,2016-05-21
FOODS_3_723,TX_1,2016-05-21,1.5,1.48,21,2015-05-23,2015-10-10
FOODS_3_723,TX_1,2016-05-21,1.5,1.5,32,2015-10-17,2016-05-21
FOODS_3_723,TX_2,2016-05-21,1.5,1.48,21,2015-05-23,2015-10-10
FOODS_3_723,TX_2,2016-05-21,1.5,1.5,32,2015-10-17,2016-05-21
FOODS_3_723,TX_3,2016-05-21,1.5,1.48,21,2015-05-23,2015-10-10
FOODS_3_723,TX_3,2016-05-21,1.5,1.5,32,2015-10-17,2016-05-21
FOODS_3_723,WI_1,2016-05-21,1.5,1.48,21,2015-05-23,2015-10-10
FOODS_3_723,WI_1,2016-05-21,1.5,1.5,32,2015-10-17,2016-05-21
FOODS_3_723,WI_2,2016-05-21,1.5,1.48,22,2015-05-23,2015-10-17
FOODS_3_723,WI_2,2016-05-21,1.5,1.5,31,2015-10-24,2016-05-21
FOODS_3_723,WI_3,2016-05-21,1.5,1.48,24,2015-05-23,2015-10-31
FOODS_3_723,WI_3,2016-05-21,1.5,1.5,29,2015-11-07,2016-05-21
FOODS_3_727,CA_1,2016-05-21,3.98,3.98,16,2016-02-06,2016-05-21
FOODS_3_727,CA_1,2016-05-21,3.98,4.28,24,2015-05-23,2015-10-31
FOODS_3_727,CA_1,2016-05-21,3.98,4.48,13,2015-11-07,2016-01-30
FOODS_3_727,CA_2,2016-05-21,3.98,3.98,16,2016-02-06,2016-05-21
FOODS_3_727,CA_2,2016-05-21,3.98,4.28,21,2015-06-06,2015-10-24
FOODS_3_727,CA_2,2016-05-21,3.98,4.48,14,2015-10-31,2016-01-30
FOODS_3_727,CA_3,2016-05-21,3.98,3.0,5,2015-05-23,2015-09-19
FOODS_3_727,CA_3,2016-05-21,3.98,3.98,16,2016-02-06,2016-05-21
FOODS_3_727,CA_3,2016-05-21,3.98,4.28,19,2015-06-06,2015-10-31
FOODS_3_727,CA_3,2016-05-21,3.98,4.48,13,2015-11-07,2016-01-30
FOODS_3_727,CA_4,2016-05-21,3.98,3.98,16,2016-02-06,2016-05-21
FOODS_3_727,CA_4,2016-05-21,3.98,4.28,23,2015-05-23,2015-10-24
FOODS_3_727,CA_4,2016-05-21,3.98,4.48,14,2015-10-31,2016-01-30
FOODS_3_727,TX_1,2016-05-21,3.98,3.33,23,2015-05-23,2015-10-24
FOODS_3_727,TX_1,2016-05-21,3.98,3.98,16,2016-02-06,2016-05-21
FOODS_3_727,TX_1,2016-05-21,3.98,4.48,14,2015-10-31,2016-01-30
FOODS_3_727,TX_2,2016-05-21,3.98,3.33,23,2015-05-23,2015-10-24
FOODS_3_727,TX_2,2016-05-21,3.98,3.98,16,2016-02-06,2016-05-21
FOODS_3_727,TX_2,2016-05-21,3.98,4.48,14,2015-10-31,2016-01-30
FOODS_3_727,TX_3,2016-05-21,3.98,3.33,37,2015-05-23,2016-01-30
FOODS_3_727,TX_3,2016-05-21,3.98,3.98,16,2016-02-06,2016-05-21
FOODS_3_727,WI_1,2016-05-21,3.98,3.33,24,2015-05-23,2015-10-31
FOODS_3_727,WI_1,2016-05-21,3.98,3.98,16,2016-02-06,2016-05-21
FOODS_3_727,WI_1,2016-05-21,3.98,4.48,13,2015-11-07,2016-01-30
FOODS_3_727,WI_2,2016-05-21,3.98,3.33,24,2015-05-23,2015-10-31
FOODS_3_727,WI_2,2016-05-21,3.98,3.98,16,2016-02-06,2016-05-21
FOODS_3_727,WI_2,2016-05-21,3.98,4.48,13,2015-11-07,2016-01-30
FOODS_3_727,WI_3,2016-05-21,3.98,3.33,24,2015-05-23,2015-10-31
FOODS_3_727,WI_3,2016-05-21,3.98,3.98,16,2016-02-06,2016-05-21
FOODS_3_727,WI_3,2016-05-21,3.98,4.48,13,2015-11-07,2016-01-30
FOODS_3_734,CA_1,2016-05-21,1.78,1.78,53,2015-05-23,2016-05-21
FOODS_3_734,CA_2,2016-05-21,1.78,1.78,53,2015-05-23,2016-05-21
FOODS_3_734,CA_3,2016-05-21,1.78,1.78,53,2015-05-23,2016-05-21
FOODS_3_734,CA_4,2016-05-21,1.78,1.78,53,2015-05-23,2016-05-21
FOODS_3_734,TX_1,2016-05-21,1.78,1.78,53,2015-05-23,2016-05-21
FOODS_3_734,TX_2,2016-05-21,1.78,1.78,53,2015-05-23,2016-05-21
FOODS_3_734,TX_3,2016-05-21,1.78,1.78,53,2015-05-23,2016-05-21
FOODS_3_734,WI_1,2016-05-21,1.78,1.78,53,2015-05-23,2016-05-21
FOODS_3_734,WI_2,2016-05-21,1.78,1.78,53,2015-05-23,2016-05-21
FOODS_3_734,WI_3,2016-05-21,1.78,1.78,53,2015-05-23,2016-05-21
FOODS_3_738,CA_1,2016-05-21,1.6,1.48,21,2015-05-23,2015-10-10
FOODS_3_738,CA_1,2016-05-21,1.6,1.5,11,2015-10-17,2015-12-26
FOODS_3_738,CA_1,2016-05-21,1.6,1.6,21,2016-01-02,2016-05-21
FOODS_3_738,CA_2,2016-05-21,1.6,1.48,21,2015-05-23,2015-10-10
FOODS_3_738,CA_2,2016-05-21,1.6,1.5,11,2015-10-17,2015-12-26
FOODS_3_738,CA_2,2016-05-21,1.6,1.6,21,2016-01-02,2016-05-21
FOODS_3_738,CA_3,2016-05-21,1.6,1.0,8,2015-05-23,2016-01-02
FOODS_3_738,CA_3,2016-05-21,1.6,1.48,18,2015-06-13,2015-10-10
FOODS_3_738,CA_3,2016-05-21,1.6,1.5,7,2015-10-17,2015-11-28
FOODS_3_738,CA_3,2016-05-21,1.6,1.6,20,2016-01-09,2016-05-21
FOODS_3_738,CA_4,2016-05-21,1.6,1.48,21,2015-05-23,2015-10-10
FOODS_3_738,CA_4,2016-05-21,1.6,1.5,11,2015-10-17,2015-12-26
FOODS_3_738,CA_4,2016-05-21,1.6,1.6,21,2016-01-02,2016-05-21
FOODS_3_738,TX_1,2016-05-21,1.5,1.48,21,2015-05-23,2015-10-10
FOODS_3_738,TX_1,2016-05-21,1.5,1.5,32,2015-10-17,2016-05-21
FOODS_3_738,TX_2,2016-05-21,1.5,1.48,21,2015-05-23,2015-10-10
FOODS_3_738,TX_2,2016-05-21,1.5,1.5,32,2015-10-17,2016-05-21
FOODS_3_738,TX_3,2016-05-21,1.5,1.48,21,2015-05-23,2015-10-10
FOODS_3_738,TX_3,2016-05-21,1.5,1.5,31,2015-10-17,2016-05-21
FOODS_3_738,WI_1,2016-05-21,1.5,1.48,20,2015-05-23,2015-10-10
FOODS_3_738,WI_1,2016-05-21,1.5,1.5,32,2015-10-17,2016-05-21
FOODS_3_738,WI_2,2016-05-21,1.5,1.48,22,2015-05-23,2015-10-17
FOODS_3_738,WI_2,2016-05-21,1.5,1.5,31,2015-10-24,2016-05-21
FOODS_3_738,WI_3,2016-05-21,1.5,1.48,24,2015-05-23,2015-10-31
FOODS_3_738,WI_3,2016-05-21,1.5,1.5,29,2015-11-07,2016-05-21
FOODS_3_753,CA_1,2016-05-21,5.44,5.44,47,2015-07-04,2016-05-21
FOODS_3_753,CA_1,2016-05-21,5.44,5.48,6,2015-05-23,2015-06-27
FOODS_3_753,CA_2,2016-05-21,5.44,5.44,47,2015-07-04,2016-05-21
FOODS_3_753,CA_2,2016-05-21,5.44,5.48,6,2015-05-23,2015-06-27
FOODS_3_753,CA_3,2016-05-21,5.44,4.98,6,2015-05-23,2015-06-27
FOODS_3_753,CA_3,2016-05-21,5.44,5.44,47,2015-07-04,2016-05-21
FOODS_3_753,CA_4,2016-05-21,5.44,5.44,47,2015-07-04,2016-05-21
FOODS_3_753,CA_4,2016-05-21,5.44,5.48,6,2015-05-23,2015-06-27
FOODS_3_753,TX_1,2016-05-21,4.68,4.68,1,2016-05-21,2016-05-21
FOODS_3_753,TX_1,2016-05-21,4.68,5.44,46,2015-07-04,2016-05-14
FOODS_3_753,TX_1,2016-05-21,4.68,5.48,6,2015-05-23,2015-06-27
FOODS_3_753,TX_2,2016-05-21,4.68,4.68,1,2016-05-21,2016-05-21
FOODS_3_753,TX_2,2016-05-21,4.68,5.44,46,2015-07-04,2016-05-14
FOODS_3_753,TX_2,2016-05-21,4.68,5.48,6,2015-05-23,2015-06-27
FOODS_3_753,TX_3,2016-05-21,4.68,4.68,1,2016-05-21,2016-05-21
FOODS_3_753,TX_3,2016-05-21,4.68,5.44,45,2015-07-11,2016-05-14
FOODS_3_753,TX_3,2016-05-21,4.68,5.48,7,2015-05-23,2015-07-04
FOODS_3_753,WI_1,2016-05-21,5.44,5.44,47,2015-07-04,2016-05-21
FOODS_3_753,WI_1,2016-05-21,5.44,5.48,6,2015-05-23,2015-06-27
FOODS_3_753,WI_2,2016-05-21,5.44,5.44,47,2015-07-04,2016-05-21
FOODS_3_753,WI_2,2016-05-21,5.44,5.48,6,2015-05-23,2015-06-27
FOODS_3_753,WI_3,2016-05-21,5.44,5.44,46,2015-07-04,2016-05-21
FOODS_3_753,WI_3,2016-05-21,5.44,5.48,6,2015-05-23,2015-06-27
FOODS_3_755,CA_1,2016-05-21,0.94,0.94,40,2015-08-22,2016-05-21
FOODS_3_755,CA_1,2016-05-21,0.94,1.14,13,2015-05-23,2015-08-15
FOODS_3_755,CA_2,2016-05-21,0.94,0.94,40,2015-08-22,2016-05-21
FOODS_3_755,CA_2,2016-05-21,0.94,1.14,13,2015-05-23,2015-08-15
FOODS_3_755,CA_3,2016-05-21,0.94,0.94,43,2015-08-01,2016-05-21
FOODS_3_755,CA_3,2016-05-21,0.94,1.14,10,2015-05-23,2015-07-25
FOODS_3_755,CA_4,2016-05-21,0.94,0.94,40,2015-08-22,2016-05-21
FOODS_3_755,CA_4,2016-05-21,0.94,1.14,13,2015-05-23,2015-08-15
FOODS_3_755,TX_1,2016-05-21,0.94,0.94,40,2015-08-22,2016-05-21
FOODS_3_755,TX_1,2016-05-21,0.94,1.14,13,2015-05-23,2015-08-15
FOODS_3_755,TX_2,2016-05-21,0.94,0.94,39,2015-08-29,2016-05-21
FOODS_3_755,TX_2,2016-05-21,0.94,1.14,14,2015-05-23,2015-08-22
FOODS_3_755,TX_3,2016-05-21,0.94,0.94,40,2015-08-22,2016-05-21
FOODS_3_755,TX_3,2016-05-21,0.94,1.14,13,2015-05-23,2015-08-15
FOODS_3_755,WI_1,2016-05-21,0.94,0.94,40,2015-08-22,2016-05-21
FOODS_3_755,WI_1,2016-05-21,0.94,1.14,13,2015-05-23,2015-08-15
FOODS_3_755,WI_2,2016-05-21,0.94,0.94,40,2015-08-22,2016-05-21
FOODS_3_755,WI_2,2016-05-21,0.94,1.14,13,2015-05-23,2015-08-15
FOODS_3_755,WI_3,2016-05-21,0.94,0.94,40,2015-08-22,2016-05-21
FOODS_3_755,WI_3,2016-05-21,0.94,1.14,13,2015-05-23,2015-08-15
FOODS_3_767,CA_1,2016-05-21,1.0,1.0,53,2015-05-23,2016-05-21
FOODS_3_767,CA_2,2016-05-21,0.88,0.88,7,2016-04-09,2016-05-21
FOODS_3_767,CA_2,2016-05-21,0.88,1.0,46,2015-05-23,2016-04-02
FOODS_3_767,CA_3,2016-05-21,0.88,0.88,16,2015-05-23,2016-05-21
FOODS_3_767,CA_3,2016-05-21,0.88,1.0,37,2015-05-30,2016-03-26
FOODS_3_767,CA_4,2016-05-21,1.0,1.0,53,2015-05-23,2016-05-21
FOODS_3_767,TX_1,2016-05-21,0.94,0.94,52,2015-05-23,2016-05-21
FOODS_3_767,TX_2,2016-05-21,0.94,0.94,53,2015-05-23,2016-05-21
FOODS_3_767,TX_3,2016-05-21,0.94,0.94,53,2015-05-23,2016-05-21
FOODS_3_767,WI_1,2016-05-21,0.94,0.94,53,2015-05-23,2016-05-21
FOODS_3_767,WI_2,2016-05-21,0.94,0.94,53,2015-05-23,2016-05-21
FOODS_3_767,WI_3,2016-05-21,0.94,0.94,53,2015-05-23,2016-05-21
FOODS_3_769,CA_1,2016-05-21,1.25,1.25,16,2016-02-06,2016-05-21
FOODS_3_769,CA_1,2016-05-21,1.25,1.38,37,2015-05-23,2016-01-30
FOODS_3_769,CA_2,2016-05-21,1.25,1.25,16,2016-02-06,2016-05-21
FOODS_3_769,CA_2,2016-05-21,1.25,1.38,37,2015-05-23,2016-01-30
FOODS_3_769,CA_3,2016-05-21,1.25,1.0,12,2015-10-10,2015-12-26
FOODS_3_769,CA_3,2016-05-21,1.25,1.25,16,2016-02-06,2016-05-21
FOODS_3_769,CA_3,2016-05-21,1.25,1.38,25,2015-05-23,2016-01-30
FOODS_3_769,CA_4,2016-05-21,1.25,1.25,16,2016-02-06,2016-05-21
FOODS_3_769,CA_4,2016-05-21,1.25,1.38,37,2015-05-23,2016-01-30
FOODS_3_769,TX_1,2016-05-21,1.25,1.25,16,2016-02-06,2016-05-21
FOODS_3_769,TX_1,2016-05-21,1.25,1.38,37,2015-05-23,2016-01-30
FOODS_3_769,TX_2,2016-05-21,1.25,1.25,16,2016-02-06,2016-05-21
FOODS_3_769,TX_2,2016-05-21,1.25,1.38,37,2015-05-23,2016-01-30
FOODS_3_769,TX_3,2016-05-21,1.25,1.25,16,2016-02-06,2016-05-21
FOODS_3_769,TX_3,2016-05-21,1.25,1.38,37,2015-05-23,2016-01-30
FOODS_3_769,WI_1,2016-05-21,1.25,1.25,16,2016-02-06,2016-05-21
FOODS_3_769,WI_1,2016-05-21,1.25,1.38,37,2015-05-23,2016-01-30
FOODS_3_769,WI_2,2016-05-21,1.25,1.25,16,2016-02-06,2016-05-21
FOODS_3_769,WI_2,2016-05-21,1.25,1.38,37,2015-05-23,2016-01-30
FOODS_3_769,WI_3,2016-05-21,1.25,1.25,16,2016-02-06,2016-05-21
FOODS_3_769,WI_3,2016-05-21,1.25,1.38,37,2015-05-23,2016-01-30
FOODS_3_783,CA_1,2016-05-21,5.44,5.44,47,2015-07-04,2016-05-21
FOODS_3_783,CA_1,2016-05-21,5.44,5.48,6,2015-05-23,2015-06-27
FOODS_3_783,CA_2,2016-05-21,5.44,5.44,47,2015-07-04,2016-05-21
FOODS_3_783,CA_2,2016-05-21,5.44,5.48,6,2015-05-23,2015-06-27
FOODS_3_783,CA_3,2016-05-21,5.44,4.98,6,2015-05-23,2015-06-27
FOODS_3_783,CA_3,2016-05-21,5.44,5.44,47,2015-07-04,2016-05-21
FOODS_3_783,CA_4,2016-05-21,5.44,5.44,47,2015-07-04,2016-05-21
FOODS_3_783,CA_4,2016-05-21,5.44,5.48,6,2015-05-23,2015-06-27
FOODS_3_783,TX_1,2016-05-21,4.68,4.68,1,2016-05-21,2016-05-21
FOODS_3_783,TX_1,2016-05-21,4.68,5.44,46,2015-07-04,2016-05-14
FOODS_3_783,TX_1,2016-05-21,4.68,5.48,6,2015-05-23,2015-06-27
FOODS_3_783,TX_2,2016-05-21,4.68,4.68,1,2016-05-21,2016-05-21
FOODS_3_783,TX_2,2016-05-21,4.68,5.44,46,2015-07-04,2016-05-14
FOODS_3_783,TX_2,2016-05-21,4.68,5.48,6,2015-05-23,2015-06-27
FOODS_3_783,TX_3,2016-05-21,4.68,4.68,1,2016-05-21,2016-05-21
FOODS_3_783,TX_3,2016-05-21,4.68,5.44,45,2015-07-11,2016-05-14
FOODS_3_783,TX_3,2016-05-21,4.68,5.48,7,2015-05-23,2015-07-04
FOODS_3_783,WI_1,2016-05-21,5.44,5.44,47,2015-07-04,2016-05-21
FOODS_3_783,WI_1,2016-05-21,5.44,5.48,6,2015-05-23,2015-06-27
FOODS_3_783,WI_2,2016-05-21,5.44,5.44,47,2015-07-04,2016-05-21
FOODS_3_783,WI_2,2016-05-21,5.44,5.48,6,2015-05-23,2015-06-27
FOODS_3_783,WI_3,2016-05-21,5.44,5.44,47,2015-07-04,2016-05-21
FOODS_3_783,WI_3,2016-05-21,5.44,5.48,6,2015-05-23,2015-06-27
FOODS_3_785,CA_1,2016-05-21,3.0,3.0,53,2015-05-23,2016-05-21
FOODS_3_785,CA_2,2016-05-21,3.0,2.5,6,2016-03-05,2016-04-09
FOODS_3_785,CA_2,2016-05-21,3.0,3.0,47,2015-05-23,2016-05-21
FOODS_3_785,CA_3,2016-05-21,3.0,2.5,16,2015-07-11,2016-04-09
FOODS_3_785,CA_3,2016-05-21,3.0,3.0,37,2015-05-23,2016-05-21
FOODS_3_785,CA_4,2016-05-21,3.0,3.0,53,2015-05-23,2016-05-21
FOODS_3_785,TX_1,2016-05-21,3.0,2.5,4,2015-10-10,2015-10-31
FOODS_3_785,TX_1,2016-05-21,3.0,3.0,48,2015-05-23,2016-05-21
FOODS_3_785,TX_2,2016-05-21,3.0,2.5,5,2015-10-10,2015-11-07
FOODS_3_785,TX_2,2016-05-21,3.0,3.0,48,2015-05-23,2016-05-21
FOODS_3_785,TX_3,2016-05-21,3.0,2.5,5,2015-10-10,2015-11-07
FOODS_3_785,TX_3,2016-05-21,3.0,3.0,48,2015-05-23,2016-05-21
FOODS_3_785,WI_1,2016-05-21,3.0,3.0,53,2015-05-23,2016-05-21
FOODS_3_785,WI_2,2016-05-21,3.0,3.0,53,2015-05-23,2016-05-21
FOODS_3_785,WI_3,2016-05-21,3.0,3.0,53,2015-05-23,2016-05-21
FOODS_3_808,CA_1,2016-05-21,1.0,1.0,53,2015-05-23,2016-05-21
FOODS_3_808,CA_2,2016-05-21,0.88,0.88,7,2016-04-09,2016-05-21
FOODS_3_808,CA_2,2016-05-21,0.88,1.0,46,2015-05-23,2016-04-02
FOODS_3_808,CA_3,2016-05-21,0.88,0.88,20,2015-05-23,2016-05-21
FOODS_3_808,CA_3,2016-05-21,0.88,1.0,33,2015-05-30,2016-03-26
FOODS_3_808,CA_4,2016-05-21,1.0,1.0,53,2015-05-23,2016-05-21
FOODS_3_808,TX_1,2016-05-21,1.0,0.94,32,2015-05-23,2015-12-26
FOODS_3_808,TX_1,2016-05-21,1.0,1.0,20,2016-01-02,2016-05-21
FOODS_3_808,TX_2,2016-05-21,1.0,0.94,32,2015-05-23,2015-12-26
FOODS_3_808,TX_2,2016-05-21,1.0,1.0,21,2016-01-02,2016-05-21
FOODS_3_808,TX_3,2016-05-21,1.0,0.94,33,2015-05-23,2016-01-02
FOODS_3_808,TX_3,2016-05-21,1.0,1.0,20,2016-01-09,2016-05-21
FOODS_3_808,WI_1,2016-05-21,0.94,0.94,53,2015-05-23,2016-05-21
FOODS_3_808,WI_2,2016-05-21,0.94,0.94,53,2015-05-23,2016-05-21
FOODS_3_808,WI_3,2016-05-21,0.94,0.94,53,2015-05-23,2016-05-21
FOODS_3_822,CA_1,2016-05-21,3.98,3.98,16,2016-02-06,2016-05-21
FOODS_3_822,CA_1,2016-05-21,3.98,4.28,23,2015-05-23,2015-10-24
FOODS_3_822,CA_1,2016-05-21,3.98,4.48,14,2015-10-31,2016-01-30
FOODS_3_822,CA_2,2016-05-21,3.98,3.98,16,2016-02-06,2016-05-21
FOODS_3_822,CA_2,2016-05-21,3.98,4.28,23,2015-05-23,2015-10-24
FOODS_3_822,CA_2,2016-05-21,3.98,4.48,14,2015-10-31,2016-01-30
FOODS_3_822,CA_3,2016-05-21,3.98,3.0,5,2015-05-23,2015-09-19
FOODS_3_822,CA_3,2016-05-21,3.98,3.98,16,2016-02-06,2016-05-21
FOODS_3_822,CA_3,2016-05-21,3.98,4.28,19,2015-06-06,2015-10-31
FOODS_3_822,CA_3,2016-05-21,3.98,4.48,13,2015-11-07,2016-01-30
FOODS_3_822,CA_4,2016-05-21,3.98,3.98,16,2016-02-06,2016-05-21
FOODS_3_822,CA_4,2016-05-21,3.98,4.28,24,2015-05-23,2015-10-31
FOODS_3_822,CA_4,2016-05-21,3.98,4.48,13,2015-11-07,2016-01-30
FOODS_3_822,TX_1,2016-05-21,3.98,3.98,13,2016-02-06,2016-05-21
FOODS_3_822,TX_1,2016-05-21,3.98,4.28,23,2015-05-23,2015-10-24
FOODS_3_822,TX_1,2016-05-21,3.98,4.48,14,2015-10-31,2016-01-30
FOODS_3_822,TX_2,2016-05-21,3.98,2.5,5,2015-07-25,2015-09-19
FOODS_3_822,TX_2,2016-05-21,3.98,3.98,15,2016-02-06,2016-05-21
FOODS_3_822,TX_2,2016-05-21,3.98,4.28,15,2015-06-06,2015-10-24
FOODS_3_822,TX_2,2016-05-21,3.98,4.48,13,2015-10-31,2016-01-30
FOODS_3_822,TX_3,2016-05-21,3.98,3.98,15,2016-02-13,2016-05-21
FOODS_3_822,TX_3,2016-05-21,3.98,4.28,21,2015-05-23,2015-10-24
FOODS_3_822,TX_3,2016-05-21,3.98,4.48,14,2015-10-31,2016-01-30
FOODS_3_822,WI_1,2016-05-21,3.98,3.98,16,2016-02-06,2016-05-21
FOODS_3_822,WI_1,2016-05-21,3.98,4.28,23,2015-05-23,2015-10-24
FOODS_3_822,WI_1,2016-05-21,3.98,4.48,14,2015-10-31,2016-01-30
FOODS_3_822,WI_2,2016-05-21,3.98,3.98,16,2016-02-06,2016-05-21
FOODS_3_822,WI_2,2016-05-21,3.98,4.28,23,2015-05-23,2015-10-24
FOODS_3_822,WI_2,2016-05-21,3.98,4.48,14,2015-10-31,2016-01-30
FOODS_3_822,WI_3,2016-05-21,3.98,3.98,16,2016-02-06,2016-05-21
FOODS_3_822,WI_3,2016-05-21,3.98,4.28,24,2015-05-23,2015-10-31
FOODS_3_822,WI_3,2016-05-21,3.98,4.48,13,2015-11-07,2016-01-30
